[2026-03-24 11:42:06,462: INFO: common: yaml file: config\config.yaml loaded successfully]
[2026-03-24 11:46:14,718: INFO: common: yaml file: config\config.yaml loaded successfully]
[2026-03-24 11:47:20,703: INFO: common: yaml file: config\config.yaml loaded successfully]
[2026-03-24 11:49:12,295: INFO: common: yaml file: config\config.yaml loaded successfully]
[2026-03-24 11:55:03,559: INFO: common: yaml file: config\config.yaml loaded successfully]
[2026-03-24 11:55:04,008: INFO: _client: HTTP Request: GET http://10.192.5.51:8000/api/v2/auth/identity "HTTP/1.1 200 OK"]
[2026-03-24 11:55:04,053: INFO: _client: HTTP Request: GET http://10.192.5.51:8000/api/v2/tenants/default_tenant "HTTP/1.1 200 OK"]
[2026-03-24 11:55:04,069: INFO: _client: HTTP Request: GET http://10.192.5.51:8000/api/v2/tenants/default_tenant/databases/default_database "HTTP/1.1 200 OK"]
[2026-03-24 11:55:10,054: ERROR: _plugin_wrapping: AuthMetadataPluginCallback "<google.auth.transport.grpc.AuthMetadataPlugin object at 0x00000278544F4710>" raised exception!]
Traceback (most recent call last):
  File "c:\Users\101373\AppData\Local\anaconda3\envs\nemo_env\Lib\site-packages\grpc\_plugin_wrapping.py", line 105, in __call__
    self._metadata_plugin(
  File "c:\Users\101373\AppData\Local\anaconda3\envs\nemo_env\Lib\site-packages\google\auth\transport\grpc.py", line 93, in __call__
    callback(self._get_authorization_headers(context), None)
             ^^^^^^^^^^^^^^^^^^^^^^^^^^^^^^^^^^^^^^^^
  File "c:\Users\101373\AppData\Local\anaconda3\envs\nemo_env\Lib\site-packages\google\auth\transport\grpc.py", line 79, in _get_authorization_headers
    self._credentials.before_request(
  File "c:\Users\101373\AppData\Local\anaconda3\envs\nemo_env\Lib\site-packages\google\auth\credentials.py", line 230, in before_request
    self._blocking_refresh(request)
  File "c:\Users\101373\AppData\Local\anaconda3\envs\nemo_env\Lib\site-packages\google\auth\credentials.py", line 193, in _blocking_refresh
    self.refresh(request)
  File "c:\Users\101373\AppData\Local\anaconda3\envs\nemo_env\Lib\site-packages\google\oauth2\credentials.py", line 412, in refresh
    ) = reauth.refresh_grant(
        ^^^^^^^^^^^^^^^^^^^^^
  File "c:\Users\101373\AppData\Local\anaconda3\envs\nemo_env\Lib\site-packages\google\oauth2\reauth.py", line 353, in refresh_grant
    raise exceptions.RefreshError(
google.auth.exceptions.RefreshError: Reauthentication is needed. Please run `gcloud auth application-default login` to reauthenticate.
[2026-03-24 11:55:10,350: ERROR: _plugin_wrapping: AuthMetadataPluginCallback "<google.auth.transport.grpc.AuthMetadataPlugin object at 0x00000278544F4710>" raised exception!]
Traceback (most recent call last):
  File "c:\Users\101373\AppData\Local\anaconda3\envs\nemo_env\Lib\site-packages\grpc\_plugin_wrapping.py", line 105, in __call__
    self._metadata_plugin(
  File "c:\Users\101373\AppData\Local\anaconda3\envs\nemo_env\Lib\site-packages\google\auth\transport\grpc.py", line 93, in __call__
    callback(self._get_authorization_headers(context), None)
             ^^^^^^^^^^^^^^^^^^^^^^^^^^^^^^^^^^^^^^^^
  File "c:\Users\101373\AppData\Local\anaconda3\envs\nemo_env\Lib\site-packages\google\auth\transport\grpc.py", line 79, in _get_authorization_headers
    self._credentials.before_request(
  File "c:\Users\101373\AppData\Local\anaconda3\envs\nemo_env\Lib\site-packages\google\auth\credentials.py", line 230, in before_request
    self._blocking_refresh(request)
  File "c:\Users\101373\AppData\Local\anaconda3\envs\nemo_env\Lib\site-packages\google\auth\credentials.py", line 193, in _blocking_refresh
    self.refresh(request)
  File "c:\Users\101373\AppData\Local\anaconda3\envs\nemo_env\Lib\site-packages\google\oauth2\credentials.py", line 412, in refresh
    ) = reauth.refresh_grant(
        ^^^^^^^^^^^^^^^^^^^^^
  File "c:\Users\101373\AppData\Local\anaconda3\envs\nemo_env\Lib\site-packages\google\oauth2\reauth.py", line 353, in refresh_grant
    raise exceptions.RefreshError(
google.auth.exceptions.RefreshError: Reauthentication is needed. Please run `gcloud auth application-default login` to reauthenticate.
[2026-03-24 11:55:10,653: ERROR: _plugin_wrapping: AuthMetadataPluginCallback "<google.auth.transport.grpc.AuthMetadataPlugin object at 0x00000278544F4710>" raised exception!]
Traceback (most recent call last):
  File "c:\Users\101373\AppData\Local\anaconda3\envs\nemo_env\Lib\site-packages\grpc\_plugin_wrapping.py", line 105, in __call__
    self._metadata_plugin(
  File "c:\Users\101373\AppData\Local\anaconda3\envs\nemo_env\Lib\site-packages\google\auth\transport\grpc.py", line 93, in __call__
    callback(self._get_authorization_headers(context), None)
             ^^^^^^^^^^^^^^^^^^^^^^^^^^^^^^^^^^^^^^^^
  File "c:\Users\101373\AppData\Local\anaconda3\envs\nemo_env\Lib\site-packages\google\auth\transport\grpc.py", line 79, in _get_authorization_headers
    self._credentials.before_request(
  File "c:\Users\101373\AppData\Local\anaconda3\envs\nemo_env\Lib\site-packages\google\auth\credentials.py", line 230, in before_request
    self._blocking_refresh(request)
  File "c:\Users\101373\AppData\Local\anaconda3\envs\nemo_env\Lib\site-packages\google\auth\credentials.py", line 193, in _blocking_refresh
    self.refresh(request)
  File "c:\Users\101373\AppData\Local\anaconda3\envs\nemo_env\Lib\site-packages\google\oauth2\credentials.py", line 412, in refresh
    ) = reauth.refresh_grant(
        ^^^^^^^^^^^^^^^^^^^^^
  File "c:\Users\101373\AppData\Local\anaconda3\envs\nemo_env\Lib\site-packages\google\oauth2\reauth.py", line 353, in refresh_grant
    raise exceptions.RefreshError(
google.auth.exceptions.RefreshError: Reauthentication is needed. Please run `gcloud auth application-default login` to reauthenticate.
[2026-03-24 11:55:11,068: ERROR: _plugin_wrapping: AuthMetadataPluginCallback "<google.auth.transport.grpc.AuthMetadataPlugin object at 0x00000278544F4710>" raised exception!]
Traceback (most recent call last):
  File "c:\Users\101373\AppData\Local\anaconda3\envs\nemo_env\Lib\site-packages\grpc\_plugin_wrapping.py", line 105, in __call__
    self._metadata_plugin(
  File "c:\Users\101373\AppData\Local\anaconda3\envs\nemo_env\Lib\site-packages\google\auth\transport\grpc.py", line 93, in __call__
    callback(self._get_authorization_headers(context), None)
             ^^^^^^^^^^^^^^^^^^^^^^^^^^^^^^^^^^^^^^^^
  File "c:\Users\101373\AppData\Local\anaconda3\envs\nemo_env\Lib\site-packages\google\auth\transport\grpc.py", line 79, in _get_authorization_headers
    self._credentials.before_request(
  File "c:\Users\101373\AppData\Local\anaconda3\envs\nemo_env\Lib\site-packages\google\auth\credentials.py", line 230, in before_request
    self._blocking_refresh(request)
  File "c:\Users\101373\AppData\Local\anaconda3\envs\nemo_env\Lib\site-packages\google\auth\credentials.py", line 193, in _blocking_refresh
    self.refresh(request)
  File "c:\Users\101373\AppData\Local\anaconda3\envs\nemo_env\Lib\site-packages\google\oauth2\credentials.py", line 412, in refresh
    ) = reauth.refresh_grant(
        ^^^^^^^^^^^^^^^^^^^^^
  File "c:\Users\101373\AppData\Local\anaconda3\envs\nemo_env\Lib\site-packages\google\oauth2\reauth.py", line 353, in refresh_grant
    raise exceptions.RefreshError(
google.auth.exceptions.RefreshError: Reauthentication is needed. Please run `gcloud auth application-default login` to reauthenticate.
[2026-03-24 11:55:11,369: ERROR: _plugin_wrapping: AuthMetadataPluginCallback "<google.auth.transport.grpc.AuthMetadataPlugin object at 0x00000278544F4710>" raised exception!]
Traceback (most recent call last):
  File "c:\Users\101373\AppData\Local\anaconda3\envs\nemo_env\Lib\site-packages\grpc\_plugin_wrapping.py", line 105, in __call__
    self._metadata_plugin(
  File "c:\Users\101373\AppData\Local\anaconda3\envs\nemo_env\Lib\site-packages\google\auth\transport\grpc.py", line 93, in __call__
    callback(self._get_authorization_headers(context), None)
             ^^^^^^^^^^^^^^^^^^^^^^^^^^^^^^^^^^^^^^^^
  File "c:\Users\101373\AppData\Local\anaconda3\envs\nemo_env\Lib\site-packages\google\auth\transport\grpc.py", line 79, in _get_authorization_headers
    self._credentials.before_request(
  File "c:\Users\101373\AppData\Local\anaconda3\envs\nemo_env\Lib\site-packages\google\auth\credentials.py", line 230, in before_request
    self._blocking_refresh(request)
  File "c:\Users\101373\AppData\Local\anaconda3\envs\nemo_env\Lib\site-packages\google\auth\credentials.py", line 193, in _blocking_refresh
    self.refresh(request)
  File "c:\Users\101373\AppData\Local\anaconda3\envs\nemo_env\Lib\site-packages\google\oauth2\credentials.py", line 412, in refresh
    ) = reauth.refresh_grant(
        ^^^^^^^^^^^^^^^^^^^^^
  File "c:\Users\101373\AppData\Local\anaconda3\envs\nemo_env\Lib\site-packages\google\oauth2\reauth.py", line 353, in refresh_grant
    raise exceptions.RefreshError(
google.auth.exceptions.RefreshError: Reauthentication is needed. Please run `gcloud auth application-default login` to reauthenticate.
[2026-03-24 11:55:11,788: ERROR: _plugin_wrapping: AuthMetadataPluginCallback "<google.auth.transport.grpc.AuthMetadataPlugin object at 0x00000278544F4710>" raised exception!]
Traceback (most recent call last):
  File "c:\Users\101373\AppData\Local\anaconda3\envs\nemo_env\Lib\site-packages\grpc\_plugin_wrapping.py", line 105, in __call__
    self._metadata_plugin(
  File "c:\Users\101373\AppData\Local\anaconda3\envs\nemo_env\Lib\site-packages\google\auth\transport\grpc.py", line 93, in __call__
    callback(self._get_authorization_headers(context), None)
             ^^^^^^^^^^^^^^^^^^^^^^^^^^^^^^^^^^^^^^^^
  File "c:\Users\101373\AppData\Local\anaconda3\envs\nemo_env\Lib\site-packages\google\auth\transport\grpc.py", line 79, in _get_authorization_headers
    self._credentials.before_request(
  File "c:\Users\101373\AppData\Local\anaconda3\envs\nemo_env\Lib\site-packages\google\auth\credentials.py", line 230, in before_request
    self._blocking_refresh(request)
  File "c:\Users\101373\AppData\Local\anaconda3\envs\nemo_env\Lib\site-packages\google\auth\credentials.py", line 193, in _blocking_refresh
    self.refresh(request)
  File "c:\Users\101373\AppData\Local\anaconda3\envs\nemo_env\Lib\site-packages\google\oauth2\credentials.py", line 412, in refresh
    ) = reauth.refresh_grant(
        ^^^^^^^^^^^^^^^^^^^^^
  File "c:\Users\101373\AppData\Local\anaconda3\envs\nemo_env\Lib\site-packages\google\oauth2\reauth.py", line 353, in refresh_grant
    raise exceptions.RefreshError(
google.auth.exceptions.RefreshError: Reauthentication is needed. Please run `gcloud auth application-default login` to reauthenticate.
[2026-03-24 11:55:12,390: ERROR: _plugin_wrapping: AuthMetadataPluginCallback "<google.auth.transport.grpc.AuthMetadataPlugin object at 0x00000278544F4710>" raised exception!]
Traceback (most recent call last):
  File "c:\Users\101373\AppData\Local\anaconda3\envs\nemo_env\Lib\site-packages\grpc\_plugin_wrapping.py", line 105, in __call__
    self._metadata_plugin(
  File "c:\Users\101373\AppData\Local\anaconda3\envs\nemo_env\Lib\site-packages\google\auth\transport\grpc.py", line 93, in __call__
    callback(self._get_authorization_headers(context), None)
             ^^^^^^^^^^^^^^^^^^^^^^^^^^^^^^^^^^^^^^^^
  File "c:\Users\101373\AppData\Local\anaconda3\envs\nemo_env\Lib\site-packages\google\auth\transport\grpc.py", line 79, in _get_authorization_headers
    self._credentials.before_request(
  File "c:\Users\101373\AppData\Local\anaconda3\envs\nemo_env\Lib\site-packages\google\auth\credentials.py", line 230, in before_request
    self._blocking_refresh(request)
  File "c:\Users\101373\AppData\Local\anaconda3\envs\nemo_env\Lib\site-packages\google\auth\credentials.py", line 193, in _blocking_refresh
    self.refresh(request)
  File "c:\Users\101373\AppData\Local\anaconda3\envs\nemo_env\Lib\site-packages\google\oauth2\credentials.py", line 412, in refresh
    ) = reauth.refresh_grant(
        ^^^^^^^^^^^^^^^^^^^^^
  File "c:\Users\101373\AppData\Local\anaconda3\envs\nemo_env\Lib\site-packages\google\oauth2\reauth.py", line 353, in refresh_grant
    raise exceptions.RefreshError(
google.auth.exceptions.RefreshError: Reauthentication is needed. Please run `gcloud auth application-default login` to reauthenticate.
[2026-03-24 11:55:12,872: ERROR: _plugin_wrapping: AuthMetadataPluginCallback "<google.auth.transport.grpc.AuthMetadataPlugin object at 0x00000278544F4710>" raised exception!]
Traceback (most recent call last):
  File "c:\Users\101373\AppData\Local\anaconda3\envs\nemo_env\Lib\site-packages\grpc\_plugin_wrapping.py", line 105, in __call__
    self._metadata_plugin(
  File "c:\Users\101373\AppData\Local\anaconda3\envs\nemo_env\Lib\site-packages\google\auth\transport\grpc.py", line 93, in __call__
    callback(self._get_authorization_headers(context), None)
             ^^^^^^^^^^^^^^^^^^^^^^^^^^^^^^^^^^^^^^^^
  File "c:\Users\101373\AppData\Local\anaconda3\envs\nemo_env\Lib\site-packages\google\auth\transport\grpc.py", line 79, in _get_authorization_headers
    self._credentials.before_request(
  File "c:\Users\101373\AppData\Local\anaconda3\envs\nemo_env\Lib\site-packages\google\auth\credentials.py", line 230, in before_request
    self._blocking_refresh(request)
  File "c:\Users\101373\AppData\Local\anaconda3\envs\nemo_env\Lib\site-packages\google\auth\credentials.py", line 193, in _blocking_refresh
    self.refresh(request)
  File "c:\Users\101373\AppData\Local\anaconda3\envs\nemo_env\Lib\site-packages\google\oauth2\credentials.py", line 412, in refresh
    ) = reauth.refresh_grant(
        ^^^^^^^^^^^^^^^^^^^^^
  File "c:\Users\101373\AppData\Local\anaconda3\envs\nemo_env\Lib\site-packages\google\oauth2\reauth.py", line 353, in refresh_grant
    raise exceptions.RefreshError(
google.auth.exceptions.RefreshError: Reauthentication is needed. Please run `gcloud auth application-default login` to reauthenticate.
[2026-03-24 11:55:13,625: ERROR: _plugin_wrapping: AuthMetadataPluginCallback "<google.auth.transport.grpc.AuthMetadataPlugin object at 0x00000278544F4710>" raised exception!]
Traceback (most recent call last):
  File "c:\Users\101373\AppData\Local\anaconda3\envs\nemo_env\Lib\site-packages\grpc\_plugin_wrapping.py", line 105, in __call__
    self._metadata_plugin(
  File "c:\Users\101373\AppData\Local\anaconda3\envs\nemo_env\Lib\site-packages\google\auth\transport\grpc.py", line 93, in __call__
    callback(self._get_authorization_headers(context), None)
             ^^^^^^^^^^^^^^^^^^^^^^^^^^^^^^^^^^^^^^^^
  File "c:\Users\101373\AppData\Local\anaconda3\envs\nemo_env\Lib\site-packages\google\auth\transport\grpc.py", line 79, in _get_authorization_headers
    self._credentials.before_request(
  File "c:\Users\101373\AppData\Local\anaconda3\envs\nemo_env\Lib\site-packages\google\auth\credentials.py", line 230, in before_request
    self._blocking_refresh(request)
  File "c:\Users\101373\AppData\Local\anaconda3\envs\nemo_env\Lib\site-packages\google\auth\credentials.py", line 193, in _blocking_refresh
    self.refresh(request)
  File "c:\Users\101373\AppData\Local\anaconda3\envs\nemo_env\Lib\site-packages\google\oauth2\credentials.py", line 412, in refresh
    ) = reauth.refresh_grant(
        ^^^^^^^^^^^^^^^^^^^^^
  File "c:\Users\101373\AppData\Local\anaconda3\envs\nemo_env\Lib\site-packages\google\oauth2\reauth.py", line 353, in refresh_grant
    raise exceptions.RefreshError(
google.auth.exceptions.RefreshError: Reauthentication is needed. Please run `gcloud auth application-default login` to reauthenticate.
[2026-03-24 11:55:14,536: ERROR: _plugin_wrapping: AuthMetadataPluginCallback "<google.auth.transport.grpc.AuthMetadataPlugin object at 0x00000278544F4710>" raised exception!]
Traceback (most recent call last):
  File "c:\Users\101373\AppData\Local\anaconda3\envs\nemo_env\Lib\site-packages\grpc\_plugin_wrapping.py", line 105, in __call__
    self._metadata_plugin(
  File "c:\Users\101373\AppData\Local\anaconda3\envs\nemo_env\Lib\site-packages\google\auth\transport\grpc.py", line 93, in __call__
    callback(self._get_authorization_headers(context), None)
             ^^^^^^^^^^^^^^^^^^^^^^^^^^^^^^^^^^^^^^^^
  File "c:\Users\101373\AppData\Local\anaconda3\envs\nemo_env\Lib\site-packages\google\auth\transport\grpc.py", line 79, in _get_authorization_headers
    self._credentials.before_request(
  File "c:\Users\101373\AppData\Local\anaconda3\envs\nemo_env\Lib\site-packages\google\auth\credentials.py", line 230, in before_request
    self._blocking_refresh(request)
  File "c:\Users\101373\AppData\Local\anaconda3\envs\nemo_env\Lib\site-packages\google\auth\credentials.py", line 193, in _blocking_refresh
    self.refresh(request)
  File "c:\Users\101373\AppData\Local\anaconda3\envs\nemo_env\Lib\site-packages\google\oauth2\credentials.py", line 412, in refresh
    ) = reauth.refresh_grant(
        ^^^^^^^^^^^^^^^^^^^^^
  File "c:\Users\101373\AppData\Local\anaconda3\envs\nemo_env\Lib\site-packages\google\oauth2\reauth.py", line 353, in refresh_grant
    raise exceptions.RefreshError(
google.auth.exceptions.RefreshError: Reauthentication is needed. Please run `gcloud auth application-default login` to reauthenticate.
[2026-03-24 11:55:15,267: ERROR: _plugin_wrapping: AuthMetadataPluginCallback "<google.auth.transport.grpc.AuthMetadataPlugin object at 0x00000278544F4710>" raised exception!]
Traceback (most recent call last):
  File "c:\Users\101373\AppData\Local\anaconda3\envs\nemo_env\Lib\site-packages\grpc\_plugin_wrapping.py", line 105, in __call__
    self._metadata_plugin(
  File "c:\Users\101373\AppData\Local\anaconda3\envs\nemo_env\Lib\site-packages\google\auth\transport\grpc.py", line 93, in __call__
    callback(self._get_authorization_headers(context), None)
             ^^^^^^^^^^^^^^^^^^^^^^^^^^^^^^^^^^^^^^^^
  File "c:\Users\101373\AppData\Local\anaconda3\envs\nemo_env\Lib\site-packages\google\auth\transport\grpc.py", line 79, in _get_authorization_headers
    self._credentials.before_request(
  File "c:\Users\101373\AppData\Local\anaconda3\envs\nemo_env\Lib\site-packages\google\auth\credentials.py", line 230, in before_request
    self._blocking_refresh(request)
  File "c:\Users\101373\AppData\Local\anaconda3\envs\nemo_env\Lib\site-packages\google\auth\credentials.py", line 193, in _blocking_refresh
    self.refresh(request)
  File "c:\Users\101373\AppData\Local\anaconda3\envs\nemo_env\Lib\site-packages\google\oauth2\credentials.py", line 412, in refresh
    ) = reauth.refresh_grant(
        ^^^^^^^^^^^^^^^^^^^^^
  File "c:\Users\101373\AppData\Local\anaconda3\envs\nemo_env\Lib\site-packages\google\oauth2\reauth.py", line 353, in refresh_grant
    raise exceptions.RefreshError(
google.auth.exceptions.RefreshError: Reauthentication is needed. Please run `gcloud auth application-default login` to reauthenticate.
[2026-03-24 11:55:16,189: ERROR: _plugin_wrapping: AuthMetadataPluginCallback "<google.auth.transport.grpc.AuthMetadataPlugin object at 0x00000278544F4710>" raised exception!]
Traceback (most recent call last):
  File "c:\Users\101373\AppData\Local\anaconda3\envs\nemo_env\Lib\site-packages\grpc\_plugin_wrapping.py", line 105, in __call__
    self._metadata_plugin(
  File "c:\Users\101373\AppData\Local\anaconda3\envs\nemo_env\Lib\site-packages\google\auth\transport\grpc.py", line 93, in __call__
    callback(self._get_authorization_headers(context), None)
             ^^^^^^^^^^^^^^^^^^^^^^^^^^^^^^^^^^^^^^^^
  File "c:\Users\101373\AppData\Local\anaconda3\envs\nemo_env\Lib\site-packages\google\auth\transport\grpc.py", line 79, in _get_authorization_headers
    self._credentials.before_request(
  File "c:\Users\101373\AppData\Local\anaconda3\envs\nemo_env\Lib\site-packages\google\auth\credentials.py", line 230, in before_request
    self._blocking_refresh(request)
  File "c:\Users\101373\AppData\Local\anaconda3\envs\nemo_env\Lib\site-packages\google\auth\credentials.py", line 193, in _blocking_refresh
    self.refresh(request)
  File "c:\Users\101373\AppData\Local\anaconda3\envs\nemo_env\Lib\site-packages\google\oauth2\credentials.py", line 412, in refresh
    ) = reauth.refresh_grant(
        ^^^^^^^^^^^^^^^^^^^^^
  File "c:\Users\101373\AppData\Local\anaconda3\envs\nemo_env\Lib\site-packages\google\oauth2\reauth.py", line 353, in refresh_grant
    raise exceptions.RefreshError(
google.auth.exceptions.RefreshError: Reauthentication is needed. Please run `gcloud auth application-default login` to reauthenticate.
[2026-03-24 11:55:16,903: ERROR: _plugin_wrapping: AuthMetadataPluginCallback "<google.auth.transport.grpc.AuthMetadataPlugin object at 0x00000278544F4710>" raised exception!]
Traceback (most recent call last):
  File "c:\Users\101373\AppData\Local\anaconda3\envs\nemo_env\Lib\site-packages\grpc\_plugin_wrapping.py", line 105, in __call__
    self._metadata_plugin(
  File "c:\Users\101373\AppData\Local\anaconda3\envs\nemo_env\Lib\site-packages\google\auth\transport\grpc.py", line 93, in __call__
    callback(self._get_authorization_headers(context), None)
             ^^^^^^^^^^^^^^^^^^^^^^^^^^^^^^^^^^^^^^^^
  File "c:\Users\101373\AppData\Local\anaconda3\envs\nemo_env\Lib\site-packages\google\auth\transport\grpc.py", line 79, in _get_authorization_headers
    self._credentials.before_request(
  File "c:\Users\101373\AppData\Local\anaconda3\envs\nemo_env\Lib\site-packages\google\auth\credentials.py", line 230, in before_request
    self._blocking_refresh(request)
  File "c:\Users\101373\AppData\Local\anaconda3\envs\nemo_env\Lib\site-packages\google\auth\credentials.py", line 193, in _blocking_refresh
    self.refresh(request)
  File "c:\Users\101373\AppData\Local\anaconda3\envs\nemo_env\Lib\site-packages\google\oauth2\credentials.py", line 412, in refresh
    ) = reauth.refresh_grant(
        ^^^^^^^^^^^^^^^^^^^^^
  File "c:\Users\101373\AppData\Local\anaconda3\envs\nemo_env\Lib\site-packages\google\oauth2\reauth.py", line 353, in refresh_grant
    raise exceptions.RefreshError(
google.auth.exceptions.RefreshError: Reauthentication is needed. Please run `gcloud auth application-default login` to reauthenticate.
[2026-03-24 11:55:18,220: ERROR: _plugin_wrapping: AuthMetadataPluginCallback "<google.auth.transport.grpc.AuthMetadataPlugin object at 0x00000278544F4710>" raised exception!]
Traceback (most recent call last):
  File "c:\Users\101373\AppData\Local\anaconda3\envs\nemo_env\Lib\site-packages\grpc\_plugin_wrapping.py", line 105, in __call__
    self._metadata_plugin(
  File "c:\Users\101373\AppData\Local\anaconda3\envs\nemo_env\Lib\site-packages\google\auth\transport\grpc.py", line 93, in __call__
    callback(self._get_authorization_headers(context), None)
             ^^^^^^^^^^^^^^^^^^^^^^^^^^^^^^^^^^^^^^^^
  File "c:\Users\101373\AppData\Local\anaconda3\envs\nemo_env\Lib\site-packages\google\auth\transport\grpc.py", line 79, in _get_authorization_headers
    self._credentials.before_request(
  File "c:\Users\101373\AppData\Local\anaconda3\envs\nemo_env\Lib\site-packages\google\auth\credentials.py", line 230, in before_request
    self._blocking_refresh(request)
  File "c:\Users\101373\AppData\Local\anaconda3\envs\nemo_env\Lib\site-packages\google\auth\credentials.py", line 193, in _blocking_refresh
    self.refresh(request)
  File "c:\Users\101373\AppData\Local\anaconda3\envs\nemo_env\Lib\site-packages\google\oauth2\credentials.py", line 412, in refresh
    ) = reauth.refresh_grant(
        ^^^^^^^^^^^^^^^^^^^^^
  File "c:\Users\101373\AppData\Local\anaconda3\envs\nemo_env\Lib\site-packages\google\oauth2\reauth.py", line 353, in refresh_grant
    raise exceptions.RefreshError(
google.auth.exceptions.RefreshError: Reauthentication is needed. Please run `gcloud auth application-default login` to reauthenticate.
[2026-03-24 11:55:19,060: ERROR: _plugin_wrapping: AuthMetadataPluginCallback "<google.auth.transport.grpc.AuthMetadataPlugin object at 0x00000278544F4710>" raised exception!]
Traceback (most recent call last):
  File "c:\Users\101373\AppData\Local\anaconda3\envs\nemo_env\Lib\site-packages\grpc\_plugin_wrapping.py", line 105, in __call__
    self._metadata_plugin(
  File "c:\Users\101373\AppData\Local\anaconda3\envs\nemo_env\Lib\site-packages\google\auth\transport\grpc.py", line 93, in __call__
    callback(self._get_authorization_headers(context), None)
             ^^^^^^^^^^^^^^^^^^^^^^^^^^^^^^^^^^^^^^^^
  File "c:\Users\101373\AppData\Local\anaconda3\envs\nemo_env\Lib\site-packages\google\auth\transport\grpc.py", line 79, in _get_authorization_headers
    self._credentials.before_request(
  File "c:\Users\101373\AppData\Local\anaconda3\envs\nemo_env\Lib\site-packages\google\auth\credentials.py", line 230, in before_request
    self._blocking_refresh(request)
  File "c:\Users\101373\AppData\Local\anaconda3\envs\nemo_env\Lib\site-packages\google\auth\credentials.py", line 193, in _blocking_refresh
    self.refresh(request)
  File "c:\Users\101373\AppData\Local\anaconda3\envs\nemo_env\Lib\site-packages\google\oauth2\credentials.py", line 412, in refresh
    ) = reauth.refresh_grant(
        ^^^^^^^^^^^^^^^^^^^^^
  File "c:\Users\101373\AppData\Local\anaconda3\envs\nemo_env\Lib\site-packages\google\oauth2\reauth.py", line 353, in refresh_grant
    raise exceptions.RefreshError(
google.auth.exceptions.RefreshError: Reauthentication is needed. Please run `gcloud auth application-default login` to reauthenticate.
[2026-03-24 11:55:22,654: ERROR: _plugin_wrapping: AuthMetadataPluginCallback "<google.auth.transport.grpc.AuthMetadataPlugin object at 0x00000278544F4710>" raised exception!]
Traceback (most recent call last):
  File "c:\Users\101373\AppData\Local\anaconda3\envs\nemo_env\Lib\site-packages\grpc\_plugin_wrapping.py", line 105, in __call__
    self._metadata_plugin(
  File "c:\Users\101373\AppData\Local\anaconda3\envs\nemo_env\Lib\site-packages\google\auth\transport\grpc.py", line 93, in __call__
    callback(self._get_authorization_headers(context), None)
             ^^^^^^^^^^^^^^^^^^^^^^^^^^^^^^^^^^^^^^^^
  File "c:\Users\101373\AppData\Local\anaconda3\envs\nemo_env\Lib\site-packages\google\auth\transport\grpc.py", line 79, in _get_authorization_headers
    self._credentials.before_request(
  File "c:\Users\101373\AppData\Local\anaconda3\envs\nemo_env\Lib\site-packages\google\auth\credentials.py", line 230, in before_request
    self._blocking_refresh(request)
  File "c:\Users\101373\AppData\Local\anaconda3\envs\nemo_env\Lib\site-packages\google\auth\credentials.py", line 193, in _blocking_refresh
    self.refresh(request)
  File "c:\Users\101373\AppData\Local\anaconda3\envs\nemo_env\Lib\site-packages\google\oauth2\credentials.py", line 412, in refresh
    ) = reauth.refresh_grant(
        ^^^^^^^^^^^^^^^^^^^^^
  File "c:\Users\101373\AppData\Local\anaconda3\envs\nemo_env\Lib\site-packages\google\oauth2\reauth.py", line 353, in refresh_grant
    raise exceptions.RefreshError(
google.auth.exceptions.RefreshError: Reauthentication is needed. Please run `gcloud auth application-default login` to reauthenticate.
[2026-03-24 11:55:23,681: ERROR: _plugin_wrapping: AuthMetadataPluginCallback "<google.auth.transport.grpc.AuthMetadataPlugin object at 0x00000278544F4710>" raised exception!]
Traceback (most recent call last):
  File "c:\Users\101373\AppData\Local\anaconda3\envs\nemo_env\Lib\site-packages\grpc\_plugin_wrapping.py", line 105, in __call__
    self._metadata_plugin(
  File "c:\Users\101373\AppData\Local\anaconda3\envs\nemo_env\Lib\site-packages\google\auth\transport\grpc.py", line 93, in __call__
    callback(self._get_authorization_headers(context), None)
             ^^^^^^^^^^^^^^^^^^^^^^^^^^^^^^^^^^^^^^^^
  File "c:\Users\101373\AppData\Local\anaconda3\envs\nemo_env\Lib\site-packages\google\auth\transport\grpc.py", line 79, in _get_authorization_headers
    self._credentials.before_request(
  File "c:\Users\101373\AppData\Local\anaconda3\envs\nemo_env\Lib\site-packages\google\auth\credentials.py", line 230, in before_request
    self._blocking_refresh(request)
  File "c:\Users\101373\AppData\Local\anaconda3\envs\nemo_env\Lib\site-packages\google\auth\credentials.py", line 193, in _blocking_refresh
    self.refresh(request)
  File "c:\Users\101373\AppData\Local\anaconda3\envs\nemo_env\Lib\site-packages\google\oauth2\credentials.py", line 412, in refresh
    ) = reauth.refresh_grant(
        ^^^^^^^^^^^^^^^^^^^^^
  File "c:\Users\101373\AppData\Local\anaconda3\envs\nemo_env\Lib\site-packages\google\oauth2\reauth.py", line 353, in refresh_grant
    raise exceptions.RefreshError(
google.auth.exceptions.RefreshError: Reauthentication is needed. Please run `gcloud auth application-default login` to reauthenticate.
[2026-03-24 11:55:24,901: ERROR: _plugin_wrapping: AuthMetadataPluginCallback "<google.auth.transport.grpc.AuthMetadataPlugin object at 0x00000278544F4710>" raised exception!]
Traceback (most recent call last):
  File "c:\Users\101373\AppData\Local\anaconda3\envs\nemo_env\Lib\site-packages\grpc\_plugin_wrapping.py", line 105, in __call__
    self._metadata_plugin(
  File "c:\Users\101373\AppData\Local\anaconda3\envs\nemo_env\Lib\site-packages\google\auth\transport\grpc.py", line 93, in __call__
    callback(self._get_authorization_headers(context), None)
             ^^^^^^^^^^^^^^^^^^^^^^^^^^^^^^^^^^^^^^^^
  File "c:\Users\101373\AppData\Local\anaconda3\envs\nemo_env\Lib\site-packages\google\auth\transport\grpc.py", line 79, in _get_authorization_headers
    self._credentials.before_request(
  File "c:\Users\101373\AppData\Local\anaconda3\envs\nemo_env\Lib\site-packages\google\auth\credentials.py", line 230, in before_request
    self._blocking_refresh(request)
  File "c:\Users\101373\AppData\Local\anaconda3\envs\nemo_env\Lib\site-packages\google\auth\credentials.py", line 193, in _blocking_refresh
    self.refresh(request)
  File "c:\Users\101373\AppData\Local\anaconda3\envs\nemo_env\Lib\site-packages\google\oauth2\credentials.py", line 412, in refresh
    ) = reauth.refresh_grant(
        ^^^^^^^^^^^^^^^^^^^^^
  File "c:\Users\101373\AppData\Local\anaconda3\envs\nemo_env\Lib\site-packages\google\oauth2\reauth.py", line 353, in refresh_grant
    raise exceptions.RefreshError(
google.auth.exceptions.RefreshError: Reauthentication is needed. Please run `gcloud auth application-default login` to reauthenticate.
[2026-03-24 11:55:32,571: ERROR: _plugin_wrapping: AuthMetadataPluginCallback "<google.auth.transport.grpc.AuthMetadataPlugin object at 0x00000278544F4710>" raised exception!]
Traceback (most recent call last):
  File "c:\Users\101373\AppData\Local\anaconda3\envs\nemo_env\Lib\site-packages\grpc\_plugin_wrapping.py", line 105, in __call__
    self._metadata_plugin(
  File "c:\Users\101373\AppData\Local\anaconda3\envs\nemo_env\Lib\site-packages\google\auth\transport\grpc.py", line 93, in __call__
    callback(self._get_authorization_headers(context), None)
             ^^^^^^^^^^^^^^^^^^^^^^^^^^^^^^^^^^^^^^^^
  File "c:\Users\101373\AppData\Local\anaconda3\envs\nemo_env\Lib\site-packages\google\auth\transport\grpc.py", line 79, in _get_authorization_headers
    self._credentials.before_request(
  File "c:\Users\101373\AppData\Local\anaconda3\envs\nemo_env\Lib\site-packages\google\auth\credentials.py", line 230, in before_request
    self._blocking_refresh(request)
  File "c:\Users\101373\AppData\Local\anaconda3\envs\nemo_env\Lib\site-packages\google\auth\credentials.py", line 193, in _blocking_refresh
    self.refresh(request)
  File "c:\Users\101373\AppData\Local\anaconda3\envs\nemo_env\Lib\site-packages\google\oauth2\credentials.py", line 412, in refresh
    ) = reauth.refresh_grant(
        ^^^^^^^^^^^^^^^^^^^^^
  File "c:\Users\101373\AppData\Local\anaconda3\envs\nemo_env\Lib\site-packages\google\oauth2\reauth.py", line 353, in refresh_grant
    raise exceptions.RefreshError(
google.auth.exceptions.RefreshError: Reauthentication is needed. Please run `gcloud auth application-default login` to reauthenticate.
[2026-03-24 11:55:38,085: ERROR: _plugin_wrapping: AuthMetadataPluginCallback "<google.auth.transport.grpc.AuthMetadataPlugin object at 0x00000278544F4710>" raised exception!]
Traceback (most recent call last):
  File "c:\Users\101373\AppData\Local\anaconda3\envs\nemo_env\Lib\site-packages\grpc\_plugin_wrapping.py", line 105, in __call__
    self._metadata_plugin(
  File "c:\Users\101373\AppData\Local\anaconda3\envs\nemo_env\Lib\site-packages\google\auth\transport\grpc.py", line 93, in __call__
    callback(self._get_authorization_headers(context), None)
             ^^^^^^^^^^^^^^^^^^^^^^^^^^^^^^^^^^^^^^^^
  File "c:\Users\101373\AppData\Local\anaconda3\envs\nemo_env\Lib\site-packages\google\auth\transport\grpc.py", line 79, in _get_authorization_headers
    self._credentials.before_request(
  File "c:\Users\101373\AppData\Local\anaconda3\envs\nemo_env\Lib\site-packages\google\auth\credentials.py", line 230, in before_request
    self._blocking_refresh(request)
  File "c:\Users\101373\AppData\Local\anaconda3\envs\nemo_env\Lib\site-packages\google\auth\credentials.py", line 193, in _blocking_refresh
    self.refresh(request)
  File "c:\Users\101373\AppData\Local\anaconda3\envs\nemo_env\Lib\site-packages\google\oauth2\credentials.py", line 412, in refresh
    ) = reauth.refresh_grant(
        ^^^^^^^^^^^^^^^^^^^^^
  File "c:\Users\101373\AppData\Local\anaconda3\envs\nemo_env\Lib\site-packages\google\oauth2\reauth.py", line 353, in refresh_grant
    raise exceptions.RefreshError(
google.auth.exceptions.RefreshError: Reauthentication is needed. Please run `gcloud auth application-default login` to reauthenticate.
[2026-03-24 11:55:51,181: ERROR: _plugin_wrapping: AuthMetadataPluginCallback "<google.auth.transport.grpc.AuthMetadataPlugin object at 0x00000278544F4710>" raised exception!]
Traceback (most recent call last):
  File "c:\Users\101373\AppData\Local\anaconda3\envs\nemo_env\Lib\site-packages\grpc\_plugin_wrapping.py", line 105, in __call__
    self._metadata_plugin(
  File "c:\Users\101373\AppData\Local\anaconda3\envs\nemo_env\Lib\site-packages\google\auth\transport\grpc.py", line 93, in __call__
    callback(self._get_authorization_headers(context), None)
             ^^^^^^^^^^^^^^^^^^^^^^^^^^^^^^^^^^^^^^^^
  File "c:\Users\101373\AppData\Local\anaconda3\envs\nemo_env\Lib\site-packages\google\auth\transport\grpc.py", line 79, in _get_authorization_headers
    self._credentials.before_request(
  File "c:\Users\101373\AppData\Local\anaconda3\envs\nemo_env\Lib\site-packages\google\auth\credentials.py", line 230, in before_request
    self._blocking_refresh(request)
  File "c:\Users\101373\AppData\Local\anaconda3\envs\nemo_env\Lib\site-packages\google\auth\credentials.py", line 193, in _blocking_refresh
    self.refresh(request)
  File "c:\Users\101373\AppData\Local\anaconda3\envs\nemo_env\Lib\site-packages\google\oauth2\credentials.py", line 412, in refresh
    ) = reauth.refresh_grant(
        ^^^^^^^^^^^^^^^^^^^^^
  File "c:\Users\101373\AppData\Local\anaconda3\envs\nemo_env\Lib\site-packages\google\oauth2\reauth.py", line 353, in refresh_grant
    raise exceptions.RefreshError(
google.auth.exceptions.RefreshError: Reauthentication is needed. Please run `gcloud auth application-default login` to reauthenticate.
[2026-03-24 11:55:52,791: ERROR: _plugin_wrapping: AuthMetadataPluginCallback "<google.auth.transport.grpc.AuthMetadataPlugin object at 0x00000278544F4710>" raised exception!]
Traceback (most recent call last):
  File "c:\Users\101373\AppData\Local\anaconda3\envs\nemo_env\Lib\site-packages\grpc\_plugin_wrapping.py", line 105, in __call__
    self._metadata_plugin(
  File "c:\Users\101373\AppData\Local\anaconda3\envs\nemo_env\Lib\site-packages\google\auth\transport\grpc.py", line 93, in __call__
    callback(self._get_authorization_headers(context), None)
             ^^^^^^^^^^^^^^^^^^^^^^^^^^^^^^^^^^^^^^^^
  File "c:\Users\101373\AppData\Local\anaconda3\envs\nemo_env\Lib\site-packages\google\auth\transport\grpc.py", line 79, in _get_authorization_headers
    self._credentials.before_request(
  File "c:\Users\101373\AppData\Local\anaconda3\envs\nemo_env\Lib\site-packages\google\auth\credentials.py", line 230, in before_request
    self._blocking_refresh(request)
  File "c:\Users\101373\AppData\Local\anaconda3\envs\nemo_env\Lib\site-packages\google\auth\credentials.py", line 193, in _blocking_refresh
    self.refresh(request)
  File "c:\Users\101373\AppData\Local\anaconda3\envs\nemo_env\Lib\site-packages\google\oauth2\credentials.py", line 412, in refresh
    ) = reauth.refresh_grant(
        ^^^^^^^^^^^^^^^^^^^^^
  File "c:\Users\101373\AppData\Local\anaconda3\envs\nemo_env\Lib\site-packages\google\oauth2\reauth.py", line 353, in refresh_grant
    raise exceptions.RefreshError(
google.auth.exceptions.RefreshError: Reauthentication is needed. Please run `gcloud auth application-default login` to reauthenticate.
[2026-03-24 11:56:06,031: ERROR: _plugin_wrapping: AuthMetadataPluginCallback "<google.auth.transport.grpc.AuthMetadataPlugin object at 0x00000278544F4710>" raised exception!]
Traceback (most recent call last):
  File "c:\Users\101373\AppData\Local\anaconda3\envs\nemo_env\Lib\site-packages\grpc\_plugin_wrapping.py", line 105, in __call__
    self._metadata_plugin(
  File "c:\Users\101373\AppData\Local\anaconda3\envs\nemo_env\Lib\site-packages\google\auth\transport\grpc.py", line 93, in __call__
    callback(self._get_authorization_headers(context), None)
             ^^^^^^^^^^^^^^^^^^^^^^^^^^^^^^^^^^^^^^^^
  File "c:\Users\101373\AppData\Local\anaconda3\envs\nemo_env\Lib\site-packages\google\auth\transport\grpc.py", line 79, in _get_authorization_headers
    self._credentials.before_request(
  File "c:\Users\101373\AppData\Local\anaconda3\envs\nemo_env\Lib\site-packages\google\auth\credentials.py", line 230, in before_request
    self._blocking_refresh(request)
  File "c:\Users\101373\AppData\Local\anaconda3\envs\nemo_env\Lib\site-packages\google\auth\credentials.py", line 193, in _blocking_refresh
    self.refresh(request)
  File "c:\Users\101373\AppData\Local\anaconda3\envs\nemo_env\Lib\site-packages\google\oauth2\credentials.py", line 412, in refresh
    ) = reauth.refresh_grant(
        ^^^^^^^^^^^^^^^^^^^^^
  File "c:\Users\101373\AppData\Local\anaconda3\envs\nemo_env\Lib\site-packages\google\oauth2\reauth.py", line 353, in refresh_grant
    raise exceptions.RefreshError(
google.auth.exceptions.RefreshError: Reauthentication is needed. Please run `gcloud auth application-default login` to reauthenticate.
[2026-03-24 11:56:06,031: ERROR: gcp: Attempt 1: Error fetching project info with default credentials: Timeout of 60.0s exceeded, last exception: 503 Getting metadata from plugin failed with error: Reauthentication is needed. Please run `gcloud auth application-default login` to reauthenticate.]
[2026-03-24 11:57:10,824: INFO: common: yaml file: config\config.yaml loaded successfully]
[2026-03-24 11:57:11,369: INFO: _client: HTTP Request: GET http://10.192.5.51:8000/api/v2/auth/identity "HTTP/1.1 200 OK"]
[2026-03-24 11:57:11,486: INFO: _client: HTTP Request: GET http://10.192.5.51:8000/api/v2/tenants/default_tenant "HTTP/1.1 200 OK"]
[2026-03-24 11:57:11,507: INFO: _client: HTTP Request: GET http://10.192.5.51:8000/api/v2/tenants/default_tenant/databases/default_database "HTTP/1.1 200 OK"]
[2026-03-24 11:57:15,046: INFO: gcp: Attempt 1: GCP default credentials loaded and project 'macomai-441611' obtained.]
[2026-03-24 11:58:06,092: INFO: common: yaml file: config\config.yaml loaded successfully]
[2026-03-24 11:58:06,552: INFO: _client: HTTP Request: GET http://10.192.5.51:8000/api/v2/auth/identity "HTTP/1.1 200 OK"]
[2026-03-24 11:58:06,601: INFO: _client: HTTP Request: GET http://10.192.5.51:8000/api/v2/tenants/default_tenant "HTTP/1.1 200 OK"]
[2026-03-24 11:58:06,616: INFO: _client: HTTP Request: GET http://10.192.5.51:8000/api/v2/tenants/default_tenant/databases/default_database "HTTP/1.1 200 OK"]
[2026-03-24 11:58:10,171: INFO: gcp: Attempt 1: GCP default credentials loaded and project 'macomai-441611' obtained.]
[2026-03-24 12:03:33,818: INFO: common: yaml file: config\config.yaml loaded successfully]
[2026-03-24 12:03:35,270: INFO: _client: HTTP Request: GET http://10.192.5.51:8000/api/v2/auth/identity "HTTP/1.1 200 OK"]
[2026-03-24 12:03:35,312: INFO: _client: HTTP Request: GET http://10.192.5.51:8000/api/v2/tenants/default_tenant "HTTP/1.1 200 OK"]
[2026-03-24 12:03:35,328: INFO: _client: HTTP Request: GET http://10.192.5.51:8000/api/v2/tenants/default_tenant/databases/default_database "HTTP/1.1 200 OK"]
[2026-03-24 12:04:04,797: INFO: gcp: Attempt 1: GCP default credentials loaded and project 'macomai-441611' obtained.]
[2026-03-24 12:06:19,656: INFO: common: yaml file: config\config.yaml loaded successfully]
[2026-03-24 12:06:21,444: INFO: _client: HTTP Request: GET http://10.192.5.51:8000/api/v2/auth/identity "HTTP/1.1 200 OK"]
[2026-03-24 12:06:21,500: INFO: _client: HTTP Request: GET http://10.192.5.51:8000/api/v2/tenants/default_tenant "HTTP/1.1 200 OK"]
[2026-03-24 12:06:21,518: INFO: _client: HTTP Request: GET http://10.192.5.51:8000/api/v2/tenants/default_tenant/databases/default_database "HTTP/1.1 200 OK"]
[2026-03-24 12:06:33,175: INFO: gcp: Attempt 1: GCP default credentials loaded and project 'macomai-441611' obtained.]
[2026-03-24 12:16:33,067: INFO: common: yaml file: config\config.yaml loaded successfully]
[2026-03-24 12:16:34,111: INFO: _client: HTTP Request: GET http://10.192.5.51:8000/api/v2/auth/identity "HTTP/1.1 200 OK"]
[2026-03-24 12:16:34,146: INFO: _client: HTTP Request: GET http://10.192.5.51:8000/api/v2/tenants/default_tenant "HTTP/1.1 200 OK"]
[2026-03-24 12:16:34,163: INFO: _client: HTTP Request: GET http://10.192.5.51:8000/api/v2/tenants/default_tenant/databases/default_database "HTTP/1.1 200 OK"]
[2026-03-24 12:16:51,451: INFO: gcp: Attempt 1: GCP default credentials loaded and project 'macomai-441611' obtained.]
[2026-03-24 12:17:09,460: WARNING: llms: Unexpected argument 'model_name' provided to GoogleGenerativeAI. Did you mean: 'model'?]
[2026-03-24 12:21:53,390: INFO: common: yaml file: config\config.yaml loaded successfully]
[2026-03-24 12:21:55,399: INFO: _client: HTTP Request: GET http://10.192.5.51:8000/api/v2/auth/identity "HTTP/1.1 200 OK"]
[2026-03-24 12:21:55,485: INFO: _client: HTTP Request: GET http://10.192.5.51:8000/api/v2/tenants/default_tenant "HTTP/1.1 200 OK"]
[2026-03-24 12:21:55,499: INFO: _client: HTTP Request: GET http://10.192.5.51:8000/api/v2/tenants/default_tenant/databases/default_database "HTTP/1.1 200 OK"]
[2026-03-24 12:22:02,441: INFO: gcp: Attempt 1: GCP default credentials loaded and project 'macomai-441611' obtained.]
[2026-03-24 12:29:07,970: INFO: common: yaml file: config\config.yaml loaded successfully]
[2026-03-24 12:29:09,601: INFO: _client: HTTP Request: GET http://10.192.5.51:8000/api/v2/auth/identity "HTTP/1.1 200 OK"]
[2026-03-24 12:29:09,637: INFO: _client: HTTP Request: GET http://10.192.5.51:8000/api/v2/tenants/default_tenant "HTTP/1.1 200 OK"]
[2026-03-24 12:29:09,656: INFO: _client: HTTP Request: GET http://10.192.5.51:8000/api/v2/tenants/default_tenant/databases/default_database "HTTP/1.1 200 OK"]
[2026-03-24 12:29:23,580: INFO: gcp: Attempt 1: GCP default credentials loaded and project 'macomai-441611' obtained.]
[2026-03-24 12:30:09,515: INFO: Login: Entering the login process function]
[2026-03-24 12:30:40,722: INFO: Login: Token and session updated for user: 101373]
[2026-03-24 12:31:12,333: INFO: chatprocess: Initializing vector store with collection]
[2026-03-24 12:31:12,419: INFO: _client: HTTP Request: POST http://10.192.5.51:8000/api/v2/tenants/default_tenant/databases/default_database/collections "HTTP/1.1 200 OK"]
[2026-03-24 12:31:12,447: INFO: _client: HTTP Request: GET http://10.192.5.51:8000/api/v2/tenants/default_tenant/databases/default_database/collections/91518b3b-a2d1-4c38-b8df-01b360936d38/count?read_level=index_and_wal "HTTP/1.1 200 OK"]
[2026-03-24 12:31:12,450: INFO: chatprocess: Connected to Chroma server - Collection 'langchain' has 3764 documents]
[2026-03-24 12:31:12,455: ERROR: chatprocess: Failed to build RAG chain: Could not import sentence_transformers python package. Please install it with `pip install sentence-transformers`.]
[2026-03-24 12:31:12,470: ERROR: chatprocess: Traceback (most recent call last):
  File "c:\Users\101373\AppData\Local\anaconda3\envs\nemo_env\Lib\site-packages\langchain_community\cross_encoders\huggingface.py", line 36, in __init__
    import sentence_transformers
ModuleNotFoundError: No module named 'sentence_transformers'

The above exception was the direct cause of the following exception:

Traceback (most recent call last):
  File "d:\guardrail_implementation_test\src\pipeline\chatprocess.py", line 90, in build_rag_chain
    retriever = self.initialize_retriever()
                ^^^^^^^^^^^^^^^^^^^^^^^^^^^
  File "d:\guardrail_implementation_test\src\pipeline\chatprocess.py", line 70, in initialize_retriever
    encoder = HuggingFaceCrossEncoder(model_name="cross-encoder/ms-marco-MiniLM-L-6-v2")
              ^^^^^^^^^^^^^^^^^^^^^^^^^^^^^^^^^^^^^^^^^^^^^^^^^^^^^^^^^^^^^^^^^^^^^^^^^^
  File "c:\Users\101373\AppData\Local\anaconda3\envs\nemo_env\Lib\site-packages\langchain_community\cross_encoders\huggingface.py", line 39, in __init__
    raise ImportError(
ImportError: Could not import sentence_transformers python package. Please install it with `pip install sentence-transformers`.
]
[2026-03-24 12:31:12,476: ERROR: app: Chat endpoint error: Failed to build RAG chain: Could not import sentence_transformers python package. Please install it with `pip install sentence-transformers`.]
[2026-03-24 12:37:48,971: INFO: common: yaml file: config\config.yaml loaded successfully]
[2026-03-24 12:37:50,148: INFO: _client: HTTP Request: GET http://10.192.5.51:8000/api/v2/auth/identity "HTTP/1.1 200 OK"]
[2026-03-24 12:37:50,198: INFO: _client: HTTP Request: GET http://10.192.5.51:8000/api/v2/tenants/default_tenant "HTTP/1.1 200 OK"]
[2026-03-24 12:37:50,220: INFO: _client: HTTP Request: GET http://10.192.5.51:8000/api/v2/tenants/default_tenant/databases/default_database "HTTP/1.1 200 OK"]
[2026-03-24 12:37:55,677: INFO: gcp: Attempt 1: GCP default credentials loaded and project 'macomai-441611' obtained.]
[2026-03-24 12:38:17,144: INFO: Login: Entering the login process function]
[2026-03-24 12:38:17,558: INFO: Login: Token and session updated for user: 101373]
[2026-03-24 12:38:32,531: INFO: chatprocess: Initializing vector store with collection]
[2026-03-24 12:38:32,619: INFO: _client: HTTP Request: POST http://10.192.5.51:8000/api/v2/tenants/default_tenant/databases/default_database/collections "HTTP/1.1 200 OK"]
[2026-03-24 12:38:32,648: INFO: _client: HTTP Request: GET http://10.192.5.51:8000/api/v2/tenants/default_tenant/databases/default_database/collections/91518b3b-a2d1-4c38-b8df-01b360936d38/count?read_level=index_and_wal "HTTP/1.1 200 OK"]
[2026-03-24 12:38:32,648: INFO: chatprocess: Connected to Chroma server - Collection 'langchain' has 3764 documents]
[2026-03-24 12:38:33,465: INFO: _client: HTTP Request: HEAD https://huggingface.co/cross-encoder/ms-marco-MiniLM-L-6-v2/resolve/main/config.json "HTTP/1.1 307 Temporary Redirect"]
[2026-03-24 12:38:33,764: INFO: _client: HTTP Request: HEAD https://huggingface.co/cross-encoder/ms-marco-MiniLM-L6-v2/resolve/main/config.json "HTTP/1.1 307 Temporary Redirect"]
[2026-03-24 12:38:33,811: INFO: _client: HTTP Request: HEAD https://huggingface.co/api/resolve-cache/models/cross-encoder/ms-marco-MiniLM-L6-v2/c5ee24cb16019beea0893ab7796b1df96625c6b8/config.json "HTTP/1.1 200 OK"]
[2026-03-24 12:38:33,885: INFO: _client: HTTP Request: GET https://huggingface.co/api/resolve-cache/models/cross-encoder/ms-marco-MiniLM-L6-v2/c5ee24cb16019beea0893ab7796b1df96625c6b8/config.json "HTTP/1.1 200 OK"]
[2026-03-24 12:38:34,696: INFO: _client: HTTP Request: HEAD https://huggingface.co/cross-encoder/ms-marco-MiniLM-L-6-v2/resolve/main/model.safetensors "HTTP/1.1 307 Temporary Redirect"]
[2026-03-24 12:38:35,006: INFO: _client: HTTP Request: HEAD https://huggingface.co/cross-encoder/ms-marco-MiniLM-L6-v2/resolve/main/model.safetensors "HTTP/1.1 302 Found"]
[2026-03-24 12:38:35,520: INFO: _client: HTTP Request: GET https://huggingface.co/api/models/cross-encoder/ms-marco-MiniLM-L6-v2/xet-read-token/c5ee24cb16019beea0893ab7796b1df96625c6b8 "HTTP/1.1 200 OK"]
[2026-03-24 12:38:56,091: INFO: _client: HTTP Request: HEAD https://huggingface.co/cross-encoder/ms-marco-MiniLM-L-6-v2/resolve/main/config.json "HTTP/1.1 307 Temporary Redirect"]
[2026-03-24 12:38:56,355: INFO: _client: HTTP Request: HEAD https://huggingface.co/cross-encoder/ms-marco-MiniLM-L6-v2/resolve/main/config.json "HTTP/1.1 307 Temporary Redirect"]
[2026-03-24 12:38:56,363: WARNING: _http: Warning: You are sending unauthenticated requests to the HF Hub. Please set a HF_TOKEN to enable higher rate limits and faster downloads.]
[2026-03-24 12:38:56,406: INFO: _client: HTTP Request: HEAD https://huggingface.co/api/resolve-cache/models/cross-encoder/ms-marco-MiniLM-L6-v2/c5ee24cb16019beea0893ab7796b1df96625c6b8/config.json "HTTP/1.1 200 OK"]
[2026-03-24 12:38:56,679: INFO: _client: HTTP Request: HEAD https://huggingface.co/cross-encoder/ms-marco-MiniLM-L-6-v2/resolve/main/tokenizer_config.json "HTTP/1.1 307 Temporary Redirect"]
[2026-03-24 12:38:57,012: INFO: _client: HTTP Request: HEAD https://huggingface.co/cross-encoder/ms-marco-MiniLM-L6-v2/resolve/main/tokenizer_config.json "HTTP/1.1 307 Temporary Redirect"]
[2026-03-24 12:38:57,054: INFO: _client: HTTP Request: HEAD https://huggingface.co/api/resolve-cache/models/cross-encoder/ms-marco-MiniLM-L6-v2/c5ee24cb16019beea0893ab7796b1df96625c6b8/tokenizer_config.json "HTTP/1.1 200 OK"]
[2026-03-24 12:38:57,101: INFO: _client: HTTP Request: GET https://huggingface.co/api/resolve-cache/models/cross-encoder/ms-marco-MiniLM-L6-v2/c5ee24cb16019beea0893ab7796b1df96625c6b8/tokenizer_config.json "HTTP/1.1 200 OK"]
[2026-03-24 12:38:57,431: INFO: _client: HTTP Request: GET https://huggingface.co/api/models/cross-encoder/ms-marco-MiniLM-L-6-v2/tree/main/additional_chat_templates?recursive=false&expand=false "HTTP/1.1 307 Temporary Redirect"]
[2026-03-24 12:38:57,735: INFO: _client: HTTP Request: GET https://huggingface.co/api/models/cross-encoder/ms-marco-MiniLM-L6-v2/tree/main/additional_chat_templates?recursive=false&expand=false "HTTP/1.1 404 Not Found"]
[2026-03-24 12:38:58,047: INFO: _client: HTTP Request: GET https://huggingface.co/api/models/cross-encoder/ms-marco-MiniLM-L-6-v2/tree/main?recursive=true&expand=false "HTTP/1.1 307 Temporary Redirect"]
[2026-03-24 12:38:58,344: INFO: _client: HTTP Request: GET https://huggingface.co/api/models/cross-encoder/ms-marco-MiniLM-L6-v2/tree/main?recursive=true&expand=false "HTTP/1.1 200 OK"]
[2026-03-24 12:38:58,666: INFO: _client: HTTP Request: HEAD https://huggingface.co/cross-encoder/ms-marco-MiniLM-L-6-v2/resolve/main/vocab.txt "HTTP/1.1 307 Temporary Redirect"]
[2026-03-24 12:38:58,977: INFO: _client: HTTP Request: HEAD https://huggingface.co/cross-encoder/ms-marco-MiniLM-L6-v2/resolve/main/vocab.txt "HTTP/1.1 307 Temporary Redirect"]
[2026-03-24 12:38:59,022: INFO: _client: HTTP Request: HEAD https://huggingface.co/api/resolve-cache/models/cross-encoder/ms-marco-MiniLM-L6-v2/c5ee24cb16019beea0893ab7796b1df96625c6b8/vocab.txt "HTTP/1.1 200 OK"]
[2026-03-24 12:38:59,067: INFO: _client: HTTP Request: GET https://huggingface.co/api/resolve-cache/models/cross-encoder/ms-marco-MiniLM-L6-v2/c5ee24cb16019beea0893ab7796b1df96625c6b8/vocab.txt "HTTP/1.1 200 OK"]
[2026-03-24 12:38:59,464: INFO: _client: HTTP Request: HEAD https://huggingface.co/cross-encoder/ms-marco-MiniLM-L-6-v2/resolve/main/tokenizer.json "HTTP/1.1 307 Temporary Redirect"]
[2026-03-24 12:38:59,777: INFO: _client: HTTP Request: HEAD https://huggingface.co/cross-encoder/ms-marco-MiniLM-L6-v2/resolve/main/tokenizer.json "HTTP/1.1 307 Temporary Redirect"]
[2026-03-24 12:38:59,814: INFO: _client: HTTP Request: HEAD https://huggingface.co/api/resolve-cache/models/cross-encoder/ms-marco-MiniLM-L6-v2/c5ee24cb16019beea0893ab7796b1df96625c6b8/tokenizer.json "HTTP/1.1 200 OK"]
[2026-03-24 12:38:59,861: INFO: _client: HTTP Request: GET https://huggingface.co/api/resolve-cache/models/cross-encoder/ms-marco-MiniLM-L6-v2/c5ee24cb16019beea0893ab7796b1df96625c6b8/tokenizer.json "HTTP/1.1 200 OK"]
[2026-03-24 12:39:00,297: INFO: _client: HTTP Request: HEAD https://huggingface.co/cross-encoder/ms-marco-MiniLM-L-6-v2/resolve/main/added_tokens.json "HTTP/1.1 307 Temporary Redirect"]
[2026-03-24 12:39:00,569: INFO: _client: HTTP Request: HEAD https://huggingface.co/cross-encoder/ms-marco-MiniLM-L6-v2/resolve/main/added_tokens.json "HTTP/1.1 404 Not Found"]
[2026-03-24 12:39:00,906: INFO: _client: HTTP Request: HEAD https://huggingface.co/cross-encoder/ms-marco-MiniLM-L-6-v2/resolve/main/special_tokens_map.json "HTTP/1.1 307 Temporary Redirect"]
[2026-03-24 12:39:01,218: INFO: _client: HTTP Request: HEAD https://huggingface.co/cross-encoder/ms-marco-MiniLM-L6-v2/resolve/main/special_tokens_map.json "HTTP/1.1 307 Temporary Redirect"]
[2026-03-24 12:39:01,256: INFO: _client: HTTP Request: HEAD https://huggingface.co/api/resolve-cache/models/cross-encoder/ms-marco-MiniLM-L6-v2/c5ee24cb16019beea0893ab7796b1df96625c6b8/special_tokens_map.json "HTTP/1.1 200 OK"]
[2026-03-24 12:39:01,297: INFO: _client: HTTP Request: GET https://huggingface.co/api/resolve-cache/models/cross-encoder/ms-marco-MiniLM-L6-v2/c5ee24cb16019beea0893ab7796b1df96625c6b8/special_tokens_map.json "HTTP/1.1 200 OK"]
[2026-03-24 12:39:01,630: INFO: _client: HTTP Request: HEAD https://huggingface.co/cross-encoder/ms-marco-MiniLM-L-6-v2/resolve/main/chat_template.jinja "HTTP/1.1 307 Temporary Redirect"]
[2026-03-24 12:39:01,924: INFO: _client: HTTP Request: HEAD https://huggingface.co/cross-encoder/ms-marco-MiniLM-L6-v2/resolve/main/chat_template.jinja "HTTP/1.1 404 Not Found"]
[2026-03-24 12:39:02,547: INFO: _client: HTTP Request: HEAD https://huggingface.co/cross-encoder/ms-marco-MiniLM-L-6-v2/resolve/main/README.md "HTTP/1.1 307 Temporary Redirect"]
[2026-03-24 12:39:02,851: INFO: _client: HTTP Request: HEAD https://huggingface.co/cross-encoder/ms-marco-MiniLM-L6-v2/resolve/main/README.md "HTTP/1.1 307 Temporary Redirect"]
[2026-03-24 12:39:02,896: INFO: _client: HTTP Request: HEAD https://huggingface.co/api/resolve-cache/models/cross-encoder/ms-marco-MiniLM-L6-v2/c5ee24cb16019beea0893ab7796b1df96625c6b8/README.md "HTTP/1.1 200 OK"]
[2026-03-24 12:39:02,944: INFO: _client: HTTP Request: GET https://huggingface.co/api/resolve-cache/models/cross-encoder/ms-marco-MiniLM-L6-v2/c5ee24cb16019beea0893ab7796b1df96625c6b8/README.md "HTTP/1.1 200 OK"]
[2026-03-24 12:39:02,972: INFO: CrossEncoder: Use pytorch device: cpu]
[2026-03-24 12:39:03,357: INFO: _client: HTTP Request: GET https://huggingface.co/api/models/cross-encoder/ms-marco-MiniLM-L-6-v2 "HTTP/1.1 307 Temporary Redirect"]
[2026-03-24 12:39:03,676: INFO: _client: HTTP Request: GET https://huggingface.co/api/models/cross-encoder/ms-marco-MiniLM-L6-v2 "HTTP/1.1 200 OK"]
[2026-03-24 12:39:03,727: ERROR: chatprocess: Failed to build RAG chain: 'ChatProcess' object has no attribute 'get_mongo_session_history']
[2026-03-24 12:39:03,735: ERROR: chatprocess: Traceback (most recent call last):
  File "d:\guardrail_implementation_test\src\pipeline\chatprocess.py", line 146, in build_rag_chain
    self.get_mongo_session_history,
    ^^^^^^^^^^^^^^^^^^^^^^^^^^^^^^
AttributeError: 'ChatProcess' object has no attribute 'get_mongo_session_history'
]
[2026-03-24 12:39:03,735: ERROR: app: Chat endpoint error: Failed to build RAG chain: 'ChatProcess' object has no attribute 'get_mongo_session_history']
[2026-03-24 12:41:23,275: INFO: common: yaml file: config\config.yaml loaded successfully]
[2026-03-24 12:41:23,705: INFO: _client: HTTP Request: GET http://10.192.5.51:8000/api/v2/auth/identity "HTTP/1.1 200 OK"]
[2026-03-24 12:41:23,741: INFO: _client: HTTP Request: GET http://10.192.5.51:8000/api/v2/tenants/default_tenant "HTTP/1.1 200 OK"]
[2026-03-24 12:41:23,757: INFO: _client: HTTP Request: GET http://10.192.5.51:8000/api/v2/tenants/default_tenant/databases/default_database "HTTP/1.1 200 OK"]
[2026-03-24 12:41:29,439: INFO: gcp: Attempt 1: GCP default credentials loaded and project 'macomai-441611' obtained.]
[2026-03-24 12:41:32,975: INFO: Login: Entering the login process function]
[2026-03-24 12:41:33,345: INFO: Login: Token and session updated for user: 101373]
[2026-03-24 12:42:50,372: INFO: chatprocess: Initializing vector store with collection]
[2026-03-24 12:42:56,369: INFO: _client: HTTP Request: POST http://10.192.5.51:8000/api/v2/tenants/default_tenant/databases/default_database/collections "HTTP/1.1 200 OK"]
[2026-03-24 12:42:57,619: INFO: _client: HTTP Request: GET http://10.192.5.51:8000/api/v2/tenants/default_tenant/databases/default_database/collections/91518b3b-a2d1-4c38-b8df-01b360936d38/count?read_level=index_and_wal "HTTP/1.1 200 OK"]
[2026-03-24 12:42:58,675: INFO: chatprocess: Connected to Chroma server - Collection 'langchain' has 3764 documents]
[2026-03-24 12:43:10,864: INFO: _client: HTTP Request: HEAD https://huggingface.co/cross-encoder/ms-marco-MiniLM-L-6-v2/resolve/main/config.json "HTTP/1.1 307 Temporary Redirect"]
[2026-03-24 12:43:11,172: INFO: _client: HTTP Request: HEAD https://huggingface.co/cross-encoder/ms-marco-MiniLM-L6-v2/resolve/main/config.json "HTTP/1.1 307 Temporary Redirect"]
[2026-03-24 12:43:11,203: INFO: _client: HTTP Request: HEAD https://huggingface.co/api/resolve-cache/models/cross-encoder/ms-marco-MiniLM-L6-v2/c5ee24cb16019beea0893ab7796b1df96625c6b8/config.json "HTTP/1.1 200 OK"]
[2026-03-24 12:43:12,094: INFO: _client: HTTP Request: HEAD https://huggingface.co/cross-encoder/ms-marco-MiniLM-L-6-v2/resolve/main/config.json "HTTP/1.1 307 Temporary Redirect"]
[2026-03-24 12:43:12,403: INFO: _client: HTTP Request: HEAD https://huggingface.co/cross-encoder/ms-marco-MiniLM-L6-v2/resolve/main/config.json "HTTP/1.1 307 Temporary Redirect"]
[2026-03-24 12:43:12,439: INFO: _client: HTTP Request: HEAD https://huggingface.co/api/resolve-cache/models/cross-encoder/ms-marco-MiniLM-L6-v2/c5ee24cb16019beea0893ab7796b1df96625c6b8/config.json "HTTP/1.1 200 OK"]
[2026-03-24 12:43:12,712: INFO: _client: HTTP Request: HEAD https://huggingface.co/cross-encoder/ms-marco-MiniLM-L-6-v2/resolve/main/tokenizer_config.json "HTTP/1.1 307 Temporary Redirect"]
[2026-03-24 12:43:13,022: INFO: _client: HTTP Request: HEAD https://huggingface.co/cross-encoder/ms-marco-MiniLM-L6-v2/resolve/main/tokenizer_config.json "HTTP/1.1 307 Temporary Redirect"]
[2026-03-24 12:43:13,053: INFO: _client: HTTP Request: HEAD https://huggingface.co/api/resolve-cache/models/cross-encoder/ms-marco-MiniLM-L6-v2/c5ee24cb16019beea0893ab7796b1df96625c6b8/tokenizer_config.json "HTTP/1.1 200 OK"]
[2026-03-24 12:43:13,417: INFO: _client: HTTP Request: GET https://huggingface.co/api/models/cross-encoder/ms-marco-MiniLM-L-6-v2/tree/main/additional_chat_templates?recursive=false&expand=false "HTTP/1.1 307 Temporary Redirect"]
[2026-03-24 12:43:13,747: INFO: _client: HTTP Request: GET https://huggingface.co/api/models/cross-encoder/ms-marco-MiniLM-L6-v2/tree/main/additional_chat_templates?recursive=false&expand=false "HTTP/1.1 404 Not Found"]
[2026-03-24 12:43:14,041: INFO: _client: HTTP Request: GET https://huggingface.co/api/models/cross-encoder/ms-marco-MiniLM-L-6-v2/tree/main?recursive=true&expand=false "HTTP/1.1 307 Temporary Redirect"]
[2026-03-24 12:43:14,292: INFO: _client: HTTP Request: GET https://huggingface.co/api/models/cross-encoder/ms-marco-MiniLM-L6-v2/tree/main?recursive=true&expand=false "HTTP/1.1 200 OK"]
[2026-03-24 12:43:14,754: INFO: _client: HTTP Request: HEAD https://huggingface.co/cross-encoder/ms-marco-MiniLM-L-6-v2/resolve/main/README.md "HTTP/1.1 307 Temporary Redirect"]
[2026-03-24 12:43:15,051: INFO: _client: HTTP Request: HEAD https://huggingface.co/cross-encoder/ms-marco-MiniLM-L6-v2/resolve/main/README.md "HTTP/1.1 307 Temporary Redirect"]
[2026-03-24 12:43:15,091: INFO: _client: HTTP Request: HEAD https://huggingface.co/api/resolve-cache/models/cross-encoder/ms-marco-MiniLM-L6-v2/c5ee24cb16019beea0893ab7796b1df96625c6b8/README.md "HTTP/1.1 200 OK"]
[2026-03-24 12:43:15,105: INFO: CrossEncoder: Use pytorch device: cpu]
[2026-03-24 12:43:15,457: INFO: _client: HTTP Request: GET https://huggingface.co/api/models/cross-encoder/ms-marco-MiniLM-L-6-v2 "HTTP/1.1 307 Temporary Redirect"]
[2026-03-24 12:43:15,778: INFO: _client: HTTP Request: GET https://huggingface.co/api/models/cross-encoder/ms-marco-MiniLM-L6-v2 "HTTP/1.1 200 OK"]
[2026-03-24 12:45:35,191: ERROR: chatprocess: Failed to build RAG chain: 'ChatProcess' object has no attribute 'get_mongo_session_history']
[2026-03-24 12:45:36,116: ERROR: chatprocess: Traceback (most recent call last):
  File "d:\guardrail_implementation_test\src\pipeline\chatprocess.py", line 146, in build_rag_chain
    self.get_mongo_session_history,
    ^^^^^^^^^^^^^^^^^^^^^^^^^^^^^^
AttributeError: 'ChatProcess' object has no attribute 'get_mongo_session_history'
]
[2026-03-24 12:45:44,010: ERROR: app: Chat endpoint error: Failed to build RAG chain: 'ChatProcess' object has no attribute 'get_mongo_session_history']
[2026-03-24 14:12:44,197: INFO: common: yaml file: config\config.yaml loaded successfully]
[2026-03-24 14:12:45,320: INFO: _client: HTTP Request: GET http://10.192.5.51:8000/api/v2/auth/identity "HTTP/1.1 200 OK"]
[2026-03-24 14:12:45,362: INFO: _client: HTTP Request: GET http://10.192.5.51:8000/api/v2/tenants/default_tenant "HTTP/1.1 200 OK"]
[2026-03-24 14:12:45,387: INFO: _client: HTTP Request: GET http://10.192.5.51:8000/api/v2/tenants/default_tenant/databases/default_database "HTTP/1.1 200 OK"]
[2026-03-24 14:12:49,509: INFO: gcp: Attempt 1: GCP default credentials loaded and project 'macomai-441611' obtained.]
[2026-03-24 14:12:51,714: INFO: Login: Entering the login process function]
[2026-03-24 14:13:02,836: ERROR: Login: API call to https://docker.mactech.net.in:5013/ldap-service/loginthroughEmail failed: HTTPSConnectionPool(host='docker.mactech.net.in', port=5013): Max retries exceeded with url: /ldap-service/loginthroughEmail (Caused by NameResolutionError("HTTPSConnection(host='docker.mactech.net.in', port=5013): Failed to resolve 'docker.mactech.net.in' ([Errno 11001] getaddrinfo failed)"))]
[2026-03-24 14:13:02,836: ERROR: Login: Login failed for user 101373: LDAP service request failed: HTTPSConnectionPool(host='docker.mactech.net.in', port=5013): Max retries exceeded with url: /ldap-service/loginthroughEmail (Caused by NameResolutionError("HTTPSConnection(host='docker.mactech.net.in', port=5013): Failed to resolve 'docker.mactech.net.in' ([Errno 11001] getaddrinfo failed)"))]
[2026-03-24 14:14:40,729: INFO: Login: Entering the login process function]
[2026-03-24 14:14:41,058: INFO: Login: Token and session updated for user: 101373]
[2026-03-24 14:15:28,028: INFO: chatprocess: Initializing vector store with collection]
[2026-03-24 14:15:36,177: INFO: _client: HTTP Request: POST http://10.192.5.51:8000/api/v2/tenants/default_tenant/databases/default_database/collections "HTTP/1.1 200 OK"]
[2026-03-24 14:15:37,976: INFO: _client: HTTP Request: GET http://10.192.5.51:8000/api/v2/tenants/default_tenant/databases/default_database/collections/91518b3b-a2d1-4c38-b8df-01b360936d38/count?read_level=index_and_wal "HTTP/1.1 200 OK"]
[2026-03-24 14:15:38,943: INFO: chatprocess: Connected to Chroma server - Collection 'langchain' has 3764 documents]
[2026-03-24 14:15:46,428: INFO: _client: HTTP Request: HEAD https://huggingface.co/cross-encoder/ms-marco-MiniLM-L-6-v2/resolve/main/config.json "HTTP/1.1 307 Temporary Redirect"]
[2026-03-24 14:15:46,724: INFO: _client: HTTP Request: HEAD https://huggingface.co/cross-encoder/ms-marco-MiniLM-L6-v2/resolve/main/config.json "HTTP/1.1 307 Temporary Redirect"]
[2026-03-24 14:15:46,796: INFO: _client: HTTP Request: HEAD https://huggingface.co/api/resolve-cache/models/cross-encoder/ms-marco-MiniLM-L6-v2/c5ee24cb16019beea0893ab7796b1df96625c6b8/config.json "HTTP/1.1 200 OK"]
[2026-03-24 14:15:47,452: INFO: _client: HTTP Request: HEAD https://huggingface.co/cross-encoder/ms-marco-MiniLM-L-6-v2/resolve/main/config.json "HTTP/1.1 307 Temporary Redirect"]
[2026-03-24 14:15:47,737: INFO: _client: HTTP Request: HEAD https://huggingface.co/cross-encoder/ms-marco-MiniLM-L6-v2/resolve/main/config.json "HTTP/1.1 307 Temporary Redirect"]
[2026-03-24 14:15:47,812: INFO: _client: HTTP Request: HEAD https://huggingface.co/api/resolve-cache/models/cross-encoder/ms-marco-MiniLM-L6-v2/c5ee24cb16019beea0893ab7796b1df96625c6b8/config.json "HTTP/1.1 200 OK"]
[2026-03-24 14:15:48,107: INFO: _client: HTTP Request: HEAD https://huggingface.co/cross-encoder/ms-marco-MiniLM-L-6-v2/resolve/main/tokenizer_config.json "HTTP/1.1 307 Temporary Redirect"]
[2026-03-24 14:15:48,400: INFO: _client: HTTP Request: HEAD https://huggingface.co/cross-encoder/ms-marco-MiniLM-L6-v2/resolve/main/tokenizer_config.json "HTTP/1.1 307 Temporary Redirect"]
[2026-03-24 14:15:48,461: INFO: _client: HTTP Request: HEAD https://huggingface.co/api/resolve-cache/models/cross-encoder/ms-marco-MiniLM-L6-v2/c5ee24cb16019beea0893ab7796b1df96625c6b8/tokenizer_config.json "HTTP/1.1 200 OK"]
[2026-03-24 14:15:48,766: INFO: _client: HTTP Request: GET https://huggingface.co/api/models/cross-encoder/ms-marco-MiniLM-L-6-v2/tree/main/additional_chat_templates?recursive=false&expand=false "HTTP/1.1 307 Temporary Redirect"]
[2026-03-24 14:15:49,054: INFO: _client: HTTP Request: GET https://huggingface.co/api/models/cross-encoder/ms-marco-MiniLM-L6-v2/tree/main/additional_chat_templates?recursive=false&expand=false "HTTP/1.1 404 Not Found"]
[2026-03-24 14:15:49,343: INFO: _client: HTTP Request: GET https://huggingface.co/api/models/cross-encoder/ms-marco-MiniLM-L-6-v2/tree/main?recursive=true&expand=false "HTTP/1.1 307 Temporary Redirect"]
[2026-03-24 14:15:49,656: INFO: _client: HTTP Request: GET https://huggingface.co/api/models/cross-encoder/ms-marco-MiniLM-L6-v2/tree/main?recursive=true&expand=false "HTTP/1.1 200 OK"]
[2026-03-24 14:15:50,027: INFO: _client: HTTP Request: HEAD https://huggingface.co/cross-encoder/ms-marco-MiniLM-L-6-v2/resolve/main/README.md "HTTP/1.1 307 Temporary Redirect"]
[2026-03-24 14:15:50,328: INFO: _client: HTTP Request: HEAD https://huggingface.co/cross-encoder/ms-marco-MiniLM-L6-v2/resolve/main/README.md "HTTP/1.1 307 Temporary Redirect"]
[2026-03-24 14:15:50,397: INFO: _client: HTTP Request: HEAD https://huggingface.co/api/resolve-cache/models/cross-encoder/ms-marco-MiniLM-L6-v2/c5ee24cb16019beea0893ab7796b1df96625c6b8/README.md "HTTP/1.1 200 OK"]
[2026-03-24 14:15:50,402: INFO: CrossEncoder: Use pytorch device: cpu]
[2026-03-24 14:15:50,702: INFO: _client: HTTP Request: GET https://huggingface.co/api/models/cross-encoder/ms-marco-MiniLM-L-6-v2 "HTTP/1.1 307 Temporary Redirect"]
[2026-03-24 14:15:51,005: INFO: _client: HTTP Request: GET https://huggingface.co/api/models/cross-encoder/ms-marco-MiniLM-L6-v2 "HTTP/1.1 200 OK"]
[2026-03-24 14:16:40,767: INFO: token: Entering access token validation method ]
[2026-03-24 14:16:40,811: INFO: guardrails_check: NeMo Guardrails loaded successfully.]
[2026-03-24 14:16:41,128: INFO: action_dispatcher: Initializing action dispatcher]
[2026-03-24 14:16:41,133: INFO: action_dispatcher: Added create_event to actions]
[2026-03-24 14:16:41,135: INFO: action_dispatcher: Added wolfram alpha request to actions]
[2026-03-24 14:16:41,140: INFO: action_dispatcher: Added retrieve_relevant_chunks to actions]
[2026-03-24 14:16:41,217: INFO: action_dispatcher: Added call_activefence_api to actions]
[2026-03-24 14:16:41,226: INFO: action_dispatcher: Added ai_defense_inspect to actions]
[2026-03-24 14:16:41,228: INFO: action_dispatcher: Added GetAttentionPercentageAction to actions]
[2026-03-24 14:16:41,228: INFO: action_dispatcher: Added UpdateAttentionMaterializedViewAction to actions]
[2026-03-24 14:16:41,230: INFO: action_dispatcher: Added autoalign_factcheck_output_api to actions]
[2026-03-24 14:16:41,231: INFO: action_dispatcher: Added autoalign_groundedness_output_api to actions]
[2026-03-24 14:16:41,232: INFO: action_dispatcher: Added autoalign_input_api to actions]
[2026-03-24 14:16:41,232: INFO: action_dispatcher: Added autoalign_output_api to actions]
[2026-03-24 14:16:41,251: INFO: action_dispatcher: Added ClavataCheckAction to actions]
[2026-03-24 14:16:41,253: INFO: action_dispatcher: Added call cleanlab api to actions]
[2026-03-24 14:16:41,257: INFO: action_dispatcher: Added content_safety_check_input to actions]
[2026-03-24 14:16:41,257: INFO: action_dispatcher: Added content_safety_check_output to actions]
[2026-03-24 14:16:41,259: INFO: action_dispatcher: Added detect_language to actions]
[2026-03-24 14:16:41,266: INFO: action_dispatcher: Added crowdstrike_aidr_guard to actions]
[2026-03-24 14:16:41,277: INFO: action_dispatcher: Added alignscore_check_facts to actions]
[2026-03-24 14:16:41,277: INFO: action_dispatcher: Added alignscore request to actions]
[2026-03-24 14:16:41,277: INFO: action_dispatcher: Added self_check_facts to actions]
[2026-03-24 14:16:41,277: INFO: action_dispatcher: Added call fiddler faithfulness to actions]
[2026-03-24 14:16:41,277: INFO: action_dispatcher: Added call fiddler safety on bot message to actions]
[2026-03-24 14:16:41,277: INFO: action_dispatcher: Added call fiddler safety on user message to actions]
[2026-03-24 14:16:41,283: INFO: action_dispatcher: Added call gcpnlp api to actions]
[2026-03-24 14:16:41,299: INFO: action_dispatcher: Added gliner_detect_pii to actions]
[2026-03-24 14:16:41,299: INFO: action_dispatcher: Added gliner_mask_pii to actions]
[2026-03-24 14:16:41,310: INFO: action_dispatcher: Added validate_guardrails_ai_input to actions]
[2026-03-24 14:16:41,310: INFO: action_dispatcher: Added validate_guardrails_ai_output to actions]
[2026-03-24 14:16:41,314: INFO: action_dispatcher: Added self_check_hallucination to actions]
[2026-03-24 14:16:41,317: INFO: action_dispatcher: Added injection_detection to actions]
[2026-03-24 14:16:41,329: INFO: action_dispatcher: Added jailbreak_detection_heuristics to actions]
[2026-03-24 14:16:41,329: INFO: action_dispatcher: Added jailbreak_detection_model to actions]
[2026-03-24 14:16:41,329: INFO: action_dispatcher: Added llama_guard_check_input to actions]
[2026-03-24 14:16:41,329: INFO: action_dispatcher: Added llama_guard_check_output to actions]
[2026-03-24 14:16:41,338: INFO: action_dispatcher: Added pangea_ai_guard to actions]
[2026-03-24 14:16:41,342: INFO: action_dispatcher: Added patronus_api_check_output to actions]
[2026-03-24 14:16:41,342: INFO: action_dispatcher: Added patronus_lynx_check_output_hallucination to actions]
[2026-03-24 14:16:41,346: INFO: action_dispatcher: Added call_policyai_api to actions]
[2026-03-24 14:16:41,346: INFO: action_dispatcher: Added detect_pii to actions]
[2026-03-24 14:16:41,346: INFO: action_dispatcher: Added mask_pii to actions]
[2026-03-24 14:16:41,353: INFO: action_dispatcher: Added protect_text to actions]
[2026-03-24 14:16:41,358: INFO: action_dispatcher: Added detect_regex_pattern to actions]
[2026-03-24 14:16:41,363: INFO: action_dispatcher: Added self_check_facts to actions]
[2026-03-24 14:16:41,365: INFO: action_dispatcher: Added self_check_input to actions]
[2026-03-24 14:16:41,367: INFO: action_dispatcher: Added self_check_output to actions]
[2026-03-24 14:16:41,371: INFO: action_dispatcher: Added detect_sensitive_data to actions]
[2026-03-24 14:16:41,371: INFO: action_dispatcher: Added mask_sensitive_data to actions]
[2026-03-24 14:16:41,373: INFO: action_dispatcher: Added topic_safety_check_input to actions]
[2026-03-24 14:16:41,381: INFO: action_dispatcher: Added trend_ai_guard to actions]
[2026-03-24 14:16:41,383: INFO: action_dispatcher: Added GetCurrentDateTimeAction to actions]
[2026-03-24 14:16:41,383: INFO: action_dispatcher: Registered Actions :: ['ClavataCheckAction', 'GetAttentionPercentageAction', 'GetCurrentDateTimeAction', 'UpdateAttentionMaterializedViewAction', 'ai_defense_inspect', 'alignscore request', 'alignscore_check_facts', 'autoalign_factcheck_output_api', 'autoalign_groundedness_output_api', 'autoalign_input_api', 'autoalign_output_api', 'call cleanlab api', 'call fiddler faithfulness', 'call fiddler safety on bot message', 'call fiddler safety on user message', 'call gcpnlp api', 'call_activefence_api', 'call_policyai_api', 'content_safety_check_input', 'content_safety_check_output', 'create_event', 'crowdstrike_aidr_guard', 'detect_language', 'detect_pii', 'detect_regex_pattern', 'detect_sensitive_data', 'gliner_detect_pii', 'gliner_mask_pii', 'injection_detection', 'jailbreak_detection_heuristics', 'jailbreak_detection_model', 'llama_guard_check_input', 'llama_guard_check_output', 'mask_pii', 'mask_sensitive_data', 'pangea_ai_guard', 'patronus_api_check_output', 'patronus_lynx_check_output_hallucination', 'protect_text', 'retrieve_relevant_chunks', 'self_check_facts', 'self_check_hallucination', 'self_check_input', 'self_check_output', 'topic_safety_check_input', 'trend_ai_guard', 'validate_guardrails_ai_input', 'validate_guardrails_ai_output', 'wolfram alpha request']]
[2026-03-24 14:16:41,385: INFO: action_dispatcher: Action dispatcher initialized]
[2026-03-24 14:16:41,443: ERROR: guardrails_check: Guardrails check failed: Failed to initialize model 'gemini-2.5-flash' with provider 'google' in 'chat' mode: ValueError encountered in initializer _init_chat_completion_model(modes=['chat']) for model: gemini-2.5-flash and provider: google: Unsupported provider='google'.

Supported model providers are: anthropic, anthropic_bedrock, azure_ai, azure_openai, baseten, bedrock, bedrock_converse, cohere, deepseek, fireworks, google_anthropic_vertex, google_genai, google_vertexai, groq, huggingface, ibm, litellm, mistralai, nvidia, ollama, openai, openrouter, perplexity, together, upstage, xai]
[2026-03-24 14:16:41,443: ERROR: chatprocess: Error getting session history: MongoDBChatMessageHistory.__init__() missing 1 required positional argument: 'session_id']
[2026-03-24 14:16:41,443: ERROR: chat: Pipeline failed: MongoDBChatMessageHistory.__init__() missing 1 required positional argument: 'session_id']
[2026-03-24 14:25:07,835: INFO: common: yaml file: config\config.yaml loaded successfully]
[2026-03-24 14:25:08,034: INFO: _client: HTTP Request: GET http://10.192.5.51:8000/api/v2/auth/identity "HTTP/1.1 200 OK"]
[2026-03-24 14:25:08,060: INFO: _client: HTTP Request: GET http://10.192.5.51:8000/api/v2/tenants/default_tenant "HTTP/1.1 200 OK"]
[2026-03-24 14:25:08,073: INFO: _client: HTTP Request: GET http://10.192.5.51:8000/api/v2/tenants/default_tenant/databases/default_database "HTTP/1.1 200 OK"]
[2026-03-24 14:25:11,725: INFO: gcp: Attempt 1: GCP default credentials loaded and project 'macomai-441611' obtained.]
[2026-03-24 14:25:14,177: INFO: Login: Entering the login process function]
[2026-03-24 14:25:14,530: INFO: Login: Token and session updated for user: 101373]
[2026-03-24 14:25:31,639: INFO: chatprocess: Initializing vector store with collection]
[2026-03-24 14:25:31,678: INFO: _client: HTTP Request: POST http://10.192.5.51:8000/api/v2/tenants/default_tenant/databases/default_database/collections "HTTP/1.1 200 OK"]
[2026-03-24 14:25:31,756: INFO: _client: HTTP Request: GET http://10.192.5.51:8000/api/v2/tenants/default_tenant/databases/default_database/collections/91518b3b-a2d1-4c38-b8df-01b360936d38/count?read_level=index_and_wal "HTTP/1.1 200 OK"]
[2026-03-24 14:25:31,758: INFO: chatprocess: Connected to Chroma server - Collection 'langchain' has 3764 documents]
[2026-03-24 14:25:33,477: INFO: _client: HTTP Request: HEAD https://huggingface.co/cross-encoder/ms-marco-MiniLM-L-6-v2/resolve/main/config.json "HTTP/1.1 307 Temporary Redirect"]
[2026-03-24 14:25:33,734: INFO: _client: HTTP Request: HEAD https://huggingface.co/cross-encoder/ms-marco-MiniLM-L6-v2/resolve/main/config.json "HTTP/1.1 307 Temporary Redirect"]
[2026-03-24 14:25:33,767: INFO: _client: HTTP Request: HEAD https://huggingface.co/api/resolve-cache/models/cross-encoder/ms-marco-MiniLM-L6-v2/c5ee24cb16019beea0893ab7796b1df96625c6b8/config.json "HTTP/1.1 200 OK"]
[2026-03-24 14:25:34,295: INFO: _client: HTTP Request: HEAD https://huggingface.co/cross-encoder/ms-marco-MiniLM-L-6-v2/resolve/main/config.json "HTTP/1.1 307 Temporary Redirect"]
[2026-03-24 14:25:34,553: INFO: _client: HTTP Request: HEAD https://huggingface.co/cross-encoder/ms-marco-MiniLM-L6-v2/resolve/main/config.json "HTTP/1.1 307 Temporary Redirect"]
[2026-03-24 14:25:34,593: INFO: _client: HTTP Request: HEAD https://huggingface.co/api/resolve-cache/models/cross-encoder/ms-marco-MiniLM-L6-v2/c5ee24cb16019beea0893ab7796b1df96625c6b8/config.json "HTTP/1.1 200 OK"]
[2026-03-24 14:25:34,866: INFO: _client: HTTP Request: HEAD https://huggingface.co/cross-encoder/ms-marco-MiniLM-L-6-v2/resolve/main/tokenizer_config.json "HTTP/1.1 307 Temporary Redirect"]
[2026-03-24 14:25:35,119: INFO: _client: HTTP Request: HEAD https://huggingface.co/cross-encoder/ms-marco-MiniLM-L6-v2/resolve/main/tokenizer_config.json "HTTP/1.1 307 Temporary Redirect"]
[2026-03-24 14:25:35,144: INFO: _client: HTTP Request: HEAD https://huggingface.co/api/resolve-cache/models/cross-encoder/ms-marco-MiniLM-L6-v2/c5ee24cb16019beea0893ab7796b1df96625c6b8/tokenizer_config.json "HTTP/1.1 200 OK"]
[2026-03-24 14:25:35,410: INFO: _client: HTTP Request: GET https://huggingface.co/api/models/cross-encoder/ms-marco-MiniLM-L-6-v2/tree/main/additional_chat_templates?recursive=false&expand=false "HTTP/1.1 307 Temporary Redirect"]
[2026-03-24 14:25:35,669: INFO: _client: HTTP Request: GET https://huggingface.co/api/models/cross-encoder/ms-marco-MiniLM-L6-v2/tree/main/additional_chat_templates?recursive=false&expand=false "HTTP/1.1 404 Not Found"]
[2026-03-24 14:25:35,934: INFO: _client: HTTP Request: GET https://huggingface.co/api/models/cross-encoder/ms-marco-MiniLM-L-6-v2/tree/main?recursive=true&expand=false "HTTP/1.1 307 Temporary Redirect"]
[2026-03-24 14:25:36,212: INFO: _client: HTTP Request: GET https://huggingface.co/api/models/cross-encoder/ms-marco-MiniLM-L6-v2/tree/main?recursive=true&expand=false "HTTP/1.1 200 OK"]
[2026-03-24 14:25:36,553: INFO: _client: HTTP Request: HEAD https://huggingface.co/cross-encoder/ms-marco-MiniLM-L-6-v2/resolve/main/README.md "HTTP/1.1 307 Temporary Redirect"]
[2026-03-24 14:25:36,846: INFO: _client: HTTP Request: HEAD https://huggingface.co/cross-encoder/ms-marco-MiniLM-L6-v2/resolve/main/README.md "HTTP/1.1 307 Temporary Redirect"]
[2026-03-24 14:25:36,890: INFO: _client: HTTP Request: HEAD https://huggingface.co/api/resolve-cache/models/cross-encoder/ms-marco-MiniLM-L6-v2/c5ee24cb16019beea0893ab7796b1df96625c6b8/README.md "HTTP/1.1 200 OK"]
[2026-03-24 14:25:36,901: INFO: CrossEncoder: Use pytorch device: cpu]
[2026-03-24 14:25:37,164: INFO: _client: HTTP Request: GET https://huggingface.co/api/models/cross-encoder/ms-marco-MiniLM-L-6-v2 "HTTP/1.1 307 Temporary Redirect"]
[2026-03-24 14:25:37,418: INFO: _client: HTTP Request: GET https://huggingface.co/api/models/cross-encoder/ms-marco-MiniLM-L6-v2 "HTTP/1.1 200 OK"]
[2026-03-24 14:25:37,442: INFO: token: Entering access token validation method ]
[2026-03-24 14:26:07,835: INFO: guardrails_check: NeMo Guardrails loaded successfully.]
[2026-03-24 14:26:11,913: INFO: action_dispatcher: Initializing action dispatcher]
[2026-03-24 14:26:11,920: INFO: action_dispatcher: Added create_event to actions]
[2026-03-24 14:26:11,922: INFO: action_dispatcher: Added wolfram alpha request to actions]
[2026-03-24 14:26:11,925: INFO: action_dispatcher: Added retrieve_relevant_chunks to actions]
[2026-03-24 14:26:12,022: INFO: action_dispatcher: Added call_activefence_api to actions]
[2026-03-24 14:26:12,022: INFO: action_dispatcher: Added ai_defense_inspect to actions]
[2026-03-24 14:26:12,022: INFO: action_dispatcher: Added GetAttentionPercentageAction to actions]
[2026-03-24 14:26:12,022: INFO: action_dispatcher: Added UpdateAttentionMaterializedViewAction to actions]
[2026-03-24 14:26:12,031: INFO: action_dispatcher: Added autoalign_factcheck_output_api to actions]
[2026-03-24 14:26:12,032: INFO: action_dispatcher: Added autoalign_groundedness_output_api to actions]
[2026-03-24 14:26:12,032: INFO: action_dispatcher: Added autoalign_input_api to actions]
[2026-03-24 14:26:12,032: INFO: action_dispatcher: Added autoalign_output_api to actions]
[2026-03-24 14:26:12,052: INFO: action_dispatcher: Added ClavataCheckAction to actions]
[2026-03-24 14:26:12,058: INFO: action_dispatcher: Added call cleanlab api to actions]
[2026-03-24 14:26:12,059: INFO: action_dispatcher: Added content_safety_check_input to actions]
[2026-03-24 14:26:12,059: INFO: action_dispatcher: Added content_safety_check_output to actions]
[2026-03-24 14:26:12,059: INFO: action_dispatcher: Added detect_language to actions]
[2026-03-24 14:26:12,069: INFO: action_dispatcher: Added crowdstrike_aidr_guard to actions]
[2026-03-24 14:26:12,076: INFO: action_dispatcher: Added alignscore_check_facts to actions]
[2026-03-24 14:26:12,076: INFO: action_dispatcher: Added alignscore request to actions]
[2026-03-24 14:26:12,076: INFO: action_dispatcher: Added self_check_facts to actions]
[2026-03-24 14:26:12,083: INFO: action_dispatcher: Added call fiddler faithfulness to actions]
[2026-03-24 14:26:12,084: INFO: action_dispatcher: Added call fiddler safety on bot message to actions]
[2026-03-24 14:26:12,084: INFO: action_dispatcher: Added call fiddler safety on user message to actions]
[2026-03-24 14:26:12,086: INFO: action_dispatcher: Added call gcpnlp api to actions]
[2026-03-24 14:26:12,111: INFO: action_dispatcher: Added gliner_detect_pii to actions]
[2026-03-24 14:26:12,112: INFO: action_dispatcher: Added gliner_mask_pii to actions]
[2026-03-24 14:26:12,119: INFO: action_dispatcher: Added validate_guardrails_ai_input to actions]
[2026-03-24 14:26:12,119: INFO: action_dispatcher: Added validate_guardrails_ai_output to actions]
[2026-03-24 14:26:12,125: INFO: action_dispatcher: Added self_check_hallucination to actions]
[2026-03-24 14:26:12,133: INFO: action_dispatcher: Added injection_detection to actions]
[2026-03-24 14:26:12,140: INFO: action_dispatcher: Added jailbreak_detection_heuristics to actions]
[2026-03-24 14:26:12,140: INFO: action_dispatcher: Added jailbreak_detection_model to actions]
[2026-03-24 14:26:12,150: INFO: action_dispatcher: Added llama_guard_check_input to actions]
[2026-03-24 14:26:12,150: INFO: action_dispatcher: Added llama_guard_check_output to actions]
[2026-03-24 14:26:12,160: INFO: action_dispatcher: Added pangea_ai_guard to actions]
[2026-03-24 14:26:12,164: INFO: action_dispatcher: Added patronus_api_check_output to actions]
[2026-03-24 14:26:12,165: INFO: action_dispatcher: Added patronus_lynx_check_output_hallucination to actions]
[2026-03-24 14:26:12,167: INFO: action_dispatcher: Added call_policyai_api to actions]
[2026-03-24 14:26:12,173: INFO: action_dispatcher: Added detect_pii to actions]
[2026-03-24 14:26:12,174: INFO: action_dispatcher: Added mask_pii to actions]
[2026-03-24 14:26:12,176: INFO: action_dispatcher: Added protect_text to actions]
[2026-03-24 14:26:12,183: INFO: action_dispatcher: Added detect_regex_pattern to actions]
[2026-03-24 14:26:12,184: INFO: action_dispatcher: Added self_check_facts to actions]
[2026-03-24 14:26:12,187: INFO: action_dispatcher: Added self_check_input to actions]
[2026-03-24 14:26:12,193: INFO: action_dispatcher: Added self_check_output to actions]
[2026-03-24 14:26:12,196: INFO: action_dispatcher: Added detect_sensitive_data to actions]
[2026-03-24 14:26:12,196: INFO: action_dispatcher: Added mask_sensitive_data to actions]
[2026-03-24 14:26:12,197: INFO: action_dispatcher: Added topic_safety_check_input to actions]
[2026-03-24 14:26:12,205: INFO: action_dispatcher: Added trend_ai_guard to actions]
[2026-03-24 14:26:12,206: INFO: action_dispatcher: Added GetCurrentDateTimeAction to actions]
[2026-03-24 14:26:12,206: INFO: action_dispatcher: Registered Actions :: ['ClavataCheckAction', 'GetAttentionPercentageAction', 'GetCurrentDateTimeAction', 'UpdateAttentionMaterializedViewAction', 'ai_defense_inspect', 'alignscore request', 'alignscore_check_facts', 'autoalign_factcheck_output_api', 'autoalign_groundedness_output_api', 'autoalign_input_api', 'autoalign_output_api', 'call cleanlab api', 'call fiddler faithfulness', 'call fiddler safety on bot message', 'call fiddler safety on user message', 'call gcpnlp api', 'call_activefence_api', 'call_policyai_api', 'content_safety_check_input', 'content_safety_check_output', 'create_event', 'crowdstrike_aidr_guard', 'detect_language', 'detect_pii', 'detect_regex_pattern', 'detect_sensitive_data', 'gliner_detect_pii', 'gliner_mask_pii', 'injection_detection', 'jailbreak_detection_heuristics', 'jailbreak_detection_model', 'llama_guard_check_input', 'llama_guard_check_output', 'mask_pii', 'mask_sensitive_data', 'pangea_ai_guard', 'patronus_api_check_output', 'patronus_lynx_check_output_hallucination', 'protect_text', 'retrieve_relevant_chunks', 'self_check_facts', 'self_check_hallucination', 'self_check_input', 'self_check_output', 'topic_safety_check_input', 'trend_ai_guard', 'validate_guardrails_ai_input', 'validate_guardrails_ai_output', 'wolfram alpha request']]
[2026-03-24 14:26:12,211: INFO: action_dispatcher: Action dispatcher initialized]
[2026-03-24 14:27:51,056: INFO: common: yaml file: config\config.yaml loaded successfully]
[2026-03-24 14:27:54,267: INFO: _client: HTTP Request: GET http://10.192.5.51:8000/api/v2/auth/identity "HTTP/1.1 200 OK"]
[2026-03-24 14:27:54,303: INFO: _client: HTTP Request: GET http://10.192.5.51:8000/api/v2/tenants/default_tenant "HTTP/1.1 200 OK"]
[2026-03-24 14:27:54,320: INFO: _client: HTTP Request: GET http://10.192.5.51:8000/api/v2/tenants/default_tenant/databases/default_database "HTTP/1.1 200 OK"]
[2026-03-24 14:27:57,610: INFO: gcp: Attempt 1: GCP default credentials loaded and project 'macomai-441611' obtained.]
[2026-03-24 14:27:59,798: INFO: Login: Entering the login process function]
[2026-03-24 14:28:00,131: INFO: Login: Token and session updated for user: 101373]
[2026-03-24 14:28:27,498: INFO: chatprocess: Initializing vector store with collection]
[2026-03-24 14:28:31,092: INFO: _client: HTTP Request: POST http://10.192.5.51:8000/api/v2/tenants/default_tenant/databases/default_database/collections "HTTP/1.1 200 OK"]
[2026-03-24 14:28:32,266: INFO: _client: HTTP Request: GET http://10.192.5.51:8000/api/v2/tenants/default_tenant/databases/default_database/collections/91518b3b-a2d1-4c38-b8df-01b360936d38/count?read_level=index_and_wal "HTTP/1.1 200 OK"]
[2026-03-24 14:28:34,296: INFO: chatprocess: Connected to Chroma server - Collection 'langchain' has 3764 documents]
[2026-03-24 14:28:42,882: INFO: _client: HTTP Request: HEAD https://huggingface.co/cross-encoder/ms-marco-MiniLM-L-6-v2/resolve/main/config.json "HTTP/1.1 307 Temporary Redirect"]
[2026-03-24 14:28:43,230: INFO: _client: HTTP Request: HEAD https://huggingface.co/cross-encoder/ms-marco-MiniLM-L6-v2/resolve/main/config.json "HTTP/1.1 307 Temporary Redirect"]
[2026-03-24 14:28:43,233: WARNING: _http: Warning: You are sending unauthenticated requests to the HF Hub. Please set a HF_TOKEN to enable higher rate limits and faster downloads.]
[2026-03-24 14:28:43,298: INFO: _client: HTTP Request: HEAD https://huggingface.co/api/resolve-cache/models/cross-encoder/ms-marco-MiniLM-L6-v2/c5ee24cb16019beea0893ab7796b1df96625c6b8/config.json "HTTP/1.1 200 OK"]
[2026-03-24 14:28:43,901: INFO: _client: HTTP Request: HEAD https://huggingface.co/cross-encoder/ms-marco-MiniLM-L-6-v2/resolve/main/config.json "HTTP/1.1 307 Temporary Redirect"]
[2026-03-24 14:28:44,289: INFO: _client: HTTP Request: HEAD https://huggingface.co/cross-encoder/ms-marco-MiniLM-L6-v2/resolve/main/config.json "HTTP/1.1 307 Temporary Redirect"]
[2026-03-24 14:28:44,386: INFO: _client: HTTP Request: HEAD https://huggingface.co/api/resolve-cache/models/cross-encoder/ms-marco-MiniLM-L6-v2/c5ee24cb16019beea0893ab7796b1df96625c6b8/config.json "HTTP/1.1 200 OK"]
[2026-03-24 14:28:44,755: INFO: _client: HTTP Request: HEAD https://huggingface.co/cross-encoder/ms-marco-MiniLM-L-6-v2/resolve/main/tokenizer_config.json "HTTP/1.1 307 Temporary Redirect"]
[2026-03-24 14:28:45,054: INFO: _client: HTTP Request: HEAD https://huggingface.co/cross-encoder/ms-marco-MiniLM-L6-v2/resolve/main/tokenizer_config.json "HTTP/1.1 307 Temporary Redirect"]
[2026-03-24 14:28:45,130: INFO: _client: HTTP Request: HEAD https://huggingface.co/api/resolve-cache/models/cross-encoder/ms-marco-MiniLM-L6-v2/c5ee24cb16019beea0893ab7796b1df96625c6b8/tokenizer_config.json "HTTP/1.1 200 OK"]
[2026-03-24 14:28:45,469: INFO: _client: HTTP Request: GET https://huggingface.co/api/models/cross-encoder/ms-marco-MiniLM-L-6-v2/tree/main/additional_chat_templates?recursive=false&expand=false "HTTP/1.1 307 Temporary Redirect"]
[2026-03-24 14:28:45,770: INFO: _client: HTTP Request: GET https://huggingface.co/api/models/cross-encoder/ms-marco-MiniLM-L6-v2/tree/main/additional_chat_templates?recursive=false&expand=false "HTTP/1.1 404 Not Found"]
[2026-03-24 14:28:46,058: INFO: _client: HTTP Request: GET https://huggingface.co/api/models/cross-encoder/ms-marco-MiniLM-L-6-v2/tree/main?recursive=true&expand=false "HTTP/1.1 307 Temporary Redirect"]
[2026-03-24 14:28:46,367: INFO: _client: HTTP Request: GET https://huggingface.co/api/models/cross-encoder/ms-marco-MiniLM-L6-v2/tree/main?recursive=true&expand=false "HTTP/1.1 200 OK"]
[2026-03-24 14:28:46,803: INFO: _client: HTTP Request: HEAD https://huggingface.co/cross-encoder/ms-marco-MiniLM-L-6-v2/resolve/main/README.md "HTTP/1.1 307 Temporary Redirect"]
[2026-03-24 14:28:47,122: INFO: _client: HTTP Request: HEAD https://huggingface.co/cross-encoder/ms-marco-MiniLM-L6-v2/resolve/main/README.md "HTTP/1.1 307 Temporary Redirect"]
[2026-03-24 14:28:47,231: INFO: _client: HTTP Request: HEAD https://huggingface.co/api/resolve-cache/models/cross-encoder/ms-marco-MiniLM-L6-v2/c5ee24cb16019beea0893ab7796b1df96625c6b8/README.md "HTTP/1.1 200 OK"]
[2026-03-24 14:28:47,247: INFO: CrossEncoder: Use pytorch device: cpu]
[2026-03-24 14:28:47,571: INFO: _client: HTTP Request: GET https://huggingface.co/api/models/cross-encoder/ms-marco-MiniLM-L-6-v2 "HTTP/1.1 307 Temporary Redirect"]
[2026-03-24 14:28:47,859: INFO: _client: HTTP Request: GET https://huggingface.co/api/models/cross-encoder/ms-marco-MiniLM-L6-v2 "HTTP/1.1 200 OK"]
[2026-03-24 14:29:32,447: INFO: token: Entering access token validation method ]
[2026-03-24 14:29:47,279: INFO: guardrails_check: NeMo Guardrails loaded successfully.]
[2026-03-24 14:29:49,770: INFO: action_dispatcher: Initializing action dispatcher]
[2026-03-24 14:29:49,770: INFO: action_dispatcher: Added create_event to actions]
[2026-03-24 14:29:49,781: INFO: action_dispatcher: Added wolfram alpha request to actions]
[2026-03-24 14:29:49,785: INFO: action_dispatcher: Added retrieve_relevant_chunks to actions]
[2026-03-24 14:29:49,870: INFO: action_dispatcher: Added call_activefence_api to actions]
[2026-03-24 14:29:49,875: INFO: action_dispatcher: Added ai_defense_inspect to actions]
[2026-03-24 14:29:49,877: INFO: action_dispatcher: Added GetAttentionPercentageAction to actions]
[2026-03-24 14:29:49,877: INFO: action_dispatcher: Added UpdateAttentionMaterializedViewAction to actions]
[2026-03-24 14:29:49,882: INFO: action_dispatcher: Added autoalign_factcheck_output_api to actions]
[2026-03-24 14:29:49,882: INFO: action_dispatcher: Added autoalign_groundedness_output_api to actions]
[2026-03-24 14:29:49,883: INFO: action_dispatcher: Added autoalign_input_api to actions]
[2026-03-24 14:29:49,883: INFO: action_dispatcher: Added autoalign_output_api to actions]
[2026-03-24 14:29:49,903: INFO: action_dispatcher: Added ClavataCheckAction to actions]
[2026-03-24 14:29:49,906: INFO: action_dispatcher: Added call cleanlab api to actions]
[2026-03-24 14:29:49,909: INFO: action_dispatcher: Added content_safety_check_input to actions]
[2026-03-24 14:29:49,910: INFO: action_dispatcher: Added content_safety_check_output to actions]
[2026-03-24 14:29:49,910: INFO: action_dispatcher: Added detect_language to actions]
[2026-03-24 14:29:49,919: INFO: action_dispatcher: Added crowdstrike_aidr_guard to actions]
[2026-03-24 14:29:49,926: INFO: action_dispatcher: Added alignscore_check_facts to actions]
[2026-03-24 14:29:49,928: INFO: action_dispatcher: Added alignscore request to actions]
[2026-03-24 14:29:49,928: INFO: action_dispatcher: Added self_check_facts to actions]
[2026-03-24 14:29:49,929: INFO: action_dispatcher: Added call fiddler faithfulness to actions]
[2026-03-24 14:29:49,929: INFO: action_dispatcher: Added call fiddler safety on bot message to actions]
[2026-03-24 14:29:49,929: INFO: action_dispatcher: Added call fiddler safety on user message to actions]
[2026-03-24 14:29:49,936: INFO: action_dispatcher: Added call gcpnlp api to actions]
[2026-03-24 14:29:49,952: INFO: action_dispatcher: Added gliner_detect_pii to actions]
[2026-03-24 14:29:49,952: INFO: action_dispatcher: Added gliner_mask_pii to actions]
[2026-03-24 14:29:49,967: INFO: action_dispatcher: Added validate_guardrails_ai_input to actions]
[2026-03-24 14:29:49,967: INFO: action_dispatcher: Added validate_guardrails_ai_output to actions]
[2026-03-24 14:29:49,968: INFO: action_dispatcher: Added self_check_hallucination to actions]
[2026-03-24 14:29:49,974: INFO: action_dispatcher: Added injection_detection to actions]
[2026-03-24 14:29:49,983: INFO: action_dispatcher: Added jailbreak_detection_heuristics to actions]
[2026-03-24 14:29:49,983: INFO: action_dispatcher: Added jailbreak_detection_model to actions]
[2026-03-24 14:29:49,987: INFO: action_dispatcher: Added llama_guard_check_input to actions]
[2026-03-24 14:29:49,987: INFO: action_dispatcher: Added llama_guard_check_output to actions]
[2026-03-24 14:29:49,991: INFO: action_dispatcher: Added pangea_ai_guard to actions]
[2026-03-24 14:29:49,997: INFO: action_dispatcher: Added patronus_api_check_output to actions]
[2026-03-24 14:29:49,997: INFO: action_dispatcher: Added patronus_lynx_check_output_hallucination to actions]
[2026-03-24 14:29:49,999: INFO: action_dispatcher: Added call_policyai_api to actions]
[2026-03-24 14:29:50,004: INFO: action_dispatcher: Added detect_pii to actions]
[2026-03-24 14:29:50,004: INFO: action_dispatcher: Added mask_pii to actions]
[2026-03-24 14:29:50,006: INFO: action_dispatcher: Added protect_text to actions]
[2026-03-24 14:29:50,015: INFO: action_dispatcher: Added detect_regex_pattern to actions]
[2026-03-24 14:29:50,018: INFO: action_dispatcher: Added self_check_facts to actions]
[2026-03-24 14:29:50,018: INFO: action_dispatcher: Added self_check_input to actions]
[2026-03-24 14:29:50,018: INFO: action_dispatcher: Added self_check_output to actions]
[2026-03-24 14:29:50,027: INFO: action_dispatcher: Added detect_sensitive_data to actions]
[2026-03-24 14:29:50,027: INFO: action_dispatcher: Added mask_sensitive_data to actions]
[2026-03-24 14:29:50,030: INFO: action_dispatcher: Added topic_safety_check_input to actions]
[2026-03-24 14:29:50,037: INFO: action_dispatcher: Added trend_ai_guard to actions]
[2026-03-24 14:29:50,041: INFO: action_dispatcher: Added GetCurrentDateTimeAction to actions]
[2026-03-24 14:29:50,042: INFO: action_dispatcher: Registered Actions :: ['ClavataCheckAction', 'GetAttentionPercentageAction', 'GetCurrentDateTimeAction', 'UpdateAttentionMaterializedViewAction', 'ai_defense_inspect', 'alignscore request', 'alignscore_check_facts', 'autoalign_factcheck_output_api', 'autoalign_groundedness_output_api', 'autoalign_input_api', 'autoalign_output_api', 'call cleanlab api', 'call fiddler faithfulness', 'call fiddler safety on bot message', 'call fiddler safety on user message', 'call gcpnlp api', 'call_activefence_api', 'call_policyai_api', 'content_safety_check_input', 'content_safety_check_output', 'create_event', 'crowdstrike_aidr_guard', 'detect_language', 'detect_pii', 'detect_regex_pattern', 'detect_sensitive_data', 'gliner_detect_pii', 'gliner_mask_pii', 'injection_detection', 'jailbreak_detection_heuristics', 'jailbreak_detection_model', 'llama_guard_check_input', 'llama_guard_check_output', 'mask_pii', 'mask_sensitive_data', 'pangea_ai_guard', 'patronus_api_check_output', 'patronus_lynx_check_output_hallucination', 'protect_text', 'retrieve_relevant_chunks', 'self_check_facts', 'self_check_hallucination', 'self_check_input', 'self_check_output', 'topic_safety_check_input', 'trend_ai_guard', 'validate_guardrails_ai_input', 'validate_guardrails_ai_output', 'wolfram alpha request']]
[2026-03-24 14:29:50,042: INFO: action_dispatcher: Action dispatcher initialized]
[2026-03-24 14:34:32,391: ERROR: guardrails_check: Guardrails check failed: Failed to initialize model 'gemini-2.5-flash' with provider 'google' in 'chat' mode: ValueError encountered in initializer _init_chat_completion_model(modes=['chat']) for model: gemini-2.5-flash and provider: google: Unsupported provider='google'.

Supported model providers are: anthropic, anthropic_bedrock, azure_ai, azure_openai, baseten, bedrock, bedrock_converse, cohere, deepseek, fireworks, google_anthropic_vertex, google_genai, google_vertexai, groq, huggingface, ibm, litellm, mistralai, nvidia, ollama, openai, openrouter, perplexity, together, upstage, xai]
[2026-03-24 14:34:56,905: INFO: models: AFC is enabled with max remote calls: 10.]
[2026-03-24 14:34:59,551: INFO: _client: HTTP Request: POST https://aiplatform.googleapis.com/v1beta1/projects/macomai-441611/locations/global/publishers/google/models/gemini-2.5-flash:generateContent "HTTP/1.1 200 OK"]
[2026-03-24 14:34:59,601: WARNING: _transformers: Non-text part found, only returning text parts.]
[2026-03-24 14:35:11,234: INFO: _client: HTTP Request: POST https://aiplatform.googleapis.com/v1beta1/projects/macomai-441611/locations/global/publishers/google/models/text-embedding-004:predict "HTTP/1.1 400 Bad Request"]
[2026-03-24 14:35:11,310: ERROR: chatprocess: ERROR IN VALIDATION/RAG CHAIN]
[2026-03-24 14:35:14,877: INFO: app: Chat request completed]
[2026-03-24 14:41:41,156: INFO: common: yaml file: config\config.yaml loaded successfully]
[2026-03-24 14:41:55,036: INFO: _client: HTTP Request: GET http://10.192.5.51:8000/api/v2/auth/identity "HTTP/1.1 200 OK"]
[2026-03-24 14:41:55,104: INFO: _client: HTTP Request: GET http://10.192.5.51:8000/api/v2/tenants/default_tenant "HTTP/1.1 200 OK"]
[2026-03-24 14:41:55,123: INFO: _client: HTTP Request: GET http://10.192.5.51:8000/api/v2/tenants/default_tenant/databases/default_database "HTTP/1.1 200 OK"]
[2026-03-24 14:42:20,781: INFO: gcp: Attempt 1: GCP default credentials loaded and project 'macomai-441611' obtained.]
[2026-03-24 14:44:04,761: INFO: Login: Entering the login process function]
[2026-03-24 14:44:05,191: INFO: Login: Token and session updated for user: 101373]
[2026-03-24 14:44:41,614: INFO: chatprocess: Initializing vector store with collection]
[2026-03-24 14:45:04,096: INFO: _client: HTTP Request: POST http://10.192.5.51:8000/api/v2/tenants/default_tenant/databases/default_database/collections "HTTP/1.1 200 OK"]
[2026-03-24 14:45:04,844: INFO: _client: HTTP Request: GET http://10.192.5.51:8000/api/v2/tenants/default_tenant/databases/default_database/collections/91518b3b-a2d1-4c38-b8df-01b360936d38/count?read_level=index_and_wal "HTTP/1.1 200 OK"]
[2026-03-24 14:45:05,526: INFO: chatprocess: Connected to Chroma server - Collection 'langchain' has 3764 documents]
[2026-03-24 14:45:11,970: INFO: _client: HTTP Request: HEAD https://huggingface.co/cross-encoder/ms-marco-MiniLM-L-6-v2/resolve/main/config.json "HTTP/1.1 307 Temporary Redirect"]
[2026-03-24 14:45:12,364: INFO: _client: HTTP Request: HEAD https://huggingface.co/cross-encoder/ms-marco-MiniLM-L6-v2/resolve/main/config.json "HTTP/1.1 307 Temporary Redirect"]
[2026-03-24 14:45:12,459: INFO: _client: HTTP Request: HEAD https://huggingface.co/api/resolve-cache/models/cross-encoder/ms-marco-MiniLM-L6-v2/c5ee24cb16019beea0893ab7796b1df96625c6b8/config.json "HTTP/1.1 200 OK"]
[2026-03-24 14:45:13,127: INFO: _client: HTTP Request: HEAD https://huggingface.co/cross-encoder/ms-marco-MiniLM-L-6-v2/resolve/main/config.json "HTTP/1.1 307 Temporary Redirect"]
[2026-03-24 14:45:13,441: INFO: _client: HTTP Request: HEAD https://huggingface.co/cross-encoder/ms-marco-MiniLM-L6-v2/resolve/main/config.json "HTTP/1.1 307 Temporary Redirect"]
[2026-03-24 14:45:13,542: INFO: _client: HTTP Request: HEAD https://huggingface.co/api/resolve-cache/models/cross-encoder/ms-marco-MiniLM-L6-v2/c5ee24cb16019beea0893ab7796b1df96625c6b8/config.json "HTTP/1.1 200 OK"]
[2026-03-24 14:45:13,892: INFO: _client: HTTP Request: HEAD https://huggingface.co/cross-encoder/ms-marco-MiniLM-L-6-v2/resolve/main/tokenizer_config.json "HTTP/1.1 307 Temporary Redirect"]
[2026-03-24 14:45:14,361: INFO: _client: HTTP Request: HEAD https://huggingface.co/cross-encoder/ms-marco-MiniLM-L6-v2/resolve/main/tokenizer_config.json "HTTP/1.1 307 Temporary Redirect"]
[2026-03-24 14:45:14,587: INFO: _client: HTTP Request: HEAD https://huggingface.co/api/resolve-cache/models/cross-encoder/ms-marco-MiniLM-L6-v2/c5ee24cb16019beea0893ab7796b1df96625c6b8/tokenizer_config.json "HTTP/1.1 200 OK"]
[2026-03-24 14:45:14,908: INFO: _client: HTTP Request: GET https://huggingface.co/api/models/cross-encoder/ms-marco-MiniLM-L-6-v2/tree/main/additional_chat_templates?recursive=false&expand=false "HTTP/1.1 307 Temporary Redirect"]
[2026-03-24 14:45:15,243: INFO: _client: HTTP Request: GET https://huggingface.co/api/models/cross-encoder/ms-marco-MiniLM-L6-v2/tree/main/additional_chat_templates?recursive=false&expand=false "HTTP/1.1 404 Not Found"]
[2026-03-24 14:45:15,579: INFO: _client: HTTP Request: GET https://huggingface.co/api/models/cross-encoder/ms-marco-MiniLM-L-6-v2/tree/main?recursive=true&expand=false "HTTP/1.1 307 Temporary Redirect"]
[2026-03-24 14:45:15,953: INFO: _client: HTTP Request: GET https://huggingface.co/api/models/cross-encoder/ms-marco-MiniLM-L6-v2/tree/main?recursive=true&expand=false "HTTP/1.1 200 OK"]
[2026-03-24 14:45:16,578: INFO: _client: HTTP Request: HEAD https://huggingface.co/cross-encoder/ms-marco-MiniLM-L-6-v2/resolve/main/README.md "HTTP/1.1 307 Temporary Redirect"]
[2026-03-24 14:45:16,921: INFO: _client: HTTP Request: HEAD https://huggingface.co/cross-encoder/ms-marco-MiniLM-L6-v2/resolve/main/README.md "HTTP/1.1 307 Temporary Redirect"]
[2026-03-24 14:45:16,981: INFO: _client: HTTP Request: HEAD https://huggingface.co/api/resolve-cache/models/cross-encoder/ms-marco-MiniLM-L6-v2/c5ee24cb16019beea0893ab7796b1df96625c6b8/README.md "HTTP/1.1 200 OK"]
[2026-03-24 14:45:16,987: INFO: CrossEncoder: Use pytorch device: cpu]
[2026-03-24 14:45:17,292: INFO: _client: HTTP Request: GET https://huggingface.co/api/models/cross-encoder/ms-marco-MiniLM-L-6-v2 "HTTP/1.1 307 Temporary Redirect"]
[2026-03-24 14:45:17,692: INFO: _client: HTTP Request: GET https://huggingface.co/api/models/cross-encoder/ms-marco-MiniLM-L6-v2 "HTTP/1.1 200 OK"]
[2026-03-24 14:45:17,702: INFO: token: Entering access token validation method ]
[2026-03-24 14:45:23,143: INFO: guardrails_check: NeMo Guardrails loaded successfully.]
[2026-03-24 14:45:47,329: INFO: action_dispatcher: Initializing action dispatcher]
[2026-03-24 14:45:47,329: INFO: action_dispatcher: Added create_event to actions]
[2026-03-24 14:45:47,337: INFO: action_dispatcher: Added wolfram alpha request to actions]
[2026-03-24 14:45:47,341: INFO: action_dispatcher: Added retrieve_relevant_chunks to actions]
[2026-03-24 14:45:47,425: INFO: action_dispatcher: Added call_activefence_api to actions]
[2026-03-24 14:45:47,425: INFO: action_dispatcher: Added ai_defense_inspect to actions]
[2026-03-24 14:45:47,425: INFO: action_dispatcher: Added GetAttentionPercentageAction to actions]
[2026-03-24 14:45:47,425: INFO: action_dispatcher: Added UpdateAttentionMaterializedViewAction to actions]
[2026-03-24 14:45:47,444: INFO: action_dispatcher: Added autoalign_factcheck_output_api to actions]
[2026-03-24 14:45:47,444: INFO: action_dispatcher: Added autoalign_groundedness_output_api to actions]
[2026-03-24 14:45:47,445: INFO: action_dispatcher: Added autoalign_input_api to actions]
[2026-03-24 14:45:47,445: INFO: action_dispatcher: Added autoalign_output_api to actions]
[2026-03-24 14:45:47,470: INFO: action_dispatcher: Added ClavataCheckAction to actions]
[2026-03-24 14:45:47,472: INFO: action_dispatcher: Added call cleanlab api to actions]
[2026-03-24 14:45:47,482: INFO: action_dispatcher: Added content_safety_check_input to actions]
[2026-03-24 14:45:47,482: INFO: action_dispatcher: Added content_safety_check_output to actions]
[2026-03-24 14:45:47,483: INFO: action_dispatcher: Added detect_language to actions]
[2026-03-24 14:45:47,487: INFO: action_dispatcher: Added crowdstrike_aidr_guard to actions]
[2026-03-24 14:45:47,497: INFO: action_dispatcher: Added alignscore_check_facts to actions]
[2026-03-24 14:45:47,497: INFO: action_dispatcher: Added alignscore request to actions]
[2026-03-24 14:45:47,497: INFO: action_dispatcher: Added self_check_facts to actions]
[2026-03-24 14:45:47,504: INFO: action_dispatcher: Added call fiddler faithfulness to actions]
[2026-03-24 14:45:47,505: INFO: action_dispatcher: Added call fiddler safety on bot message to actions]
[2026-03-24 14:45:47,505: INFO: action_dispatcher: Added call fiddler safety on user message to actions]
[2026-03-24 14:45:47,506: INFO: action_dispatcher: Added call gcpnlp api to actions]
[2026-03-24 14:45:47,531: INFO: action_dispatcher: Added gliner_detect_pii to actions]
[2026-03-24 14:45:47,532: INFO: action_dispatcher: Added gliner_mask_pii to actions]
[2026-03-24 14:45:47,535: INFO: action_dispatcher: Added validate_guardrails_ai_input to actions]
[2026-03-24 14:45:47,535: INFO: action_dispatcher: Added validate_guardrails_ai_output to actions]
[2026-03-24 14:45:47,544: INFO: action_dispatcher: Added self_check_hallucination to actions]
[2026-03-24 14:45:47,546: INFO: action_dispatcher: Added injection_detection to actions]
[2026-03-24 14:45:47,561: INFO: action_dispatcher: Added jailbreak_detection_heuristics to actions]
[2026-03-24 14:45:47,561: INFO: action_dispatcher: Added jailbreak_detection_model to actions]
[2026-03-24 14:45:47,566: INFO: action_dispatcher: Added llama_guard_check_input to actions]
[2026-03-24 14:45:47,566: INFO: action_dispatcher: Added llama_guard_check_output to actions]
[2026-03-24 14:45:47,567: INFO: action_dispatcher: Added pangea_ai_guard to actions]
[2026-03-24 14:45:47,578: INFO: action_dispatcher: Added patronus_api_check_output to actions]
[2026-03-24 14:45:47,580: INFO: action_dispatcher: Added patronus_lynx_check_output_hallucination to actions]
[2026-03-24 14:45:47,581: INFO: action_dispatcher: Added call_policyai_api to actions]
[2026-03-24 14:45:47,585: INFO: action_dispatcher: Added detect_pii to actions]
[2026-03-24 14:45:47,585: INFO: action_dispatcher: Added mask_pii to actions]
[2026-03-24 14:45:47,587: INFO: action_dispatcher: Added protect_text to actions]
[2026-03-24 14:45:47,598: INFO: action_dispatcher: Added detect_regex_pattern to actions]
[2026-03-24 14:45:47,600: INFO: action_dispatcher: Added self_check_facts to actions]
[2026-03-24 14:45:47,602: INFO: action_dispatcher: Added self_check_input to actions]
[2026-03-24 14:45:47,603: INFO: action_dispatcher: Added self_check_output to actions]
[2026-03-24 14:45:47,603: INFO: action_dispatcher: Added detect_sensitive_data to actions]
[2026-03-24 14:45:47,603: INFO: action_dispatcher: Added mask_sensitive_data to actions]
[2026-03-24 14:45:47,613: INFO: action_dispatcher: Added topic_safety_check_input to actions]
[2026-03-24 14:45:47,619: INFO: action_dispatcher: Added trend_ai_guard to actions]
[2026-03-24 14:45:47,620: INFO: action_dispatcher: Added GetCurrentDateTimeAction to actions]
[2026-03-24 14:45:47,623: INFO: action_dispatcher: Registered Actions :: ['ClavataCheckAction', 'GetAttentionPercentageAction', 'GetCurrentDateTimeAction', 'UpdateAttentionMaterializedViewAction', 'ai_defense_inspect', 'alignscore request', 'alignscore_check_facts', 'autoalign_factcheck_output_api', 'autoalign_groundedness_output_api', 'autoalign_input_api', 'autoalign_output_api', 'call cleanlab api', 'call fiddler faithfulness', 'call fiddler safety on bot message', 'call fiddler safety on user message', 'call gcpnlp api', 'call_activefence_api', 'call_policyai_api', 'content_safety_check_input', 'content_safety_check_output', 'create_event', 'crowdstrike_aidr_guard', 'detect_language', 'detect_pii', 'detect_regex_pattern', 'detect_sensitive_data', 'gliner_detect_pii', 'gliner_mask_pii', 'injection_detection', 'jailbreak_detection_heuristics', 'jailbreak_detection_model', 'llama_guard_check_input', 'llama_guard_check_output', 'mask_pii', 'mask_sensitive_data', 'pangea_ai_guard', 'patronus_api_check_output', 'patronus_lynx_check_output_hallucination', 'protect_text', 'retrieve_relevant_chunks', 'self_check_facts', 'self_check_hallucination', 'self_check_input', 'self_check_output', 'topic_safety_check_input', 'trend_ai_guard', 'validate_guardrails_ai_input', 'validate_guardrails_ai_output', 'wolfram alpha request']]
[2026-03-24 14:45:47,623: INFO: action_dispatcher: Action dispatcher initialized]
[2026-03-24 14:45:58,372: ERROR: guardrails_check: Guardrails check failed: Failed to initialize model 'gemini-2.5-flash' with provider 'google_genai' in 'chat' mode: ValueError encountered in initializer _init_chat_completion_model(modes=['chat']) for model: gemini-2.5-flash and provider: google_genai: 1 validation error for ChatGoogleGenerativeAI
  Value error, API key required for Gemini Developer API. Provide api_key parameter or set GOOGLE_API_KEY/GEMINI_API_KEY environment variable. [type=value_error, input_value={'model': 'gemini-2.5-flash', 'model_kwargs': {}}, input_type=dict]
    For further information visit https://errors.pydantic.dev/2.12/v/value_error]
[2026-03-24 15:17:06,062: INFO: common: yaml file: config\config.yaml loaded successfully]
[2026-03-24 15:17:06,403: INFO: _client: HTTP Request: GET http://10.192.5.51:8000/api/v2/auth/identity "HTTP/1.1 200 OK"]
[2026-03-24 15:17:06,454: INFO: _client: HTTP Request: GET http://10.192.5.51:8000/api/v2/tenants/default_tenant "HTTP/1.1 200 OK"]
[2026-03-24 15:17:06,470: INFO: _client: HTTP Request: GET http://10.192.5.51:8000/api/v2/tenants/default_tenant/databases/default_database "HTTP/1.1 200 OK"]
[2026-03-24 15:17:11,708: INFO: gcp: Attempt 1: GCP default credentials loaded and project 'macomai-441611' obtained.]
[2026-03-24 15:17:15,150: INFO: Login: Entering the login process function]
[2026-03-24 15:17:15,815: INFO: Login: Token and session updated for user: 101373]
[2026-03-24 15:17:38,494: INFO: chatprocess: Initializing vector store with collection]
[2026-03-24 15:17:43,349: INFO: _client: HTTP Request: POST http://10.192.5.51:8000/api/v2/tenants/default_tenant/databases/default_database/collections "HTTP/1.1 200 OK"]
[2026-03-24 15:17:44,373: INFO: _client: HTTP Request: GET http://10.192.5.51:8000/api/v2/tenants/default_tenant/databases/default_database/collections/91518b3b-a2d1-4c38-b8df-01b360936d38/count?read_level=index_and_wal "HTTP/1.1 200 OK"]
[2026-03-24 15:17:45,084: INFO: chatprocess: Connected to Chroma server - Collection 'langchain' has 3764 documents]
[2026-03-24 15:17:56,246: INFO: _client: HTTP Request: HEAD https://huggingface.co/cross-encoder/ms-marco-MiniLM-L-6-v2/resolve/main/config.json "HTTP/1.1 307 Temporary Redirect"]
[2026-03-24 15:17:56,553: INFO: _client: HTTP Request: HEAD https://huggingface.co/cross-encoder/ms-marco-MiniLM-L6-v2/resolve/main/config.json "HTTP/1.1 307 Temporary Redirect"]
[2026-03-24 15:17:56,627: INFO: _client: HTTP Request: HEAD https://huggingface.co/api/resolve-cache/models/cross-encoder/ms-marco-MiniLM-L6-v2/c5ee24cb16019beea0893ab7796b1df96625c6b8/config.json "HTTP/1.1 200 OK"]
[2026-03-24 15:17:57,476: INFO: _client: HTTP Request: HEAD https://huggingface.co/cross-encoder/ms-marco-MiniLM-L-6-v2/resolve/main/config.json "HTTP/1.1 307 Temporary Redirect"]
[2026-03-24 15:17:57,781: INFO: _client: HTTP Request: HEAD https://huggingface.co/cross-encoder/ms-marco-MiniLM-L6-v2/resolve/main/config.json "HTTP/1.1 307 Temporary Redirect"]
[2026-03-24 15:17:57,781: WARNING: _http: Warning: You are sending unauthenticated requests to the HF Hub. Please set a HF_TOKEN to enable higher rate limits and faster downloads.]
[2026-03-24 15:17:57,816: INFO: _client: HTTP Request: HEAD https://huggingface.co/api/resolve-cache/models/cross-encoder/ms-marco-MiniLM-L6-v2/c5ee24cb16019beea0893ab7796b1df96625c6b8/config.json "HTTP/1.1 200 OK"]
[2026-03-24 15:17:58,193: INFO: _client: HTTP Request: HEAD https://huggingface.co/cross-encoder/ms-marco-MiniLM-L-6-v2/resolve/main/tokenizer_config.json "HTTP/1.1 307 Temporary Redirect"]
[2026-03-24 15:17:58,493: INFO: _client: HTTP Request: HEAD https://huggingface.co/cross-encoder/ms-marco-MiniLM-L6-v2/resolve/main/tokenizer_config.json "HTTP/1.1 307 Temporary Redirect"]
[2026-03-24 15:17:58,531: INFO: _client: HTTP Request: HEAD https://huggingface.co/api/resolve-cache/models/cross-encoder/ms-marco-MiniLM-L6-v2/c5ee24cb16019beea0893ab7796b1df96625c6b8/tokenizer_config.json "HTTP/1.1 200 OK"]
[2026-03-24 15:17:58,911: INFO: _client: HTTP Request: GET https://huggingface.co/api/models/cross-encoder/ms-marco-MiniLM-L-6-v2/tree/main/additional_chat_templates?recursive=false&expand=false "HTTP/1.1 307 Temporary Redirect"]
[2026-03-24 15:17:59,215: INFO: _client: HTTP Request: GET https://huggingface.co/api/models/cross-encoder/ms-marco-MiniLM-L6-v2/tree/main/additional_chat_templates?recursive=false&expand=false "HTTP/1.1 404 Not Found"]
[2026-03-24 15:17:59,522: INFO: _client: HTTP Request: GET https://huggingface.co/api/models/cross-encoder/ms-marco-MiniLM-L-6-v2/tree/main?recursive=true&expand=false "HTTP/1.1 307 Temporary Redirect"]
[2026-03-24 15:17:59,830: INFO: _client: HTTP Request: GET https://huggingface.co/api/models/cross-encoder/ms-marco-MiniLM-L6-v2/tree/main?recursive=true&expand=false "HTTP/1.1 200 OK"]
[2026-03-24 15:18:00,334: INFO: _client: HTTP Request: HEAD https://huggingface.co/cross-encoder/ms-marco-MiniLM-L-6-v2/resolve/main/README.md "HTTP/1.1 307 Temporary Redirect"]
[2026-03-24 15:18:00,651: INFO: _client: HTTP Request: HEAD https://huggingface.co/cross-encoder/ms-marco-MiniLM-L6-v2/resolve/main/README.md "HTTP/1.1 307 Temporary Redirect"]
[2026-03-24 15:18:00,689: INFO: _client: HTTP Request: HEAD https://huggingface.co/api/resolve-cache/models/cross-encoder/ms-marco-MiniLM-L6-v2/c5ee24cb16019beea0893ab7796b1df96625c6b8/README.md "HTTP/1.1 200 OK"]
[2026-03-24 15:18:00,706: INFO: CrossEncoder: Use pytorch device: cpu]
[2026-03-24 15:18:01,058: INFO: _client: HTTP Request: GET https://huggingface.co/api/models/cross-encoder/ms-marco-MiniLM-L-6-v2 "HTTP/1.1 307 Temporary Redirect"]
[2026-03-24 15:18:01,375: INFO: _client: HTTP Request: GET https://huggingface.co/api/models/cross-encoder/ms-marco-MiniLM-L6-v2 "HTTP/1.1 200 OK"]
[2026-03-24 15:18:51,672: INFO: token: Entering access token validation method ]
[2026-03-24 15:19:45,942: INFO: guardrails_check: NeMo Guardrails loaded successfully.]
[2026-03-24 15:19:48,525: INFO: action_dispatcher: Initializing action dispatcher]
[2026-03-24 15:19:48,542: INFO: action_dispatcher: Added create_event to actions]
[2026-03-24 15:19:48,545: INFO: action_dispatcher: Added wolfram alpha request to actions]
[2026-03-24 15:19:48,549: INFO: action_dispatcher: Added retrieve_relevant_chunks to actions]
[2026-03-24 15:19:48,733: INFO: action_dispatcher: Added call_activefence_api to actions]
[2026-03-24 15:19:48,733: INFO: action_dispatcher: Added ai_defense_inspect to actions]
[2026-03-24 15:19:48,733: INFO: action_dispatcher: Added GetAttentionPercentageAction to actions]
[2026-03-24 15:19:48,733: INFO: action_dispatcher: Added UpdateAttentionMaterializedViewAction to actions]
[2026-03-24 15:19:48,752: INFO: action_dispatcher: Added autoalign_factcheck_output_api to actions]
[2026-03-24 15:19:48,754: INFO: action_dispatcher: Added autoalign_groundedness_output_api to actions]
[2026-03-24 15:19:48,754: INFO: action_dispatcher: Added autoalign_input_api to actions]
[2026-03-24 15:19:48,756: INFO: action_dispatcher: Added autoalign_output_api to actions]
[2026-03-24 15:19:48,805: INFO: action_dispatcher: Added ClavataCheckAction to actions]
[2026-03-24 15:19:48,808: INFO: action_dispatcher: Added call cleanlab api to actions]
[2026-03-24 15:19:48,821: INFO: action_dispatcher: Added content_safety_check_input to actions]
[2026-03-24 15:19:48,821: INFO: action_dispatcher: Added content_safety_check_output to actions]
[2026-03-24 15:19:48,825: INFO: action_dispatcher: Added detect_language to actions]
[2026-03-24 15:19:48,840: INFO: action_dispatcher: Added crowdstrike_aidr_guard to actions]
[2026-03-24 15:19:48,872: INFO: action_dispatcher: Added alignscore_check_facts to actions]
[2026-03-24 15:19:48,872: INFO: action_dispatcher: Added alignscore request to actions]
[2026-03-24 15:19:48,872: INFO: action_dispatcher: Added self_check_facts to actions]
[2026-03-24 15:19:48,878: INFO: action_dispatcher: Added call fiddler faithfulness to actions]
[2026-03-24 15:19:48,878: INFO: action_dispatcher: Added call fiddler safety on bot message to actions]
[2026-03-24 15:19:48,878: INFO: action_dispatcher: Added call fiddler safety on user message to actions]
[2026-03-24 15:19:48,885: INFO: action_dispatcher: Added call gcpnlp api to actions]
[2026-03-24 15:19:48,910: INFO: action_dispatcher: Added gliner_detect_pii to actions]
[2026-03-24 15:19:48,910: INFO: action_dispatcher: Added gliner_mask_pii to actions]
[2026-03-24 15:19:48,932: INFO: action_dispatcher: Added validate_guardrails_ai_input to actions]
[2026-03-24 15:19:48,937: INFO: action_dispatcher: Added validate_guardrails_ai_output to actions]
[2026-03-24 15:19:48,941: INFO: action_dispatcher: Added self_check_hallucination to actions]
[2026-03-24 15:19:48,958: INFO: action_dispatcher: Added injection_detection to actions]
[2026-03-24 15:19:48,979: INFO: action_dispatcher: Added jailbreak_detection_heuristics to actions]
[2026-03-24 15:19:48,980: INFO: action_dispatcher: Added jailbreak_detection_model to actions]
[2026-03-24 15:19:48,986: INFO: action_dispatcher: Added llama_guard_check_input to actions]
[2026-03-24 15:19:48,986: INFO: action_dispatcher: Added llama_guard_check_output to actions]
[2026-03-24 15:19:49,006: INFO: action_dispatcher: Added pangea_ai_guard to actions]
[2026-03-24 15:19:49,012: INFO: action_dispatcher: Added patronus_api_check_output to actions]
[2026-03-24 15:19:49,012: INFO: action_dispatcher: Added patronus_lynx_check_output_hallucination to actions]
[2026-03-24 15:19:49,020: INFO: action_dispatcher: Added call_policyai_api to actions]
[2026-03-24 15:19:49,028: INFO: action_dispatcher: Added detect_pii to actions]
[2026-03-24 15:19:49,028: INFO: action_dispatcher: Added mask_pii to actions]
[2026-03-24 15:19:49,037: INFO: action_dispatcher: Added protect_text to actions]
[2026-03-24 15:19:49,053: INFO: action_dispatcher: Added detect_regex_pattern to actions]
[2026-03-24 15:19:49,057: INFO: action_dispatcher: Added self_check_facts to actions]
[2026-03-24 15:19:49,062: INFO: action_dispatcher: Added self_check_input to actions]
[2026-03-24 15:19:49,070: INFO: action_dispatcher: Added self_check_output to actions]
[2026-03-24 15:19:49,078: INFO: action_dispatcher: Added detect_sensitive_data to actions]
[2026-03-24 15:19:49,078: INFO: action_dispatcher: Added mask_sensitive_data to actions]
[2026-03-24 15:19:49,084: INFO: action_dispatcher: Added topic_safety_check_input to actions]
[2026-03-24 15:19:49,096: INFO: action_dispatcher: Added trend_ai_guard to actions]
[2026-03-24 15:19:49,105: INFO: action_dispatcher: Added GetCurrentDateTimeAction to actions]
[2026-03-24 15:19:49,110: INFO: action_dispatcher: Registered Actions :: ['ClavataCheckAction', 'GetAttentionPercentageAction', 'GetCurrentDateTimeAction', 'UpdateAttentionMaterializedViewAction', 'ai_defense_inspect', 'alignscore request', 'alignscore_check_facts', 'autoalign_factcheck_output_api', 'autoalign_groundedness_output_api', 'autoalign_input_api', 'autoalign_output_api', 'call cleanlab api', 'call fiddler faithfulness', 'call fiddler safety on bot message', 'call fiddler safety on user message', 'call gcpnlp api', 'call_activefence_api', 'call_policyai_api', 'content_safety_check_input', 'content_safety_check_output', 'create_event', 'crowdstrike_aidr_guard', 'detect_language', 'detect_pii', 'detect_regex_pattern', 'detect_sensitive_data', 'gliner_detect_pii', 'gliner_mask_pii', 'injection_detection', 'jailbreak_detection_heuristics', 'jailbreak_detection_model', 'llama_guard_check_input', 'llama_guard_check_output', 'mask_pii', 'mask_sensitive_data', 'pangea_ai_guard', 'patronus_api_check_output', 'patronus_lynx_check_output_hallucination', 'protect_text', 'retrieve_relevant_chunks', 'self_check_facts', 'self_check_hallucination', 'self_check_input', 'self_check_output', 'topic_safety_check_input', 'trend_ai_guard', 'validate_guardrails_ai_input', 'validate_guardrails_ai_output', 'wolfram alpha request']]
[2026-03-24 15:19:49,110: INFO: action_dispatcher: Action dispatcher initialized]
[2026-03-24 15:20:28,786: ERROR: guardrails_check: Guardrails check failed: Failed to initialize model 'gemini-2.5-flash' with provider 'vertex_ai' in 'chat' mode: ValueError encountered in initializer _init_chat_completion_model(modes=['chat']) for model: gemini-2.5-flash and provider: vertex_ai: Unsupported provider='vertex_ai'.

Supported model providers are: anthropic, anthropic_bedrock, azure_ai, azure_openai, baseten, bedrock, bedrock_converse, cohere, deepseek, fireworks, google_anthropic_vertex, google_genai, google_vertexai, groq, huggingface, ibm, litellm, mistralai, nvidia, ollama, openai, openrouter, perplexity, together, upstage, xai]
[2026-03-24 15:25:50,198: INFO: common: yaml file: config\config.yaml loaded successfully]
[2026-03-24 15:25:50,595: INFO: _client: HTTP Request: GET http://10.192.5.51:8000/api/v2/auth/identity "HTTP/1.1 200 OK"]
[2026-03-24 15:25:50,645: INFO: _client: HTTP Request: GET http://10.192.5.51:8000/api/v2/tenants/default_tenant "HTTP/1.1 200 OK"]
[2026-03-24 15:25:50,668: INFO: _client: HTTP Request: GET http://10.192.5.51:8000/api/v2/tenants/default_tenant/databases/default_database "HTTP/1.1 200 OK"]
[2026-03-24 15:25:56,119: INFO: gcp: Attempt 1: GCP default credentials loaded and project 'macomai-441611' obtained.]
[2026-03-24 15:26:00,114: INFO: Login: Entering the login process function]
[2026-03-24 15:26:00,608: INFO: Login: Token and session updated for user: 101373]
[2026-03-24 15:27:17,265: INFO: chatprocess: Initializing vector store with collection]
[2026-03-24 15:27:22,070: INFO: _client: HTTP Request: POST http://10.192.5.51:8000/api/v2/tenants/default_tenant/databases/default_database/collections "HTTP/1.1 200 OK"]
[2026-03-24 15:27:36,500: INFO: _client: HTTP Request: GET http://10.192.5.51:8000/api/v2/tenants/default_tenant/databases/default_database/collections/91518b3b-a2d1-4c38-b8df-01b360936d38/count?read_level=index_and_wal "HTTP/1.1 200 OK"]
[2026-03-24 15:27:37,985: INFO: chatprocess: Connected to Chroma server - Collection 'langchain' has 3764 documents]
[2026-03-24 15:27:54,568: INFO: _client: HTTP Request: HEAD https://huggingface.co/cross-encoder/ms-marco-MiniLM-L-6-v2/resolve/main/config.json "HTTP/1.1 307 Temporary Redirect"]
[2026-03-24 15:27:54,804: INFO: _client: HTTP Request: HEAD https://huggingface.co/cross-encoder/ms-marco-MiniLM-L6-v2/resolve/main/config.json "HTTP/1.1 307 Temporary Redirect"]
[2026-03-24 15:27:54,835: INFO: _client: HTTP Request: HEAD https://huggingface.co/api/resolve-cache/models/cross-encoder/ms-marco-MiniLM-L6-v2/c5ee24cb16019beea0893ab7796b1df96625c6b8/config.json "HTTP/1.1 200 OK"]
[2026-03-24 15:27:55,803: INFO: _client: HTTP Request: HEAD https://huggingface.co/cross-encoder/ms-marco-MiniLM-L-6-v2/resolve/main/config.json "HTTP/1.1 307 Temporary Redirect"]
[2026-03-24 15:27:56,106: INFO: _client: HTTP Request: HEAD https://huggingface.co/cross-encoder/ms-marco-MiniLM-L6-v2/resolve/main/config.json "HTTP/1.1 307 Temporary Redirect"]
[2026-03-24 15:27:56,135: INFO: _client: HTTP Request: HEAD https://huggingface.co/api/resolve-cache/models/cross-encoder/ms-marco-MiniLM-L6-v2/c5ee24cb16019beea0893ab7796b1df96625c6b8/config.json "HTTP/1.1 200 OK"]
[2026-03-24 15:27:56,400: INFO: _client: HTTP Request: HEAD https://huggingface.co/cross-encoder/ms-marco-MiniLM-L-6-v2/resolve/main/tokenizer_config.json "HTTP/1.1 307 Temporary Redirect"]
[2026-03-24 15:27:56,721: INFO: _client: HTTP Request: HEAD https://huggingface.co/cross-encoder/ms-marco-MiniLM-L6-v2/resolve/main/tokenizer_config.json "HTTP/1.1 307 Temporary Redirect"]
[2026-03-24 15:27:56,749: INFO: _client: HTTP Request: HEAD https://huggingface.co/api/resolve-cache/models/cross-encoder/ms-marco-MiniLM-L6-v2/c5ee24cb16019beea0893ab7796b1df96625c6b8/tokenizer_config.json "HTTP/1.1 200 OK"]
[2026-03-24 15:27:57,128: INFO: _client: HTTP Request: GET https://huggingface.co/api/models/cross-encoder/ms-marco-MiniLM-L-6-v2/tree/main/additional_chat_templates?recursive=false&expand=false "HTTP/1.1 307 Temporary Redirect"]
[2026-03-24 15:27:57,439: INFO: _client: HTTP Request: GET https://huggingface.co/api/models/cross-encoder/ms-marco-MiniLM-L6-v2/tree/main/additional_chat_templates?recursive=false&expand=false "HTTP/1.1 404 Not Found"]
[2026-03-24 15:27:57,748: INFO: _client: HTTP Request: GET https://huggingface.co/api/models/cross-encoder/ms-marco-MiniLM-L-6-v2/tree/main?recursive=true&expand=false "HTTP/1.1 307 Temporary Redirect"]
[2026-03-24 15:27:58,004: INFO: _client: HTTP Request: GET https://huggingface.co/api/models/cross-encoder/ms-marco-MiniLM-L6-v2/tree/main?recursive=true&expand=false "HTTP/1.1 200 OK"]
[2026-03-24 15:27:58,462: INFO: _client: HTTP Request: HEAD https://huggingface.co/cross-encoder/ms-marco-MiniLM-L-6-v2/resolve/main/README.md "HTTP/1.1 307 Temporary Redirect"]
[2026-03-24 15:27:58,761: INFO: _client: HTTP Request: HEAD https://huggingface.co/cross-encoder/ms-marco-MiniLM-L6-v2/resolve/main/README.md "HTTP/1.1 307 Temporary Redirect"]
[2026-03-24 15:27:58,771: WARNING: _http: Warning: You are sending unauthenticated requests to the HF Hub. Please set a HF_TOKEN to enable higher rate limits and faster downloads.]
[2026-03-24 15:27:58,801: INFO: _client: HTTP Request: HEAD https://huggingface.co/api/resolve-cache/models/cross-encoder/ms-marco-MiniLM-L6-v2/c5ee24cb16019beea0893ab7796b1df96625c6b8/README.md "HTTP/1.1 200 OK"]
[2026-03-24 15:27:58,811: INFO: CrossEncoder: Use pytorch device: cpu]
[2026-03-24 15:27:59,178: INFO: _client: HTTP Request: GET https://huggingface.co/api/models/cross-encoder/ms-marco-MiniLM-L-6-v2 "HTTP/1.1 307 Temporary Redirect"]
[2026-03-24 15:27:59,485: INFO: _client: HTTP Request: GET https://huggingface.co/api/models/cross-encoder/ms-marco-MiniLM-L6-v2 "HTTP/1.1 200 OK"]
[2026-03-24 15:29:02,089: INFO: token: Entering access token validation method ]
[2026-03-24 15:29:05,222: INFO: guardrails_check: NeMo Guardrails loaded successfully.]
[2026-03-24 15:33:54,868: INFO: common: yaml file: config\config.yaml loaded successfully]
[2026-03-24 15:33:55,266: INFO: _client: HTTP Request: GET http://10.192.5.51:8000/api/v2/auth/identity "HTTP/1.1 200 OK"]
[2026-03-24 15:33:55,331: INFO: _client: HTTP Request: GET http://10.192.5.51:8000/api/v2/tenants/default_tenant "HTTP/1.1 200 OK"]
[2026-03-24 15:33:55,346: INFO: _client: HTTP Request: GET http://10.192.5.51:8000/api/v2/tenants/default_tenant/databases/default_database "HTTP/1.1 200 OK"]
[2026-03-24 15:34:01,066: INFO: gcp: Attempt 1: GCP default credentials loaded and project 'macomai-441611' obtained.]
[2026-03-24 15:34:04,797: INFO: Login: Entering the login process function]
[2026-03-24 15:34:05,380: INFO: Login: Token and session updated for user: 101373]
[2026-03-24 15:35:06,625: INFO: chatprocess: Initializing vector store with collection]
[2026-03-24 15:35:25,277: INFO: _client: HTTP Request: POST http://10.192.5.51:8000/api/v2/tenants/default_tenant/databases/default_database/collections "HTTP/1.1 200 OK"]
[2026-03-24 15:35:27,169: INFO: _client: HTTP Request: GET http://10.192.5.51:8000/api/v2/tenants/default_tenant/databases/default_database/collections/91518b3b-a2d1-4c38-b8df-01b360936d38/count?read_level=index_and_wal "HTTP/1.1 200 OK"]
[2026-03-24 15:35:31,832: INFO: chatprocess: Connected to Chroma server - Collection 'langchain' has 3764 documents]
[2026-03-24 15:36:02,705: INFO: _client: HTTP Request: HEAD https://huggingface.co/cross-encoder/ms-marco-MiniLM-L-6-v2/resolve/main/config.json "HTTP/1.1 307 Temporary Redirect"]
[2026-03-24 15:36:03,017: INFO: _client: HTTP Request: HEAD https://huggingface.co/cross-encoder/ms-marco-MiniLM-L6-v2/resolve/main/config.json "HTTP/1.1 307 Temporary Redirect"]
[2026-03-24 15:36:03,126: INFO: _client: HTTP Request: HEAD https://huggingface.co/api/resolve-cache/models/cross-encoder/ms-marco-MiniLM-L6-v2/c5ee24cb16019beea0893ab7796b1df96625c6b8/config.json "HTTP/1.1 200 OK"]
[2026-03-24 15:36:04,048: INFO: _client: HTTP Request: HEAD https://huggingface.co/cross-encoder/ms-marco-MiniLM-L-6-v2/resolve/main/config.json "HTTP/1.1 307 Temporary Redirect"]
[2026-03-24 15:36:04,452: INFO: _client: HTTP Request: HEAD https://huggingface.co/cross-encoder/ms-marco-MiniLM-L6-v2/resolve/main/config.json "HTTP/1.1 307 Temporary Redirect"]
[2026-03-24 15:36:04,530: INFO: _client: HTTP Request: HEAD https://huggingface.co/api/resolve-cache/models/cross-encoder/ms-marco-MiniLM-L6-v2/c5ee24cb16019beea0893ab7796b1df96625c6b8/config.json "HTTP/1.1 200 OK"]
[2026-03-24 15:36:04,859: INFO: _client: HTTP Request: HEAD https://huggingface.co/cross-encoder/ms-marco-MiniLM-L-6-v2/resolve/main/tokenizer_config.json "HTTP/1.1 307 Temporary Redirect"]
[2026-03-24 15:36:05,157: INFO: _client: HTTP Request: HEAD https://huggingface.co/cross-encoder/ms-marco-MiniLM-L6-v2/resolve/main/tokenizer_config.json "HTTP/1.1 307 Temporary Redirect"]
[2026-03-24 15:36:05,373: INFO: _client: HTTP Request: HEAD https://huggingface.co/api/resolve-cache/models/cross-encoder/ms-marco-MiniLM-L6-v2/c5ee24cb16019beea0893ab7796b1df96625c6b8/tokenizer_config.json "HTTP/1.1 200 OK"]
[2026-03-24 15:36:05,740: INFO: _client: HTTP Request: GET https://huggingface.co/api/models/cross-encoder/ms-marco-MiniLM-L-6-v2/tree/main/additional_chat_templates?recursive=false&expand=false "HTTP/1.1 307 Temporary Redirect"]
[2026-03-24 15:36:06,039: INFO: _client: HTTP Request: GET https://huggingface.co/api/models/cross-encoder/ms-marco-MiniLM-L6-v2/tree/main/additional_chat_templates?recursive=false&expand=false "HTTP/1.1 404 Not Found"]
[2026-03-24 15:36:06,400: INFO: _client: HTTP Request: GET https://huggingface.co/api/models/cross-encoder/ms-marco-MiniLM-L-6-v2/tree/main?recursive=true&expand=false "HTTP/1.1 307 Temporary Redirect"]
[2026-03-24 15:36:07,010: INFO: _client: HTTP Request: GET https://huggingface.co/api/models/cross-encoder/ms-marco-MiniLM-L6-v2/tree/main?recursive=true&expand=false "HTTP/1.1 200 OK"]
[2026-03-24 15:36:07,626: INFO: _client: HTTP Request: HEAD https://huggingface.co/cross-encoder/ms-marco-MiniLM-L-6-v2/resolve/main/README.md "HTTP/1.1 307 Temporary Redirect"]
[2026-03-24 15:36:08,143: INFO: _client: HTTP Request: HEAD https://huggingface.co/cross-encoder/ms-marco-MiniLM-L6-v2/resolve/main/README.md "HTTP/1.1 307 Temporary Redirect"]
[2026-03-24 15:36:08,147: WARNING: _http: Warning: You are sending unauthenticated requests to the HF Hub. Please set a HF_TOKEN to enable higher rate limits and faster downloads.]
[2026-03-24 15:36:08,249: INFO: _client: HTTP Request: HEAD https://huggingface.co/api/resolve-cache/models/cross-encoder/ms-marco-MiniLM-L6-v2/c5ee24cb16019beea0893ab7796b1df96625c6b8/README.md "HTTP/1.1 200 OK"]
[2026-03-24 15:36:08,257: INFO: CrossEncoder: Use pytorch device: cpu]
[2026-03-24 15:36:08,658: INFO: _client: HTTP Request: GET https://huggingface.co/api/models/cross-encoder/ms-marco-MiniLM-L-6-v2 "HTTP/1.1 307 Temporary Redirect"]
[2026-03-24 15:36:09,058: INFO: _client: HTTP Request: GET https://huggingface.co/api/models/cross-encoder/ms-marco-MiniLM-L6-v2 "HTTP/1.1 200 OK"]
[2026-03-24 15:37:51,370: INFO: token: Entering access token validation method ]
[2026-03-24 15:37:54,840: INFO: guardrails_check: NeMo Guardrails loaded successfully.]
[2026-03-24 15:37:57,942: INFO: action_dispatcher: Initializing action dispatcher]
[2026-03-24 15:37:57,948: INFO: action_dispatcher: Added create_event to actions]
[2026-03-24 15:37:57,948: INFO: action_dispatcher: Added wolfram alpha request to actions]
[2026-03-24 15:37:57,956: INFO: action_dispatcher: Added retrieve_relevant_chunks to actions]
[2026-03-24 15:37:58,114: INFO: action_dispatcher: Added call_activefence_api to actions]
[2026-03-24 15:37:58,118: INFO: action_dispatcher: Added ai_defense_inspect to actions]
[2026-03-24 15:37:58,123: INFO: action_dispatcher: Added GetAttentionPercentageAction to actions]
[2026-03-24 15:37:58,126: INFO: action_dispatcher: Added UpdateAttentionMaterializedViewAction to actions]
[2026-03-24 15:37:58,126: INFO: action_dispatcher: Added autoalign_factcheck_output_api to actions]
[2026-03-24 15:37:58,131: INFO: action_dispatcher: Added autoalign_groundedness_output_api to actions]
[2026-03-24 15:37:58,131: INFO: action_dispatcher: Added autoalign_input_api to actions]
[2026-03-24 15:37:58,132: INFO: action_dispatcher: Added autoalign_output_api to actions]
[2026-03-24 15:37:58,170: INFO: action_dispatcher: Added ClavataCheckAction to actions]
[2026-03-24 15:37:58,176: INFO: action_dispatcher: Added call cleanlab api to actions]
[2026-03-24 15:37:58,182: INFO: action_dispatcher: Added content_safety_check_input to actions]
[2026-03-24 15:37:58,186: INFO: action_dispatcher: Added content_safety_check_output to actions]
[2026-03-24 15:37:58,186: INFO: action_dispatcher: Added detect_language to actions]
[2026-03-24 15:37:58,189: INFO: action_dispatcher: Added crowdstrike_aidr_guard to actions]
[2026-03-24 15:37:58,215: INFO: action_dispatcher: Added alignscore_check_facts to actions]
[2026-03-24 15:37:58,215: INFO: action_dispatcher: Added alignscore request to actions]
[2026-03-24 15:37:58,217: INFO: action_dispatcher: Added self_check_facts to actions]
[2026-03-24 15:37:58,223: INFO: action_dispatcher: Added call fiddler faithfulness to actions]
[2026-03-24 15:37:58,223: INFO: action_dispatcher: Added call fiddler safety on bot message to actions]
[2026-03-24 15:37:58,223: INFO: action_dispatcher: Added call fiddler safety on user message to actions]
[2026-03-24 15:37:58,229: INFO: action_dispatcher: Added call gcpnlp api to actions]
[2026-03-24 15:37:58,288: INFO: action_dispatcher: Added gliner_detect_pii to actions]
[2026-03-24 15:37:58,288: INFO: action_dispatcher: Added gliner_mask_pii to actions]
[2026-03-24 15:37:58,309: INFO: action_dispatcher: Added validate_guardrails_ai_input to actions]
[2026-03-24 15:37:58,309: INFO: action_dispatcher: Added validate_guardrails_ai_output to actions]
[2026-03-24 15:37:58,322: INFO: action_dispatcher: Added self_check_hallucination to actions]
[2026-03-24 15:37:58,339: INFO: action_dispatcher: Added injection_detection to actions]
[2026-03-24 15:37:58,355: INFO: action_dispatcher: Added jailbreak_detection_heuristics to actions]
[2026-03-24 15:37:58,355: INFO: action_dispatcher: Added jailbreak_detection_model to actions]
[2026-03-24 15:37:58,365: INFO: action_dispatcher: Added llama_guard_check_input to actions]
[2026-03-24 15:37:58,365: INFO: action_dispatcher: Added llama_guard_check_output to actions]
[2026-03-24 15:37:58,380: INFO: action_dispatcher: Added pangea_ai_guard to actions]
[2026-03-24 15:37:58,392: INFO: action_dispatcher: Added patronus_api_check_output to actions]
[2026-03-24 15:37:58,392: INFO: action_dispatcher: Added patronus_lynx_check_output_hallucination to actions]
[2026-03-24 15:37:58,399: INFO: action_dispatcher: Added call_policyai_api to actions]
[2026-03-24 15:37:58,418: INFO: action_dispatcher: Added detect_pii to actions]
[2026-03-24 15:37:58,423: INFO: action_dispatcher: Added mask_pii to actions]
[2026-03-24 15:37:58,426: INFO: action_dispatcher: Added protect_text to actions]
[2026-03-24 15:37:58,448: INFO: action_dispatcher: Added detect_regex_pattern to actions]
[2026-03-24 15:37:58,451: INFO: action_dispatcher: Added self_check_facts to actions]
[2026-03-24 15:37:58,460: INFO: action_dispatcher: Added self_check_input to actions]
[2026-03-24 15:37:58,463: INFO: action_dispatcher: Added self_check_output to actions]
[2026-03-24 15:37:58,473: INFO: action_dispatcher: Added detect_sensitive_data to actions]
[2026-03-24 15:37:58,473: INFO: action_dispatcher: Added mask_sensitive_data to actions]
[2026-03-24 15:37:58,479: INFO: action_dispatcher: Added topic_safety_check_input to actions]
[2026-03-24 15:37:58,496: INFO: action_dispatcher: Added trend_ai_guard to actions]
[2026-03-24 15:37:58,496: INFO: action_dispatcher: Added GetCurrentDateTimeAction to actions]
[2026-03-24 15:37:58,505: INFO: action_dispatcher: Registered Actions :: ['ClavataCheckAction', 'GetAttentionPercentageAction', 'GetCurrentDateTimeAction', 'UpdateAttentionMaterializedViewAction', 'ai_defense_inspect', 'alignscore request', 'alignscore_check_facts', 'autoalign_factcheck_output_api', 'autoalign_groundedness_output_api', 'autoalign_input_api', 'autoalign_output_api', 'call cleanlab api', 'call fiddler faithfulness', 'call fiddler safety on bot message', 'call fiddler safety on user message', 'call gcpnlp api', 'call_activefence_api', 'call_policyai_api', 'content_safety_check_input', 'content_safety_check_output', 'create_event', 'crowdstrike_aidr_guard', 'detect_language', 'detect_pii', 'detect_regex_pattern', 'detect_sensitive_data', 'gliner_detect_pii', 'gliner_mask_pii', 'injection_detection', 'jailbreak_detection_heuristics', 'jailbreak_detection_model', 'llama_guard_check_input', 'llama_guard_check_output', 'mask_pii', 'mask_sensitive_data', 'pangea_ai_guard', 'patronus_api_check_output', 'patronus_lynx_check_output_hallucination', 'protect_text', 'retrieve_relevant_chunks', 'self_check_facts', 'self_check_hallucination', 'self_check_input', 'self_check_output', 'topic_safety_check_input', 'trend_ai_guard', 'validate_guardrails_ai_input', 'validate_guardrails_ai_output', 'wolfram alpha request']]
[2026-03-24 15:37:58,506: INFO: action_dispatcher: Action dispatcher initialized]
[2026-03-24 15:37:58,639: WARNING: llmrails: Both an LLM was provided via constructor and a main LLM is specified in the config. The LLM provided via constructor will be used and the main LLM from config will be ignored.]
[2026-03-24 15:38:24,104: INFO: runtime: Processing event: {'type': 'UtteranceUserActionFinished', 'final_transcript': 'hi'}]
[2026-03-24 15:38:24,104: INFO: runtime: Event :: ContextUpdate {'uid': 'fbcb1e5c-6b66-43cc-9393-7d767b944e1c', 'event_created_at': '2026-03-24T10:08:24.104786+00:00', 'source_uid': 'NeMoGuardrails', 'data': {'user_message': 'hi'}}]
[2026-03-24 15:38:24,104: INFO: runtime: Event :: StartInternalSystemAction {'uid': '93cdf066-d05b-4531-bda6-68eed7aac596', 'event_created_at': '2026-03-24T10:08:24.104786+00:00', 'source_uid': 'NeMoGuardrails', 'action_name': 'create_event', 'action_params': {'event': {'_type': 'StartInputRails'}}, 'action_result_key': None, 'action_uid': '8e0699e6-e5c6-4a39-aac7-5784769c7b5d', 'is_system_action': True}]
[2026-03-24 15:38:24,104: INFO: runtime: Processing event: {'type': 'StartInternalSystemAction', 'uid': '93cdf066-d05b-4531-bda6-68eed7aac596', 'event_created_at': '2026-03-24T10:08:24.104786+00:00', 'source_uid': 'NeMoGuardrails', 'action_name': 'create_event', 'action_params': {'event': {'_type': 'StartInputRails'}}, 'action_result_key': None, 'action_uid': '8e0699e6-e5c6-4a39-aac7-5784769c7b5d', 'is_system_action': True}]
[2026-03-24 15:38:24,115: INFO: runtime: Executing action :: create_event]
[2026-03-24 15:38:24,115: INFO: action_dispatcher: Executing registered action: create_event]
[2026-03-24 15:38:24,115: INFO: runtime: Event :: InternalSystemActionFinished {'uid': '1d606301-9b0b-44a3-b06f-af6008cb0f92', 'event_created_at': '2026-03-24T10:08:24.115203+00:00', 'source_uid': 'NeMoGuardrails', 'action_uid': '8e0699e6-e5c6-4a39-aac7-5784769c7b5d', 'action_name': 'create_event', 'action_params': {'event': {'_type': 'StartInputRails'}}, 'action_result_key': None, 'status': 'success', 'is_success': True, 'return_value': None, 'events': [{'type': 'StartInputRails', 'uid': '373ce33f-a06a-47ec-813e-bb5e2351b3c3', 'event_created_at': '2026-03-24T10:08:24.115203+00:00', 'source_uid': 'NeMoGuardrails'}], 'is_system_action': True, 'action_finished_at': '2026-03-24T10:08:24.115203+00:00'}]
[2026-03-24 15:38:24,115: INFO: runtime: Event :: StartInputRails {'uid': '373ce33f-a06a-47ec-813e-bb5e2351b3c3', 'event_created_at': '2026-03-24T10:08:24.115203+00:00', 'source_uid': 'NeMoGuardrails'}]
[2026-03-24 15:38:24,115: INFO: runtime: Processing event: {'type': 'StartInputRails', 'uid': '373ce33f-a06a-47ec-813e-bb5e2351b3c3', 'event_created_at': '2026-03-24T10:08:24.115203+00:00', 'source_uid': 'NeMoGuardrails'}]
[2026-03-24 15:38:24,129: INFO: runtime: Event :: ContextUpdate {'uid': '44517002-7b69-43c9-a8a8-6554eb7b2cff', 'event_created_at': '2026-03-24T10:08:24.129027+00:00', 'source_uid': 'NeMoGuardrails', 'data': {'input_flows': ['check_dangerous_content', 'check_code_content', 'check_unrelated_content'], 'i': 0, 'triggered_input_rail': 'check_dangerous_content'}}]
[2026-03-24 15:38:24,129: INFO: runtime: Event :: StartInternalSystemAction {'uid': '46f5227f-ddfa-4a12-b0b4-cd80e1a05d54', 'event_created_at': '2026-03-24T10:08:24.129027+00:00', 'source_uid': 'NeMoGuardrails', 'action_name': 'create_event', 'action_params': {'event': {'_type': 'StartInputRail', 'flow_id': '$triggered_input_rail'}}, 'action_result_key': None, 'action_uid': '845ea147-92a7-43b5-a42b-4b6cddfae179', 'is_system_action': True}]
[2026-03-24 15:38:24,132: INFO: runtime: Processing event: {'type': 'StartInternalSystemAction', 'uid': '46f5227f-ddfa-4a12-b0b4-cd80e1a05d54', 'event_created_at': '2026-03-24T10:08:24.129027+00:00', 'source_uid': 'NeMoGuardrails', 'action_name': 'create_event', 'action_params': {'event': {'_type': 'StartInputRail', 'flow_id': '$triggered_input_rail'}}, 'action_result_key': None, 'action_uid': '845ea147-92a7-43b5-a42b-4b6cddfae179', 'is_system_action': True}]
[2026-03-24 15:38:24,133: INFO: runtime: Executing action :: create_event]
[2026-03-24 15:38:24,133: INFO: action_dispatcher: Executing registered action: create_event]
[2026-03-24 15:38:24,136: INFO: runtime: Event :: InternalSystemActionFinished {'uid': 'c72a1388-8390-4b22-9f62-4dd9a707fab1', 'event_created_at': '2026-03-24T10:08:24.133492+00:00', 'source_uid': 'NeMoGuardrails', 'action_uid': '845ea147-92a7-43b5-a42b-4b6cddfae179', 'action_name': 'create_event', 'action_params': {'event': {'_type': 'StartInputRail', 'flow_id': '$triggered_input_rail'}}, 'action_result_key': None, 'status': 'success', 'is_success': True, 'return_value': None, 'events': [{'type': 'StartInputRail', 'uid': '3ba7ad24-ade0-4599-813a-5dd066949860', 'event_created_at': '2026-03-24T10:08:24.133492+00:00', 'source_uid': 'NeMoGuardrails', 'flow_id': 'check_dangerous_content'}], 'is_system_action': True, 'action_finished_at': '2026-03-24T10:08:24.133492+00:00'}]
[2026-03-24 15:38:24,138: INFO: runtime: Event :: StartInputRail {'uid': '3ba7ad24-ade0-4599-813a-5dd066949860', 'event_created_at': '2026-03-24T10:08:24.133492+00:00', 'source_uid': 'NeMoGuardrails', 'flow_id': 'check_dangerous_content'}]
[2026-03-24 15:38:24,140: INFO: runtime: Processing event: {'type': 'StartInputRail', 'uid': '3ba7ad24-ade0-4599-813a-5dd066949860', 'event_created_at': '2026-03-24T10:08:24.133492+00:00', 'source_uid': 'NeMoGuardrails', 'flow_id': 'check_dangerous_content'}]
[2026-03-24 15:38:24,149: INFO: runtime: Event :: Listen {'uid': '22586bff-ca45-4ef7-b637-cd9c4595d3b1', 'event_created_at': '2026-03-24T10:08:24.146354+00:00', 'source_uid': 'NeMoGuardrails'}]
[2026-03-24 15:38:24,150: INFO: llmrails: --- :: Total processing took 0.05 seconds. Stats: 0 total calls, 0 total time, 0 total tokens, 0 total prompt tokens, 0 total completion tokens, [] as latencies]
[2026-03-24 15:51:50,040: INFO: utils: NumExpr defaulting to 8 threads.]
[2026-03-24 15:52:18,754: INFO: common: yaml file: config\config.yaml loaded successfully]
[2026-03-24 15:52:19,173: INFO: _client: HTTP Request: GET http://10.192.5.51:8000/api/v2/auth/identity "HTTP/1.1 200 OK"]
[2026-03-24 15:52:19,225: INFO: _client: HTTP Request: GET http://10.192.5.51:8000/api/v2/tenants/default_tenant "HTTP/1.1 200 OK"]
[2026-03-24 15:52:19,244: INFO: _client: HTTP Request: GET http://10.192.5.51:8000/api/v2/tenants/default_tenant/databases/default_database "HTTP/1.1 200 OK"]
[2026-03-24 15:52:25,961: INFO: gcp: Attempt 1: GCP default credentials loaded and project 'macomai-441611' obtained.]
[2026-03-24 15:52:29,771: INFO: Login: Entering the login process function]
[2026-03-24 15:52:30,279: INFO: Login: Token and session updated for user: 101373]
[2026-03-24 15:52:49,802: INFO: chatprocess: Initializing vector store with collection]
[2026-03-24 15:52:52,664: INFO: _client: HTTP Request: POST http://10.192.5.51:8000/api/v2/tenants/default_tenant/databases/default_database/collections "HTTP/1.1 200 OK"]
[2026-03-24 15:52:54,010: INFO: _client: HTTP Request: GET http://10.192.5.51:8000/api/v2/tenants/default_tenant/databases/default_database/collections/91518b3b-a2d1-4c38-b8df-01b360936d38/count?read_level=index_and_wal "HTTP/1.1 200 OK"]
[2026-03-24 15:52:54,549: INFO: chatprocess: Connected to Chroma server - Collection 'langchain' has 3764 documents]
[2026-03-24 15:53:01,492: INFO: _client: HTTP Request: HEAD https://huggingface.co/cross-encoder/ms-marco-MiniLM-L-6-v2/resolve/main/config.json "HTTP/1.1 307 Temporary Redirect"]
[2026-03-24 15:53:01,892: INFO: _client: HTTP Request: HEAD https://huggingface.co/cross-encoder/ms-marco-MiniLM-L6-v2/resolve/main/config.json "HTTP/1.1 307 Temporary Redirect"]
[2026-03-24 15:53:01,980: INFO: _client: HTTP Request: HEAD https://huggingface.co/api/resolve-cache/models/cross-encoder/ms-marco-MiniLM-L6-v2/c5ee24cb16019beea0893ab7796b1df96625c6b8/config.json "HTTP/1.1 200 OK"]
[2026-03-24 15:53:02,920: INFO: _client: HTTP Request: HEAD https://huggingface.co/cross-encoder/ms-marco-MiniLM-L-6-v2/resolve/main/config.json "HTTP/1.1 307 Temporary Redirect"]
[2026-03-24 15:53:03,224: INFO: _client: HTTP Request: HEAD https://huggingface.co/cross-encoder/ms-marco-MiniLM-L6-v2/resolve/main/config.json "HTTP/1.1 307 Temporary Redirect"]
[2026-03-24 15:53:03,298: INFO: _client: HTTP Request: HEAD https://huggingface.co/api/resolve-cache/models/cross-encoder/ms-marco-MiniLM-L6-v2/c5ee24cb16019beea0893ab7796b1df96625c6b8/config.json "HTTP/1.1 200 OK"]
[2026-03-24 15:53:03,636: INFO: _client: HTTP Request: HEAD https://huggingface.co/cross-encoder/ms-marco-MiniLM-L-6-v2/resolve/main/tokenizer_config.json "HTTP/1.1 307 Temporary Redirect"]
[2026-03-24 15:53:03,942: INFO: _client: HTTP Request: HEAD https://huggingface.co/cross-encoder/ms-marco-MiniLM-L6-v2/resolve/main/tokenizer_config.json "HTTP/1.1 307 Temporary Redirect"]
[2026-03-24 15:53:04,024: INFO: _client: HTTP Request: HEAD https://huggingface.co/api/resolve-cache/models/cross-encoder/ms-marco-MiniLM-L6-v2/c5ee24cb16019beea0893ab7796b1df96625c6b8/tokenizer_config.json "HTTP/1.1 200 OK"]
[2026-03-24 15:53:04,351: INFO: _client: HTTP Request: GET https://huggingface.co/api/models/cross-encoder/ms-marco-MiniLM-L-6-v2/tree/main/additional_chat_templates?recursive=false&expand=false "HTTP/1.1 307 Temporary Redirect"]
[2026-03-24 15:53:04,658: INFO: _client: HTTP Request: GET https://huggingface.co/api/models/cross-encoder/ms-marco-MiniLM-L6-v2/tree/main/additional_chat_templates?recursive=false&expand=false "HTTP/1.1 404 Not Found"]
[2026-03-24 15:53:04,967: INFO: _client: HTTP Request: GET https://huggingface.co/api/models/cross-encoder/ms-marco-MiniLM-L-6-v2/tree/main?recursive=true&expand=false "HTTP/1.1 307 Temporary Redirect"]
[2026-03-24 15:53:05,258: INFO: _client: HTTP Request: GET https://huggingface.co/api/models/cross-encoder/ms-marco-MiniLM-L6-v2/tree/main?recursive=true&expand=false "HTTP/1.1 200 OK"]
[2026-03-24 15:53:05,675: INFO: _client: HTTP Request: HEAD https://huggingface.co/cross-encoder/ms-marco-MiniLM-L-6-v2/resolve/main/README.md "HTTP/1.1 307 Temporary Redirect"]
[2026-03-24 15:53:05,991: INFO: _client: HTTP Request: HEAD https://huggingface.co/cross-encoder/ms-marco-MiniLM-L6-v2/resolve/main/README.md "HTTP/1.1 307 Temporary Redirect"]
[2026-03-24 15:53:06,056: INFO: _client: HTTP Request: HEAD https://huggingface.co/api/resolve-cache/models/cross-encoder/ms-marco-MiniLM-L6-v2/c5ee24cb16019beea0893ab7796b1df96625c6b8/README.md "HTTP/1.1 200 OK"]
[2026-03-24 15:53:06,064: INFO: CrossEncoder: Use pytorch device: cpu]
[2026-03-24 15:53:06,408: INFO: _client: HTTP Request: GET https://huggingface.co/api/models/cross-encoder/ms-marco-MiniLM-L-6-v2 "HTTP/1.1 307 Temporary Redirect"]
[2026-03-24 15:53:06,709: INFO: _client: HTTP Request: GET https://huggingface.co/api/models/cross-encoder/ms-marco-MiniLM-L6-v2 "HTTP/1.1 200 OK"]
[2026-03-24 15:53:50,866: INFO: token: Entering access token validation method ]
[2026-03-24 15:54:02,459: INFO: guardrails_check: NeMo Guardrails loaded successfully.]
[2026-03-24 15:54:04,071: INFO: action_dispatcher: Initializing action dispatcher]
[2026-03-24 15:54:04,090: INFO: action_dispatcher: Added create_event to actions]
[2026-03-24 15:54:04,095: INFO: action_dispatcher: Added wolfram alpha request to actions]
[2026-03-24 15:54:04,102: INFO: action_dispatcher: Added retrieve_relevant_chunks to actions]
[2026-03-24 15:54:04,300: INFO: action_dispatcher: Added call_activefence_api to actions]
[2026-03-24 15:54:04,300: INFO: action_dispatcher: Added ai_defense_inspect to actions]
[2026-03-24 15:54:04,317: INFO: action_dispatcher: Added GetAttentionPercentageAction to actions]
[2026-03-24 15:54:04,318: INFO: action_dispatcher: Added UpdateAttentionMaterializedViewAction to actions]
[2026-03-24 15:54:04,321: INFO: action_dispatcher: Added autoalign_factcheck_output_api to actions]
[2026-03-24 15:54:04,321: INFO: action_dispatcher: Added autoalign_groundedness_output_api to actions]
[2026-03-24 15:54:04,321: INFO: action_dispatcher: Added autoalign_input_api to actions]
[2026-03-24 15:54:04,321: INFO: action_dispatcher: Added autoalign_output_api to actions]
[2026-03-24 15:54:04,376: INFO: action_dispatcher: Added ClavataCheckAction to actions]
[2026-03-24 15:54:04,381: INFO: action_dispatcher: Added call cleanlab api to actions]
[2026-03-24 15:54:04,396: INFO: action_dispatcher: Added content_safety_check_input to actions]
[2026-03-24 15:54:04,396: INFO: action_dispatcher: Added content_safety_check_output to actions]
[2026-03-24 15:54:04,396: INFO: action_dispatcher: Added detect_language to actions]
[2026-03-24 15:54:04,418: INFO: action_dispatcher: Added crowdstrike_aidr_guard to actions]
[2026-03-24 15:54:04,442: INFO: action_dispatcher: Added alignscore_check_facts to actions]
[2026-03-24 15:54:04,442: INFO: action_dispatcher: Added alignscore request to actions]
[2026-03-24 15:54:04,442: INFO: action_dispatcher: Added self_check_facts to actions]
[2026-03-24 15:54:04,455: INFO: action_dispatcher: Added call fiddler faithfulness to actions]
[2026-03-24 15:54:04,455: INFO: action_dispatcher: Added call fiddler safety on bot message to actions]
[2026-03-24 15:54:04,455: INFO: action_dispatcher: Added call fiddler safety on user message to actions]
[2026-03-24 15:54:04,458: INFO: action_dispatcher: Added call gcpnlp api to actions]
[2026-03-24 15:54:04,494: INFO: action_dispatcher: Added gliner_detect_pii to actions]
[2026-03-24 15:54:04,494: INFO: action_dispatcher: Added gliner_mask_pii to actions]
[2026-03-24 15:54:04,501: INFO: action_dispatcher: Added validate_guardrails_ai_input to actions]
[2026-03-24 15:54:04,501: INFO: action_dispatcher: Added validate_guardrails_ai_output to actions]
[2026-03-24 15:54:04,509: INFO: action_dispatcher: Added self_check_hallucination to actions]
[2026-03-24 15:54:04,522: INFO: action_dispatcher: Added injection_detection to actions]
[2026-03-24 15:54:04,536: INFO: action_dispatcher: Added jailbreak_detection_heuristics to actions]
[2026-03-24 15:54:04,536: INFO: action_dispatcher: Added jailbreak_detection_model to actions]
[2026-03-24 15:54:04,552: INFO: action_dispatcher: Added llama_guard_check_input to actions]
[2026-03-24 15:54:04,552: INFO: action_dispatcher: Added llama_guard_check_output to actions]
[2026-03-24 15:54:04,573: INFO: action_dispatcher: Added pangea_ai_guard to actions]
[2026-03-24 15:54:04,580: INFO: action_dispatcher: Added patronus_api_check_output to actions]
[2026-03-24 15:54:04,580: INFO: action_dispatcher: Added patronus_lynx_check_output_hallucination to actions]
[2026-03-24 15:54:04,590: INFO: action_dispatcher: Added call_policyai_api to actions]
[2026-03-24 15:54:04,601: INFO: action_dispatcher: Added detect_pii to actions]
[2026-03-24 15:54:04,601: INFO: action_dispatcher: Added mask_pii to actions]
[2026-03-24 15:54:04,607: INFO: action_dispatcher: Added protect_text to actions]
[2026-03-24 15:54:04,620: INFO: action_dispatcher: Added detect_regex_pattern to actions]
[2026-03-24 15:54:04,626: INFO: action_dispatcher: Added self_check_facts to actions]
[2026-03-24 15:54:04,626: INFO: action_dispatcher: Added self_check_input to actions]
[2026-03-24 15:54:04,638: INFO: action_dispatcher: Added self_check_output to actions]
[2026-03-24 15:54:04,642: INFO: action_dispatcher: Added detect_sensitive_data to actions]
[2026-03-24 15:54:04,642: INFO: action_dispatcher: Added mask_sensitive_data to actions]
[2026-03-24 15:54:04,656: INFO: action_dispatcher: Added topic_safety_check_input to actions]
[2026-03-24 15:54:04,671: INFO: action_dispatcher: Added trend_ai_guard to actions]
[2026-03-24 15:54:04,676: INFO: action_dispatcher: Added GetCurrentDateTimeAction to actions]
[2026-03-24 15:54:04,680: INFO: action_dispatcher: Registered Actions :: ['ClavataCheckAction', 'GetAttentionPercentageAction', 'GetCurrentDateTimeAction', 'UpdateAttentionMaterializedViewAction', 'ai_defense_inspect', 'alignscore request', 'alignscore_check_facts', 'autoalign_factcheck_output_api', 'autoalign_groundedness_output_api', 'autoalign_input_api', 'autoalign_output_api', 'call cleanlab api', 'call fiddler faithfulness', 'call fiddler safety on bot message', 'call fiddler safety on user message', 'call gcpnlp api', 'call_activefence_api', 'call_policyai_api', 'content_safety_check_input', 'content_safety_check_output', 'create_event', 'crowdstrike_aidr_guard', 'detect_language', 'detect_pii', 'detect_regex_pattern', 'detect_sensitive_data', 'gliner_detect_pii', 'gliner_mask_pii', 'injection_detection', 'jailbreak_detection_heuristics', 'jailbreak_detection_model', 'llama_guard_check_input', 'llama_guard_check_output', 'mask_pii', 'mask_sensitive_data', 'pangea_ai_guard', 'patronus_api_check_output', 'patronus_lynx_check_output_hallucination', 'protect_text', 'retrieve_relevant_chunks', 'self_check_facts', 'self_check_hallucination', 'self_check_input', 'self_check_output', 'topic_safety_check_input', 'trend_ai_guard', 'validate_guardrails_ai_input', 'validate_guardrails_ai_output', 'wolfram alpha request']]
[2026-03-24 15:54:04,680: INFO: action_dispatcher: Action dispatcher initialized]
[2026-03-24 15:54:04,822: WARNING: llmrails: Both an LLM was provided via constructor and a main LLM is specified in the config. The LLM provided via constructor will be used and the main LLM from config will be ignored.]
[2026-03-24 15:54:11,944: INFO: runtime: Processing event: {'type': 'UtteranceUserActionFinished', 'final_transcript': 'hi'}]
[2026-03-24 15:54:11,951: INFO: runtime: Event :: ContextUpdate {'uid': 'd99c8575-4a3e-442c-baf2-5fae44076718', 'event_created_at': '2026-03-24T10:24:11.949928+00:00', 'source_uid': 'NeMoGuardrails', 'data': {'user_message': 'hi'}}]
[2026-03-24 15:54:11,951: INFO: runtime: Event :: StartInternalSystemAction {'uid': '69a535e9-296c-45c0-9976-c2daeea5a5d5', 'event_created_at': '2026-03-24T10:24:11.951824+00:00', 'source_uid': 'NeMoGuardrails', 'action_name': 'create_event', 'action_params': {'event': {'_type': 'StartInputRails'}}, 'action_result_key': None, 'action_uid': 'ef861e1c-98ff-4df9-9d7e-f6299afd54ac', 'is_system_action': True}]
[2026-03-24 15:54:11,951: INFO: runtime: Processing event: {'type': 'StartInternalSystemAction', 'uid': '69a535e9-296c-45c0-9976-c2daeea5a5d5', 'event_created_at': '2026-03-24T10:24:11.951824+00:00', 'source_uid': 'NeMoGuardrails', 'action_name': 'create_event', 'action_params': {'event': {'_type': 'StartInputRails'}}, 'action_result_key': None, 'action_uid': 'ef861e1c-98ff-4df9-9d7e-f6299afd54ac', 'is_system_action': True}]
[2026-03-24 15:54:11,956: INFO: runtime: Executing action :: create_event]
[2026-03-24 15:54:11,957: INFO: action_dispatcher: Executing registered action: create_event]
[2026-03-24 15:54:11,959: INFO: runtime: Event :: InternalSystemActionFinished {'uid': '1d675ab9-edb5-4c0b-936f-e0a79979527a', 'event_created_at': '2026-03-24T10:24:11.959557+00:00', 'source_uid': 'NeMoGuardrails', 'action_uid': 'ef861e1c-98ff-4df9-9d7e-f6299afd54ac', 'action_name': 'create_event', 'action_params': {'event': {'_type': 'StartInputRails'}}, 'action_result_key': None, 'status': 'success', 'is_success': True, 'return_value': None, 'events': [{'type': 'StartInputRails', 'uid': 'fa141b25-b849-4ed4-b214-7db5db49837d', 'event_created_at': '2026-03-24T10:24:11.959557+00:00', 'source_uid': 'NeMoGuardrails'}], 'is_system_action': True, 'action_finished_at': '2026-03-24T10:24:11.959557+00:00'}]
[2026-03-24 15:54:11,960: INFO: runtime: Event :: StartInputRails {'uid': 'fa141b25-b849-4ed4-b214-7db5db49837d', 'event_created_at': '2026-03-24T10:24:11.959557+00:00', 'source_uid': 'NeMoGuardrails'}]
[2026-03-24 15:54:11,960: INFO: runtime: Processing event: {'type': 'StartInputRails', 'uid': 'fa141b25-b849-4ed4-b214-7db5db49837d', 'event_created_at': '2026-03-24T10:24:11.959557+00:00', 'source_uid': 'NeMoGuardrails'}]
[2026-03-24 15:54:11,969: INFO: runtime: Event :: ContextUpdate {'uid': '5eb4eb29-1473-4fa8-b83b-b03f55c1d7b1', 'event_created_at': '2026-03-24T10:24:11.969273+00:00', 'source_uid': 'NeMoGuardrails', 'data': {'input_flows': ['check_dangerous_content', 'check_code_content', 'check_unrelated_content'], 'i': 0, 'triggered_input_rail': 'check_dangerous_content'}}]
[2026-03-24 15:54:11,969: INFO: runtime: Event :: StartInternalSystemAction {'uid': 'bbb72e04-b348-46f6-bd6e-c9d30eee8b02', 'event_created_at': '2026-03-24T10:24:11.969273+00:00', 'source_uid': 'NeMoGuardrails', 'action_name': 'create_event', 'action_params': {'event': {'_type': 'StartInputRail', 'flow_id': '$triggered_input_rail'}}, 'action_result_key': None, 'action_uid': '4ab55441-d457-4a41-a6a6-b53ec2db3e41', 'is_system_action': True}]
[2026-03-24 15:54:11,969: INFO: runtime: Processing event: {'type': 'StartInternalSystemAction', 'uid': 'bbb72e04-b348-46f6-bd6e-c9d30eee8b02', 'event_created_at': '2026-03-24T10:24:11.969273+00:00', 'source_uid': 'NeMoGuardrails', 'action_name': 'create_event', 'action_params': {'event': {'_type': 'StartInputRail', 'flow_id': '$triggered_input_rail'}}, 'action_result_key': None, 'action_uid': '4ab55441-d457-4a41-a6a6-b53ec2db3e41', 'is_system_action': True}]
[2026-03-24 15:54:11,969: INFO: runtime: Executing action :: create_event]
[2026-03-24 15:54:11,975: INFO: action_dispatcher: Executing registered action: create_event]
[2026-03-24 15:54:11,977: INFO: runtime: Event :: InternalSystemActionFinished {'uid': 'e0da96b9-c6a2-4c3d-bc2e-a00847cc2730', 'event_created_at': '2026-03-24T10:24:11.977008+00:00', 'source_uid': 'NeMoGuardrails', 'action_uid': '4ab55441-d457-4a41-a6a6-b53ec2db3e41', 'action_name': 'create_event', 'action_params': {'event': {'_type': 'StartInputRail', 'flow_id': '$triggered_input_rail'}}, 'action_result_key': None, 'status': 'success', 'is_success': True, 'return_value': None, 'events': [{'type': 'StartInputRail', 'uid': '6d2d2e11-1d99-4cbe-918a-31c7594fd452', 'event_created_at': '2026-03-24T10:24:11.977008+00:00', 'source_uid': 'NeMoGuardrails', 'flow_id': 'check_dangerous_content'}], 'is_system_action': True, 'action_finished_at': '2026-03-24T10:24:11.977008+00:00'}]
[2026-03-24 15:54:11,979: INFO: runtime: Event :: StartInputRail {'uid': '6d2d2e11-1d99-4cbe-918a-31c7594fd452', 'event_created_at': '2026-03-24T10:24:11.977008+00:00', 'source_uid': 'NeMoGuardrails', 'flow_id': 'check_dangerous_content'}]
[2026-03-24 15:54:11,979: INFO: runtime: Processing event: {'type': 'StartInputRail', 'uid': '6d2d2e11-1d99-4cbe-918a-31c7594fd452', 'event_created_at': '2026-03-24T10:24:11.977008+00:00', 'source_uid': 'NeMoGuardrails', 'flow_id': 'check_dangerous_content'}]
[2026-03-24 15:54:11,989: INFO: runtime: Event :: Listen {'uid': 'ac5e438b-01b6-468a-b448-83e957dab24b', 'event_created_at': '2026-03-24T10:24:11.989543+00:00', 'source_uid': 'NeMoGuardrails'}]
[2026-03-24 15:54:11,989: INFO: llmrails: --- :: Total processing took 0.04 seconds. Stats: 0 total calls, 0 total time, 0 total tokens, 0 total prompt tokens, 0 total completion tokens, [] as latencies]
[2026-03-24 16:03:52,257: INFO: utils: NumExpr defaulting to 8 threads.]
[2026-03-24 16:04:48,731: INFO: common: yaml file: config\config.yaml loaded successfully]
[2026-03-24 16:04:54,548: INFO: _client: HTTP Request: GET http://10.192.5.51:8000/api/v2/auth/identity "HTTP/1.1 200 OK"]
[2026-03-24 16:04:54,614: INFO: _client: HTTP Request: GET http://10.192.5.51:8000/api/v2/tenants/default_tenant "HTTP/1.1 200 OK"]
[2026-03-24 16:04:54,631: INFO: _client: HTTP Request: GET http://10.192.5.51:8000/api/v2/tenants/default_tenant/databases/default_database "HTTP/1.1 200 OK"]
[2026-03-24 16:05:14,571: INFO: gcp: Attempt 1: GCP default credentials loaded and project 'macomai-441611' obtained.]
[2026-03-24 16:05:48,693: INFO: Login: Entering the login process function]
[2026-03-24 16:05:49,311: INFO: Login: Token and session updated for user: 101373]
[2026-03-24 16:06:43,871: INFO: chatprocess: Initializing vector store with collection]
[2026-03-24 16:06:43,942: INFO: _client: HTTP Request: POST http://10.192.5.51:8000/api/v2/tenants/default_tenant/databases/default_database/collections "HTTP/1.1 200 OK"]
[2026-03-24 16:06:43,974: INFO: _client: HTTP Request: GET http://10.192.5.51:8000/api/v2/tenants/default_tenant/databases/default_database/collections/91518b3b-a2d1-4c38-b8df-01b360936d38/count?read_level=index_and_wal "HTTP/1.1 200 OK"]
[2026-03-24 16:06:43,978: INFO: chatprocess: Connected to Chroma server - Collection 'langchain' has 3764 documents]
[2026-03-24 16:06:45,700: INFO: _client: HTTP Request: HEAD https://huggingface.co/cross-encoder/ms-marco-MiniLM-L-6-v2/resolve/main/config.json "HTTP/1.1 307 Temporary Redirect"]
[2026-03-24 16:06:46,009: INFO: _client: HTTP Request: HEAD https://huggingface.co/cross-encoder/ms-marco-MiniLM-L6-v2/resolve/main/config.json "HTTP/1.1 307 Temporary Redirect"]
[2026-03-24 16:06:46,075: INFO: _client: HTTP Request: HEAD https://huggingface.co/api/resolve-cache/models/cross-encoder/ms-marco-MiniLM-L6-v2/c5ee24cb16019beea0893ab7796b1df96625c6b8/config.json "HTTP/1.1 200 OK"]
[2026-03-24 16:06:47,052: INFO: _client: HTTP Request: HEAD https://huggingface.co/cross-encoder/ms-marco-MiniLM-L-6-v2/resolve/main/config.json "HTTP/1.1 307 Temporary Redirect"]
[2026-03-24 16:06:47,446: INFO: _client: HTTP Request: HEAD https://huggingface.co/cross-encoder/ms-marco-MiniLM-L6-v2/resolve/main/config.json "HTTP/1.1 307 Temporary Redirect"]
[2026-03-24 16:06:47,446: WARNING: _http: Warning: You are sending unauthenticated requests to the HF Hub. Please set a HF_TOKEN to enable higher rate limits and faster downloads.]
[2026-03-24 16:06:47,521: INFO: _client: HTTP Request: HEAD https://huggingface.co/api/resolve-cache/models/cross-encoder/ms-marco-MiniLM-L6-v2/c5ee24cb16019beea0893ab7796b1df96625c6b8/config.json "HTTP/1.1 200 OK"]
[2026-03-24 16:06:47,855: INFO: _client: HTTP Request: HEAD https://huggingface.co/cross-encoder/ms-marco-MiniLM-L-6-v2/resolve/main/tokenizer_config.json "HTTP/1.1 307 Temporary Redirect"]
[2026-03-24 16:06:48,157: INFO: _client: HTTP Request: HEAD https://huggingface.co/cross-encoder/ms-marco-MiniLM-L6-v2/resolve/main/tokenizer_config.json "HTTP/1.1 307 Temporary Redirect"]
[2026-03-24 16:06:48,224: INFO: _client: HTTP Request: HEAD https://huggingface.co/api/resolve-cache/models/cross-encoder/ms-marco-MiniLM-L6-v2/c5ee24cb16019beea0893ab7796b1df96625c6b8/tokenizer_config.json "HTTP/1.1 200 OK"]
[2026-03-24 16:06:48,571: INFO: _client: HTTP Request: GET https://huggingface.co/api/models/cross-encoder/ms-marco-MiniLM-L-6-v2/tree/main/additional_chat_templates?recursive=false&expand=false "HTTP/1.1 307 Temporary Redirect"]
[2026-03-24 16:06:48,981: INFO: _client: HTTP Request: GET https://huggingface.co/api/models/cross-encoder/ms-marco-MiniLM-L6-v2/tree/main/additional_chat_templates?recursive=false&expand=false "HTTP/1.1 404 Not Found"]
[2026-03-24 16:06:49,253: INFO: _client: HTTP Request: GET https://huggingface.co/api/models/cross-encoder/ms-marco-MiniLM-L-6-v2/tree/main?recursive=true&expand=false "HTTP/1.1 307 Temporary Redirect"]
[2026-03-24 16:06:49,543: INFO: _client: HTTP Request: GET https://huggingface.co/api/models/cross-encoder/ms-marco-MiniLM-L6-v2/tree/main?recursive=true&expand=false "HTTP/1.1 200 OK"]
[2026-03-24 16:06:50,005: INFO: _client: HTTP Request: HEAD https://huggingface.co/cross-encoder/ms-marco-MiniLM-L-6-v2/resolve/main/README.md "HTTP/1.1 307 Temporary Redirect"]
[2026-03-24 16:06:50,285: INFO: _client: HTTP Request: HEAD https://huggingface.co/cross-encoder/ms-marco-MiniLM-L6-v2/resolve/main/README.md "HTTP/1.1 307 Temporary Redirect"]
[2026-03-24 16:06:50,351: INFO: _client: HTTP Request: HEAD https://huggingface.co/api/resolve-cache/models/cross-encoder/ms-marco-MiniLM-L6-v2/c5ee24cb16019beea0893ab7796b1df96625c6b8/README.md "HTTP/1.1 200 OK"]
[2026-03-24 16:06:50,363: INFO: CrossEncoder: Use pytorch device: cpu]
[2026-03-24 16:06:50,640: INFO: _client: HTTP Request: GET https://huggingface.co/api/models/cross-encoder/ms-marco-MiniLM-L-6-v2 "HTTP/1.1 307 Temporary Redirect"]
[2026-03-24 16:06:50,933: INFO: _client: HTTP Request: GET https://huggingface.co/api/models/cross-encoder/ms-marco-MiniLM-L6-v2 "HTTP/1.1 200 OK"]
[2026-03-24 16:06:50,966: INFO: token: Entering access token validation method ]
[2026-03-24 16:07:01,172: INFO: guardrails_check: NeMo Guardrails loaded successfully.]
[2026-03-24 16:07:03,152: INFO: action_dispatcher: Initializing action dispatcher]
[2026-03-24 16:07:03,176: INFO: action_dispatcher: Added create_event to actions]
[2026-03-24 16:07:03,179: INFO: action_dispatcher: Added wolfram alpha request to actions]
[2026-03-24 16:07:03,188: INFO: action_dispatcher: Added retrieve_relevant_chunks to actions]
[2026-03-24 16:07:03,408: INFO: action_dispatcher: Added call_activefence_api to actions]
[2026-03-24 16:07:03,408: INFO: action_dispatcher: Added ai_defense_inspect to actions]
[2026-03-24 16:07:03,408: INFO: action_dispatcher: Added GetAttentionPercentageAction to actions]
[2026-03-24 16:07:03,408: INFO: action_dispatcher: Added UpdateAttentionMaterializedViewAction to actions]
[2026-03-24 16:07:03,425: INFO: action_dispatcher: Added autoalign_factcheck_output_api to actions]
[2026-03-24 16:07:03,425: INFO: action_dispatcher: Added autoalign_groundedness_output_api to actions]
[2026-03-24 16:07:03,425: INFO: action_dispatcher: Added autoalign_input_api to actions]
[2026-03-24 16:07:03,425: INFO: action_dispatcher: Added autoalign_output_api to actions]
[2026-03-24 16:07:03,469: INFO: action_dispatcher: Added ClavataCheckAction to actions]
[2026-03-24 16:07:03,478: INFO: action_dispatcher: Added call cleanlab api to actions]
[2026-03-24 16:07:03,484: INFO: action_dispatcher: Added content_safety_check_input to actions]
[2026-03-24 16:07:03,484: INFO: action_dispatcher: Added content_safety_check_output to actions]
[2026-03-24 16:07:03,484: INFO: action_dispatcher: Added detect_language to actions]
[2026-03-24 16:07:03,503: INFO: action_dispatcher: Added crowdstrike_aidr_guard to actions]
[2026-03-24 16:07:03,524: INFO: action_dispatcher: Added alignscore_check_facts to actions]
[2026-03-24 16:07:03,524: INFO: action_dispatcher: Added alignscore request to actions]
[2026-03-24 16:07:03,524: INFO: action_dispatcher: Added self_check_facts to actions]
[2026-03-24 16:07:03,524: INFO: action_dispatcher: Added call fiddler faithfulness to actions]
[2026-03-24 16:07:03,524: INFO: action_dispatcher: Added call fiddler safety on bot message to actions]
[2026-03-24 16:07:03,531: INFO: action_dispatcher: Added call fiddler safety on user message to actions]
[2026-03-24 16:07:03,534: INFO: action_dispatcher: Added call gcpnlp api to actions]
[2026-03-24 16:07:03,584: INFO: action_dispatcher: Added gliner_detect_pii to actions]
[2026-03-24 16:07:03,584: INFO: action_dispatcher: Added gliner_mask_pii to actions]
[2026-03-24 16:07:03,603: INFO: action_dispatcher: Added validate_guardrails_ai_input to actions]
[2026-03-24 16:07:03,603: INFO: action_dispatcher: Added validate_guardrails_ai_output to actions]
[2026-03-24 16:07:03,613: INFO: action_dispatcher: Added self_check_hallucination to actions]
[2026-03-24 16:07:03,632: INFO: action_dispatcher: Added injection_detection to actions]
[2026-03-24 16:07:03,653: INFO: action_dispatcher: Added jailbreak_detection_heuristics to actions]
[2026-03-24 16:07:03,656: INFO: action_dispatcher: Added jailbreak_detection_model to actions]
[2026-03-24 16:07:03,661: INFO: action_dispatcher: Added llama_guard_check_input to actions]
[2026-03-24 16:07:03,661: INFO: action_dispatcher: Added llama_guard_check_output to actions]
[2026-03-24 16:07:03,682: INFO: action_dispatcher: Added pangea_ai_guard to actions]
[2026-03-24 16:07:03,687: INFO: action_dispatcher: Added patronus_api_check_output to actions]
[2026-03-24 16:07:03,687: INFO: action_dispatcher: Added patronus_lynx_check_output_hallucination to actions]
[2026-03-24 16:07:03,696: INFO: action_dispatcher: Added call_policyai_api to actions]
[2026-03-24 16:07:03,704: INFO: action_dispatcher: Added detect_pii to actions]
[2026-03-24 16:07:03,712: INFO: action_dispatcher: Added mask_pii to actions]
[2026-03-24 16:07:03,715: INFO: action_dispatcher: Added protect_text to actions]
[2026-03-24 16:07:03,732: INFO: action_dispatcher: Added detect_regex_pattern to actions]
[2026-03-24 16:07:03,740: INFO: action_dispatcher: Added self_check_facts to actions]
[2026-03-24 16:07:03,749: INFO: action_dispatcher: Added self_check_input to actions]
[2026-03-24 16:07:03,757: INFO: action_dispatcher: Added self_check_output to actions]
[2026-03-24 16:07:03,769: INFO: action_dispatcher: Added detect_sensitive_data to actions]
[2026-03-24 16:07:03,769: INFO: action_dispatcher: Added mask_sensitive_data to actions]
[2026-03-24 16:07:03,774: INFO: action_dispatcher: Added topic_safety_check_input to actions]
[2026-03-24 16:07:03,793: INFO: action_dispatcher: Added trend_ai_guard to actions]
[2026-03-24 16:07:03,801: INFO: action_dispatcher: Added GetCurrentDateTimeAction to actions]
[2026-03-24 16:07:03,801: INFO: action_dispatcher: Registered Actions :: ['ClavataCheckAction', 'GetAttentionPercentageAction', 'GetCurrentDateTimeAction', 'UpdateAttentionMaterializedViewAction', 'ai_defense_inspect', 'alignscore request', 'alignscore_check_facts', 'autoalign_factcheck_output_api', 'autoalign_groundedness_output_api', 'autoalign_input_api', 'autoalign_output_api', 'call cleanlab api', 'call fiddler faithfulness', 'call fiddler safety on bot message', 'call fiddler safety on user message', 'call gcpnlp api', 'call_activefence_api', 'call_policyai_api', 'content_safety_check_input', 'content_safety_check_output', 'create_event', 'crowdstrike_aidr_guard', 'detect_language', 'detect_pii', 'detect_regex_pattern', 'detect_sensitive_data', 'gliner_detect_pii', 'gliner_mask_pii', 'injection_detection', 'jailbreak_detection_heuristics', 'jailbreak_detection_model', 'llama_guard_check_input', 'llama_guard_check_output', 'mask_pii', 'mask_sensitive_data', 'pangea_ai_guard', 'patronus_api_check_output', 'patronus_lynx_check_output_hallucination', 'protect_text', 'retrieve_relevant_chunks', 'self_check_facts', 'self_check_hallucination', 'self_check_input', 'self_check_output', 'topic_safety_check_input', 'trend_ai_guard', 'validate_guardrails_ai_input', 'validate_guardrails_ai_output', 'wolfram alpha request']]
[2026-03-24 16:07:03,807: INFO: action_dispatcher: Action dispatcher initialized]
[2026-03-24 16:07:03,937: WARNING: llmrails: Both an LLM was provided via constructor and a main LLM is specified in the config. The LLM provided via constructor will be used and the main LLM from config will be ignored.]
[2026-03-24 16:08:45,463: INFO: runtime: Processing event: {'type': 'UtteranceUserActionFinished', 'final_transcript': 'hi'}]
[2026-03-24 16:08:45,471: INFO: runtime: Event :: ContextUpdate {'uid': 'dde8d426-1ee3-4144-a75c-4d58e76a40fe', 'event_created_at': '2026-03-24T10:38:45.469509+00:00', 'source_uid': 'NeMoGuardrails', 'data': {'user_message': 'hi'}}]
[2026-03-24 16:08:45,471: INFO: runtime: Event :: StartInternalSystemAction {'uid': 'fac6b1a1-66c7-4935-b3de-420c8e04a49e', 'event_created_at': '2026-03-24T10:38:45.471514+00:00', 'source_uid': 'NeMoGuardrails', 'action_name': 'create_event', 'action_params': {'event': {'_type': 'StartInputRails'}}, 'action_result_key': None, 'action_uid': '5cc2dc8d-4143-4bdf-b544-dbafaad1961b', 'is_system_action': True}]
[2026-03-24 16:08:45,471: INFO: runtime: Processing event: {'type': 'StartInternalSystemAction', 'uid': 'fac6b1a1-66c7-4935-b3de-420c8e04a49e', 'event_created_at': '2026-03-24T10:38:45.471514+00:00', 'source_uid': 'NeMoGuardrails', 'action_name': 'create_event', 'action_params': {'event': {'_type': 'StartInputRails'}}, 'action_result_key': None, 'action_uid': '5cc2dc8d-4143-4bdf-b544-dbafaad1961b', 'is_system_action': True}]
[2026-03-24 16:08:45,474: INFO: runtime: Executing action :: create_event]
[2026-03-24 16:08:45,474: INFO: action_dispatcher: Executing registered action: create_event]
[2026-03-24 16:08:45,478: INFO: runtime: Event :: InternalSystemActionFinished {'uid': 'e85b0df1-a066-4508-9078-aedd64fbd47c', 'event_created_at': '2026-03-24T10:38:45.478287+00:00', 'source_uid': 'NeMoGuardrails', 'action_uid': '5cc2dc8d-4143-4bdf-b544-dbafaad1961b', 'action_name': 'create_event', 'action_params': {'event': {'_type': 'StartInputRails'}}, 'action_result_key': None, 'status': 'success', 'is_success': True, 'return_value': None, 'events': [{'type': 'StartInputRails', 'uid': '61981b0f-6273-4b30-baa8-d3c37647bf03', 'event_created_at': '2026-03-24T10:38:45.478287+00:00', 'source_uid': 'NeMoGuardrails'}], 'is_system_action': True, 'action_finished_at': '2026-03-24T10:38:45.478287+00:00'}]
[2026-03-24 16:08:45,480: INFO: runtime: Event :: StartInputRails {'uid': '61981b0f-6273-4b30-baa8-d3c37647bf03', 'event_created_at': '2026-03-24T10:38:45.478287+00:00', 'source_uid': 'NeMoGuardrails'}]
[2026-03-24 16:08:45,480: INFO: runtime: Processing event: {'type': 'StartInputRails', 'uid': '61981b0f-6273-4b30-baa8-d3c37647bf03', 'event_created_at': '2026-03-24T10:38:45.478287+00:00', 'source_uid': 'NeMoGuardrails'}]
[2026-03-24 16:08:45,480: INFO: runtime: Event :: ContextUpdate {'uid': 'e5d00d5d-25dd-45fc-8f66-d6137ed6a45d', 'event_created_at': '2026-03-24T10:38:45.480028+00:00', 'source_uid': 'NeMoGuardrails', 'data': {'input_flows': ['check_dangerous_content', 'check_code_content', 'check_unrelated_content'], 'i': 0, 'triggered_input_rail': 'check_dangerous_content'}}]
[2026-03-24 16:08:45,480: INFO: runtime: Event :: StartInternalSystemAction {'uid': 'f45e18da-3d35-4bd9-929a-e166ba368e0e', 'event_created_at': '2026-03-24T10:38:45.480028+00:00', 'source_uid': 'NeMoGuardrails', 'action_name': 'create_event', 'action_params': {'event': {'_type': 'StartInputRail', 'flow_id': '$triggered_input_rail'}}, 'action_result_key': None, 'action_uid': '8dcd458c-d9f9-4681-8198-114716a0ec91', 'is_system_action': True}]
[2026-03-24 16:08:45,485: INFO: runtime: Processing event: {'type': 'StartInternalSystemAction', 'uid': 'f45e18da-3d35-4bd9-929a-e166ba368e0e', 'event_created_at': '2026-03-24T10:38:45.480028+00:00', 'source_uid': 'NeMoGuardrails', 'action_name': 'create_event', 'action_params': {'event': {'_type': 'StartInputRail', 'flow_id': '$triggered_input_rail'}}, 'action_result_key': None, 'action_uid': '8dcd458c-d9f9-4681-8198-114716a0ec91', 'is_system_action': True}]
[2026-03-24 16:08:45,485: INFO: runtime: Executing action :: create_event]
[2026-03-24 16:08:45,485: INFO: action_dispatcher: Executing registered action: create_event]
[2026-03-24 16:08:45,485: INFO: runtime: Event :: InternalSystemActionFinished {'uid': '16743f57-a591-4851-86ce-bd0907e27303', 'event_created_at': '2026-03-24T10:38:45.485228+00:00', 'source_uid': 'NeMoGuardrails', 'action_uid': '8dcd458c-d9f9-4681-8198-114716a0ec91', 'action_name': 'create_event', 'action_params': {'event': {'_type': 'StartInputRail', 'flow_id': '$triggered_input_rail'}}, 'action_result_key': None, 'status': 'success', 'is_success': True, 'return_value': None, 'events': [{'type': 'StartInputRail', 'uid': '3117faff-b286-4010-96dc-c36b7282bda0', 'event_created_at': '2026-03-24T10:38:45.485228+00:00', 'source_uid': 'NeMoGuardrails', 'flow_id': 'check_dangerous_content'}], 'is_system_action': True, 'action_finished_at': '2026-03-24T10:38:45.485228+00:00'}]
[2026-03-24 16:08:45,494: INFO: runtime: Event :: StartInputRail {'uid': '3117faff-b286-4010-96dc-c36b7282bda0', 'event_created_at': '2026-03-24T10:38:45.485228+00:00', 'source_uid': 'NeMoGuardrails', 'flow_id': 'check_dangerous_content'}]
[2026-03-24 16:08:45,494: INFO: runtime: Processing event: {'type': 'StartInputRail', 'uid': '3117faff-b286-4010-96dc-c36b7282bda0', 'event_created_at': '2026-03-24T10:38:45.485228+00:00', 'source_uid': 'NeMoGuardrails', 'flow_id': 'check_dangerous_content'}]
[2026-03-24 16:08:45,501: INFO: runtime: Event :: Listen {'uid': 'c0881763-4fc8-4983-bfc0-54b7a7fa9d07', 'event_created_at': '2026-03-24T10:38:45.501943+00:00', 'source_uid': 'NeMoGuardrails'}]
[2026-03-24 16:08:45,501: INFO: llmrails: --- :: Total processing took 0.04 seconds. Stats: 0 total calls, 0 total time, 0 total tokens, 0 total prompt tokens, 0 total completion tokens, [] as latencies]
[2026-03-24 16:09:28,569: INFO: guardrails_check: Guardrails check passed. Bot reply: ]
[2026-03-24 16:31:27,496: INFO: utils: NumExpr defaulting to 8 threads.]
[2026-03-24 16:32:16,704: INFO: common: yaml file: config\config.yaml loaded successfully]
[2026-03-24 16:32:16,979: INFO: _client: HTTP Request: GET http://10.192.5.51:8000/api/v2/auth/identity "HTTP/1.1 200 OK"]
[2026-03-24 16:32:17,037: INFO: _client: HTTP Request: GET http://10.192.5.51:8000/api/v2/tenants/default_tenant "HTTP/1.1 200 OK"]
[2026-03-24 16:32:17,037: INFO: _client: HTTP Request: GET http://10.192.5.51:8000/api/v2/tenants/default_tenant/databases/default_database "HTTP/1.1 200 OK"]
[2026-03-24 16:32:22,318: INFO: gcp: Attempt 1: GCP default credentials loaded and project 'macomai-441611' obtained.]
[2026-03-24 16:32:25,630: INFO: Login: Entering the login process function]
[2026-03-24 16:32:26,327: INFO: Login: Token and session updated for user: 101373]
[2026-03-24 16:32:45,893: INFO: chatprocess: Initializing vector store with collection]
[2026-03-24 16:32:45,968: INFO: _client: HTTP Request: POST http://10.192.5.51:8000/api/v2/tenants/default_tenant/databases/default_database/collections "HTTP/1.1 200 OK"]
[2026-03-24 16:32:46,010: INFO: _client: HTTP Request: GET http://10.192.5.51:8000/api/v2/tenants/default_tenant/databases/default_database/collections/91518b3b-a2d1-4c38-b8df-01b360936d38/count?read_level=index_and_wal "HTTP/1.1 200 OK"]
[2026-03-24 16:32:46,010: INFO: chatprocess: Connected to Chroma server - Collection 'langchain' has 3764 documents]
[2026-03-24 16:32:47,600: INFO: _client: HTTP Request: HEAD https://huggingface.co/cross-encoder/ms-marco-MiniLM-L-6-v2/resolve/main/config.json "HTTP/1.1 307 Temporary Redirect"]
[2026-03-24 16:32:47,913: INFO: _client: HTTP Request: HEAD https://huggingface.co/cross-encoder/ms-marco-MiniLM-L6-v2/resolve/main/config.json "HTTP/1.1 307 Temporary Redirect"]
[2026-03-24 16:32:47,915: WARNING: _http: Warning: You are sending unauthenticated requests to the HF Hub. Please set a HF_TOKEN to enable higher rate limits and faster downloads.]
[2026-03-24 16:32:47,936: INFO: _client: HTTP Request: HEAD https://huggingface.co/api/resolve-cache/models/cross-encoder/ms-marco-MiniLM-L6-v2/c5ee24cb16019beea0893ab7796b1df96625c6b8/config.json "HTTP/1.1 200 OK"]
[2026-03-24 16:32:48,718: INFO: _client: HTTP Request: HEAD https://huggingface.co/cross-encoder/ms-marco-MiniLM-L-6-v2/resolve/main/config.json "HTTP/1.1 307 Temporary Redirect"]
[2026-03-24 16:32:49,029: INFO: _client: HTTP Request: HEAD https://huggingface.co/cross-encoder/ms-marco-MiniLM-L6-v2/resolve/main/config.json "HTTP/1.1 307 Temporary Redirect"]
[2026-03-24 16:32:49,065: INFO: _client: HTTP Request: HEAD https://huggingface.co/api/resolve-cache/models/cross-encoder/ms-marco-MiniLM-L6-v2/c5ee24cb16019beea0893ab7796b1df96625c6b8/config.json "HTTP/1.1 200 OK"]
[2026-03-24 16:32:49,319: INFO: _client: HTTP Request: HEAD https://huggingface.co/cross-encoder/ms-marco-MiniLM-L-6-v2/resolve/main/tokenizer_config.json "HTTP/1.1 307 Temporary Redirect"]
[2026-03-24 16:32:49,556: INFO: _client: HTTP Request: HEAD https://huggingface.co/cross-encoder/ms-marco-MiniLM-L6-v2/resolve/main/tokenizer_config.json "HTTP/1.1 307 Temporary Redirect"]
[2026-03-24 16:32:49,585: INFO: _client: HTTP Request: HEAD https://huggingface.co/api/resolve-cache/models/cross-encoder/ms-marco-MiniLM-L6-v2/c5ee24cb16019beea0893ab7796b1df96625c6b8/tokenizer_config.json "HTTP/1.1 200 OK"]
[2026-03-24 16:32:49,961: INFO: _client: HTTP Request: GET https://huggingface.co/api/models/cross-encoder/ms-marco-MiniLM-L-6-v2/tree/main/additional_chat_templates?recursive=false&expand=false "HTTP/1.1 307 Temporary Redirect"]
[2026-03-24 16:32:50,269: INFO: _client: HTTP Request: GET https://huggingface.co/api/models/cross-encoder/ms-marco-MiniLM-L6-v2/tree/main/additional_chat_templates?recursive=false&expand=false "HTTP/1.1 404 Not Found"]
[2026-03-24 16:32:50,568: INFO: _client: HTTP Request: GET https://huggingface.co/api/models/cross-encoder/ms-marco-MiniLM-L-6-v2/tree/main?recursive=true&expand=false "HTTP/1.1 307 Temporary Redirect"]
[2026-03-24 16:32:50,809: INFO: _client: HTTP Request: GET https://huggingface.co/api/models/cross-encoder/ms-marco-MiniLM-L6-v2/tree/main?recursive=true&expand=false "HTTP/1.1 200 OK"]
[2026-03-24 16:32:51,185: INFO: _client: HTTP Request: HEAD https://huggingface.co/cross-encoder/ms-marco-MiniLM-L-6-v2/resolve/main/README.md "HTTP/1.1 307 Temporary Redirect"]
[2026-03-24 16:32:51,503: INFO: _client: HTTP Request: HEAD https://huggingface.co/cross-encoder/ms-marco-MiniLM-L6-v2/resolve/main/README.md "HTTP/1.1 307 Temporary Redirect"]
[2026-03-24 16:32:51,532: INFO: _client: HTTP Request: HEAD https://huggingface.co/api/resolve-cache/models/cross-encoder/ms-marco-MiniLM-L6-v2/c5ee24cb16019beea0893ab7796b1df96625c6b8/README.md "HTTP/1.1 200 OK"]
[2026-03-24 16:32:51,536: INFO: CrossEncoder: Use pytorch device: cpu]
[2026-03-24 16:32:52,187: INFO: _client: HTTP Request: GET https://huggingface.co/api/models/cross-encoder/ms-marco-MiniLM-L-6-v2 "HTTP/1.1 307 Temporary Redirect"]
[2026-03-24 16:32:52,523: INFO: _client: HTTP Request: GET https://huggingface.co/api/models/cross-encoder/ms-marco-MiniLM-L6-v2 "HTTP/1.1 200 OK"]
[2026-03-24 16:32:52,537: INFO: token: Entering access token validation method ]
[2026-03-24 16:32:57,825: ERROR: guardrails_check: Guardrails check failed: Unsupported colang version 2.0]
[2026-03-24 16:35:52,662: INFO: utils: NumExpr defaulting to 8 threads.]
[2026-03-24 16:36:23,296: INFO: common: yaml file: config\config.yaml loaded successfully]
[2026-03-24 16:36:23,544: INFO: _client: HTTP Request: GET http://10.192.5.51:8000/api/v2/auth/identity "HTTP/1.1 200 OK"]
[2026-03-24 16:36:23,618: INFO: _client: HTTP Request: GET http://10.192.5.51:8000/api/v2/tenants/default_tenant "HTTP/1.1 200 OK"]
[2026-03-24 16:36:23,634: INFO: _client: HTTP Request: GET http://10.192.5.51:8000/api/v2/tenants/default_tenant/databases/default_database "HTTP/1.1 200 OK"]
[2026-03-24 16:36:28,184: INFO: gcp: Attempt 1: GCP default credentials loaded and project 'macomai-441611' obtained.]
[2026-03-24 16:36:31,689: INFO: Login: Entering the login process function]
[2026-03-24 16:36:32,179: INFO: Login: Token and session updated for user: 101373]
[2026-03-24 16:37:03,153: INFO: chatprocess: Initializing vector store with collection]
[2026-03-24 16:37:03,243: INFO: _client: HTTP Request: POST http://10.192.5.51:8000/api/v2/tenants/default_tenant/databases/default_database/collections "HTTP/1.1 200 OK"]
[2026-03-24 16:37:03,276: INFO: _client: HTTP Request: GET http://10.192.5.51:8000/api/v2/tenants/default_tenant/databases/default_database/collections/91518b3b-a2d1-4c38-b8df-01b360936d38/count?read_level=index_and_wal "HTTP/1.1 200 OK"]
[2026-03-24 16:37:03,276: INFO: chatprocess: Connected to Chroma server - Collection 'langchain' has 3764 documents]
[2026-03-24 16:37:05,958: INFO: _client: HTTP Request: HEAD https://huggingface.co/cross-encoder/ms-marco-MiniLM-L-6-v2/resolve/main/config.json "HTTP/1.1 307 Temporary Redirect"]
[2026-03-24 16:37:06,263: INFO: _client: HTTP Request: HEAD https://huggingface.co/cross-encoder/ms-marco-MiniLM-L6-v2/resolve/main/config.json "HTTP/1.1 307 Temporary Redirect"]
[2026-03-24 16:37:06,293: INFO: _client: HTTP Request: HEAD https://huggingface.co/api/resolve-cache/models/cross-encoder/ms-marco-MiniLM-L6-v2/c5ee24cb16019beea0893ab7796b1df96625c6b8/config.json "HTTP/1.1 200 OK"]
[2026-03-24 16:37:07,088: INFO: _client: HTTP Request: HEAD https://huggingface.co/cross-encoder/ms-marco-MiniLM-L-6-v2/resolve/main/config.json "HTTP/1.1 307 Temporary Redirect"]
[2026-03-24 16:37:07,398: INFO: _client: HTTP Request: HEAD https://huggingface.co/cross-encoder/ms-marco-MiniLM-L6-v2/resolve/main/config.json "HTTP/1.1 307 Temporary Redirect"]
[2026-03-24 16:37:07,427: INFO: _client: HTTP Request: HEAD https://huggingface.co/api/resolve-cache/models/cross-encoder/ms-marco-MiniLM-L6-v2/c5ee24cb16019beea0893ab7796b1df96625c6b8/config.json "HTTP/1.1 200 OK"]
[2026-03-24 16:37:07,701: INFO: _client: HTTP Request: HEAD https://huggingface.co/cross-encoder/ms-marco-MiniLM-L-6-v2/resolve/main/tokenizer_config.json "HTTP/1.1 307 Temporary Redirect"]
[2026-03-24 16:37:07,945: INFO: _client: HTTP Request: HEAD https://huggingface.co/cross-encoder/ms-marco-MiniLM-L6-v2/resolve/main/tokenizer_config.json "HTTP/1.1 307 Temporary Redirect"]
[2026-03-24 16:37:07,978: INFO: _client: HTTP Request: HEAD https://huggingface.co/api/resolve-cache/models/cross-encoder/ms-marco-MiniLM-L6-v2/c5ee24cb16019beea0893ab7796b1df96625c6b8/tokenizer_config.json "HTTP/1.1 200 OK"]
[2026-03-24 16:37:08,313: INFO: _client: HTTP Request: GET https://huggingface.co/api/models/cross-encoder/ms-marco-MiniLM-L-6-v2/tree/main/additional_chat_templates?recursive=false&expand=false "HTTP/1.1 307 Temporary Redirect"]
[2026-03-24 16:37:08,622: INFO: _client: HTTP Request: GET https://huggingface.co/api/models/cross-encoder/ms-marco-MiniLM-L6-v2/tree/main/additional_chat_templates?recursive=false&expand=false "HTTP/1.1 404 Not Found"]
[2026-03-24 16:37:08,931: INFO: _client: HTTP Request: GET https://huggingface.co/api/models/cross-encoder/ms-marco-MiniLM-L-6-v2/tree/main?recursive=true&expand=false "HTTP/1.1 307 Temporary Redirect"]
[2026-03-24 16:37:09,238: INFO: _client: HTTP Request: GET https://huggingface.co/api/models/cross-encoder/ms-marco-MiniLM-L6-v2/tree/main?recursive=true&expand=false "HTTP/1.1 200 OK"]
[2026-03-24 16:37:09,749: INFO: _client: HTTP Request: HEAD https://huggingface.co/cross-encoder/ms-marco-MiniLM-L-6-v2/resolve/main/README.md "HTTP/1.1 307 Temporary Redirect"]
[2026-03-24 16:37:10,057: INFO: _client: HTTP Request: HEAD https://huggingface.co/cross-encoder/ms-marco-MiniLM-L6-v2/resolve/main/README.md "HTTP/1.1 307 Temporary Redirect"]
[2026-03-24 16:37:10,079: INFO: _client: HTTP Request: HEAD https://huggingface.co/api/resolve-cache/models/cross-encoder/ms-marco-MiniLM-L6-v2/c5ee24cb16019beea0893ab7796b1df96625c6b8/README.md "HTTP/1.1 200 OK"]
[2026-03-24 16:37:10,092: INFO: CrossEncoder: Use pytorch device: cpu]
[2026-03-24 16:37:10,366: INFO: _client: HTTP Request: GET https://huggingface.co/api/models/cross-encoder/ms-marco-MiniLM-L-6-v2 "HTTP/1.1 307 Temporary Redirect"]
[2026-03-24 16:37:10,668: INFO: _client: HTTP Request: GET https://huggingface.co/api/models/cross-encoder/ms-marco-MiniLM-L6-v2 "HTTP/1.1 200 OK"]
[2026-03-24 16:37:10,697: INFO: token: Entering access token validation method ]
[2026-03-24 16:37:21,093: INFO: guardrails_check: NeMo Guardrails loaded successfully.]
[2026-03-24 16:37:23,555: INFO: action_dispatcher: Initializing action dispatcher]
[2026-03-24 16:37:23,555: INFO: action_dispatcher: Added create_event to actions]
[2026-03-24 16:37:23,569: INFO: action_dispatcher: Added wolfram alpha request to actions]
[2026-03-24 16:37:23,570: INFO: action_dispatcher: Added retrieve_relevant_chunks to actions]
[2026-03-24 16:37:23,723: INFO: action_dispatcher: Added call_activefence_api to actions]
[2026-03-24 16:37:23,732: INFO: action_dispatcher: Added ai_defense_inspect to actions]
[2026-03-24 16:37:23,738: INFO: action_dispatcher: Added GetAttentionPercentageAction to actions]
[2026-03-24 16:37:23,738: INFO: action_dispatcher: Added UpdateAttentionMaterializedViewAction to actions]
[2026-03-24 16:37:23,742: INFO: action_dispatcher: Added autoalign_factcheck_output_api to actions]
[2026-03-24 16:37:23,742: INFO: action_dispatcher: Added autoalign_groundedness_output_api to actions]
[2026-03-24 16:37:23,742: INFO: action_dispatcher: Added autoalign_input_api to actions]
[2026-03-24 16:37:23,742: INFO: action_dispatcher: Added autoalign_output_api to actions]
[2026-03-24 16:37:23,808: INFO: action_dispatcher: Added ClavataCheckAction to actions]
[2026-03-24 16:37:23,808: INFO: action_dispatcher: Added call cleanlab api to actions]
[2026-03-24 16:37:23,827: INFO: action_dispatcher: Added content_safety_check_input to actions]
[2026-03-24 16:37:23,827: INFO: action_dispatcher: Added content_safety_check_output to actions]
[2026-03-24 16:37:23,827: INFO: action_dispatcher: Added detect_language to actions]
[2026-03-24 16:37:23,860: INFO: action_dispatcher: Added crowdstrike_aidr_guard to actions]
[2026-03-24 16:37:23,899: INFO: action_dispatcher: Added alignscore_check_facts to actions]
[2026-03-24 16:37:23,899: INFO: action_dispatcher: Added alignscore request to actions]
[2026-03-24 16:37:23,899: INFO: action_dispatcher: Added self_check_facts to actions]
[2026-03-24 16:37:23,907: INFO: action_dispatcher: Added call fiddler faithfulness to actions]
[2026-03-24 16:37:23,907: INFO: action_dispatcher: Added call fiddler safety on bot message to actions]
[2026-03-24 16:37:23,910: INFO: action_dispatcher: Added call fiddler safety on user message to actions]
[2026-03-24 16:37:23,914: INFO: action_dispatcher: Added call gcpnlp api to actions]
[2026-03-24 16:37:23,959: INFO: action_dispatcher: Added gliner_detect_pii to actions]
[2026-03-24 16:37:23,959: INFO: action_dispatcher: Added gliner_mask_pii to actions]
[2026-03-24 16:37:23,993: INFO: action_dispatcher: Added validate_guardrails_ai_input to actions]
[2026-03-24 16:37:23,993: INFO: action_dispatcher: Added validate_guardrails_ai_output to actions]
[2026-03-24 16:37:23,998: INFO: action_dispatcher: Added self_check_hallucination to actions]
[2026-03-24 16:37:24,014: INFO: action_dispatcher: Added injection_detection to actions]
[2026-03-24 16:37:24,035: INFO: action_dispatcher: Added jailbreak_detection_heuristics to actions]
[2026-03-24 16:37:24,035: INFO: action_dispatcher: Added jailbreak_detection_model to actions]
[2026-03-24 16:37:24,037: INFO: action_dispatcher: Added llama_guard_check_input to actions]
[2026-03-24 16:37:24,037: INFO: action_dispatcher: Added llama_guard_check_output to actions]
[2026-03-24 16:37:24,055: INFO: action_dispatcher: Added pangea_ai_guard to actions]
[2026-03-24 16:37:24,065: INFO: action_dispatcher: Added patronus_api_check_output to actions]
[2026-03-24 16:37:24,065: INFO: action_dispatcher: Added patronus_lynx_check_output_hallucination to actions]
[2026-03-24 16:37:24,069: INFO: action_dispatcher: Added call_policyai_api to actions]
[2026-03-24 16:37:24,077: INFO: action_dispatcher: Added detect_pii to actions]
[2026-03-24 16:37:24,084: INFO: action_dispatcher: Added mask_pii to actions]
[2026-03-24 16:37:24,087: INFO: action_dispatcher: Added protect_text to actions]
[2026-03-24 16:37:24,103: INFO: action_dispatcher: Added detect_regex_pattern to actions]
[2026-03-24 16:37:24,107: INFO: action_dispatcher: Added self_check_facts to actions]
[2026-03-24 16:37:24,112: INFO: action_dispatcher: Added self_check_input to actions]
[2026-03-24 16:37:24,120: INFO: action_dispatcher: Added self_check_output to actions]
[2026-03-24 16:37:24,128: INFO: action_dispatcher: Added detect_sensitive_data to actions]
[2026-03-24 16:37:24,131: INFO: action_dispatcher: Added mask_sensitive_data to actions]
[2026-03-24 16:37:24,136: INFO: action_dispatcher: Added topic_safety_check_input to actions]
[2026-03-24 16:37:24,152: INFO: action_dispatcher: Added trend_ai_guard to actions]
[2026-03-24 16:37:24,159: INFO: action_dispatcher: Added GetCurrentDateTimeAction to actions]
[2026-03-24 16:37:24,159: INFO: action_dispatcher: Registered Actions :: ['ClavataCheckAction', 'GetAttentionPercentageAction', 'GetCurrentDateTimeAction', 'UpdateAttentionMaterializedViewAction', 'ai_defense_inspect', 'alignscore request', 'alignscore_check_facts', 'autoalign_factcheck_output_api', 'autoalign_groundedness_output_api', 'autoalign_input_api', 'autoalign_output_api', 'call cleanlab api', 'call fiddler faithfulness', 'call fiddler safety on bot message', 'call fiddler safety on user message', 'call gcpnlp api', 'call_activefence_api', 'call_policyai_api', 'content_safety_check_input', 'content_safety_check_output', 'create_event', 'crowdstrike_aidr_guard', 'detect_language', 'detect_pii', 'detect_regex_pattern', 'detect_sensitive_data', 'gliner_detect_pii', 'gliner_mask_pii', 'injection_detection', 'jailbreak_detection_heuristics', 'jailbreak_detection_model', 'llama_guard_check_input', 'llama_guard_check_output', 'mask_pii', 'mask_sensitive_data', 'pangea_ai_guard', 'patronus_api_check_output', 'patronus_lynx_check_output_hallucination', 'protect_text', 'retrieve_relevant_chunks', 'self_check_facts', 'self_check_hallucination', 'self_check_input', 'self_check_output', 'topic_safety_check_input', 'trend_ai_guard', 'validate_guardrails_ai_input', 'validate_guardrails_ai_output', 'wolfram alpha request']]
[2026-03-24 16:37:24,165: INFO: action_dispatcher: Action dispatcher initialized]
[2026-03-24 16:37:24,278: WARNING: llmrails: Both an LLM was provided via constructor and a main LLM is specified in the config. The LLM provided via constructor will be used and the main LLM from config will be ignored.]
[2026-03-24 16:37:30,890: INFO: runtime: Processing event: {'type': 'UtteranceUserActionFinished', 'final_transcript': 'hi'}]
[2026-03-24 16:37:30,891: INFO: runtime: Event :: ContextUpdate {'uid': '87831641-4476-4276-bfbc-08c739de85ec', 'event_created_at': '2026-03-24T11:07:30.891826+00:00', 'source_uid': 'NeMoGuardrails', 'data': {'user_message': 'hi'}}]
[2026-03-24 16:37:30,891: INFO: runtime: Event :: StartInternalSystemAction {'uid': '0c3f56b6-9fa7-44d0-9879-60f0b07612bb', 'event_created_at': '2026-03-24T11:07:30.891826+00:00', 'source_uid': 'NeMoGuardrails', 'action_name': 'create_event', 'action_params': {'event': {'_type': 'StartInputRails'}}, 'action_result_key': None, 'action_uid': 'e14d72e4-c580-40b6-8411-71454c708535', 'is_system_action': True}]
[2026-03-24 16:37:30,891: INFO: runtime: Processing event: {'type': 'StartInternalSystemAction', 'uid': '0c3f56b6-9fa7-44d0-9879-60f0b07612bb', 'event_created_at': '2026-03-24T11:07:30.891826+00:00', 'source_uid': 'NeMoGuardrails', 'action_name': 'create_event', 'action_params': {'event': {'_type': 'StartInputRails'}}, 'action_result_key': None, 'action_uid': 'e14d72e4-c580-40b6-8411-71454c708535', 'is_system_action': True}]
[2026-03-24 16:37:30,898: INFO: runtime: Executing action :: create_event]
[2026-03-24 16:37:30,898: INFO: action_dispatcher: Executing registered action: create_event]
[2026-03-24 16:37:30,898: INFO: runtime: Event :: InternalSystemActionFinished {'uid': '931bc7b4-1091-4dde-b766-7f1d4f6d68be', 'event_created_at': '2026-03-24T11:07:30.898823+00:00', 'source_uid': 'NeMoGuardrails', 'action_uid': 'e14d72e4-c580-40b6-8411-71454c708535', 'action_name': 'create_event', 'action_params': {'event': {'_type': 'StartInputRails'}}, 'action_result_key': None, 'status': 'success', 'is_success': True, 'return_value': None, 'events': [{'type': 'StartInputRails', 'uid': '673d33a7-a133-43d3-8a8b-c7290194d12a', 'event_created_at': '2026-03-24T11:07:30.898823+00:00', 'source_uid': 'NeMoGuardrails'}], 'is_system_action': True, 'action_finished_at': '2026-03-24T11:07:30.898823+00:00'}]
[2026-03-24 16:37:30,902: INFO: runtime: Event :: StartInputRails {'uid': '673d33a7-a133-43d3-8a8b-c7290194d12a', 'event_created_at': '2026-03-24T11:07:30.898823+00:00', 'source_uid': 'NeMoGuardrails'}]
[2026-03-24 16:37:30,902: INFO: runtime: Processing event: {'type': 'StartInputRails', 'uid': '673d33a7-a133-43d3-8a8b-c7290194d12a', 'event_created_at': '2026-03-24T11:07:30.898823+00:00', 'source_uid': 'NeMoGuardrails'}]
[2026-03-24 16:37:30,910: INFO: runtime: Event :: ContextUpdate {'uid': 'b41b7b39-456f-4896-8baf-7ad8ca1734b7', 'event_created_at': '2026-03-24T11:07:30.909370+00:00', 'source_uid': 'NeMoGuardrails', 'data': {'input_flows': ['check_dangerous_content', 'check_code_content', 'check_unrelated_content'], 'i': 0, 'triggered_input_rail': 'check_dangerous_content'}}]
[2026-03-24 16:37:30,913: INFO: runtime: Event :: StartInternalSystemAction {'uid': 'e324d532-741b-4f8a-926f-d7fb21ae06de', 'event_created_at': '2026-03-24T11:07:30.910458+00:00', 'source_uid': 'NeMoGuardrails', 'action_name': 'create_event', 'action_params': {'event': {'_type': 'StartInputRail', 'flow_id': '$triggered_input_rail'}}, 'action_result_key': None, 'action_uid': 'f8604da7-fa3e-490c-8253-a769c94ddeb7', 'is_system_action': True}]
[2026-03-24 16:37:30,915: INFO: runtime: Processing event: {'type': 'StartInternalSystemAction', 'uid': 'e324d532-741b-4f8a-926f-d7fb21ae06de', 'event_created_at': '2026-03-24T11:07:30.910458+00:00', 'source_uid': 'NeMoGuardrails', 'action_name': 'create_event', 'action_params': {'event': {'_type': 'StartInputRail', 'flow_id': '$triggered_input_rail'}}, 'action_result_key': None, 'action_uid': 'f8604da7-fa3e-490c-8253-a769c94ddeb7', 'is_system_action': True}]
[2026-03-24 16:37:30,917: INFO: runtime: Executing action :: create_event]
[2026-03-24 16:37:30,917: INFO: action_dispatcher: Executing registered action: create_event]
[2026-03-24 16:37:30,918: INFO: runtime: Event :: InternalSystemActionFinished {'uid': '502efd88-c9bd-4957-8b05-c5c1d16d1823', 'event_created_at': '2026-03-24T11:07:30.918235+00:00', 'source_uid': 'NeMoGuardrails', 'action_uid': 'f8604da7-fa3e-490c-8253-a769c94ddeb7', 'action_name': 'create_event', 'action_params': {'event': {'_type': 'StartInputRail', 'flow_id': '$triggered_input_rail'}}, 'action_result_key': None, 'status': 'success', 'is_success': True, 'return_value': None, 'events': [{'type': 'StartInputRail', 'uid': 'af24e194-5da6-4f27-97df-a077cf2681b2', 'event_created_at': '2026-03-24T11:07:30.918235+00:00', 'source_uid': 'NeMoGuardrails', 'flow_id': 'check_dangerous_content'}], 'is_system_action': True, 'action_finished_at': '2026-03-24T11:07:30.918235+00:00'}]
[2026-03-24 16:37:30,920: INFO: runtime: Event :: StartInputRail {'uid': 'af24e194-5da6-4f27-97df-a077cf2681b2', 'event_created_at': '2026-03-24T11:07:30.918235+00:00', 'source_uid': 'NeMoGuardrails', 'flow_id': 'check_dangerous_content'}]
[2026-03-24 16:37:30,921: INFO: runtime: Processing event: {'type': 'StartInputRail', 'uid': 'af24e194-5da6-4f27-97df-a077cf2681b2', 'event_created_at': '2026-03-24T11:07:30.918235+00:00', 'source_uid': 'NeMoGuardrails', 'flow_id': 'check_dangerous_content'}]
[2026-03-24 16:37:30,927: INFO: runtime: Event :: Listen {'uid': 'e13bded5-2aef-42bf-9d4f-18f3ca68cb51', 'event_created_at': '2026-03-24T11:07:30.927524+00:00', 'source_uid': 'NeMoGuardrails'}]
[2026-03-24 16:37:30,929: INFO: llmrails: --- :: Total processing took 0.04 seconds. Stats: 0 total calls, 0 total time, 0 total tokens, 0 total prompt tokens, 0 total completion tokens, [] as latencies]
[2026-03-24 16:38:45,937: INFO: guardrails_check: Guardrails check passed. Bot reply: ]
[2026-03-24 16:38:51,473: INFO: models: AFC is enabled with max remote calls: 10.]
[2026-03-24 16:38:53,783: INFO: _client: HTTP Request: POST https://aiplatform.googleapis.com/v1beta1/projects/macomai-441611/locations/global/publishers/google/models/gemini-2.5-flash:generateContent "HTTP/1.1 200 OK"]
[2026-03-24 16:39:05,874: INFO: _client: HTTP Request: POST https://aiplatform.googleapis.com/v1beta1/projects/macomai-441611/locations/global/publishers/google/models/text-embedding-004:predict "HTTP/1.1 200 OK"]
[2026-03-24 16:39:06,176: INFO: _client: HTTP Request: POST http://10.192.5.51:8000/api/v2/tenants/default_tenant/databases/default_database/collections/91518b3b-a2d1-4c38-b8df-01b360936d38/query "HTTP/1.1 200 OK"]
[2026-03-24 16:39:07,203: INFO: chatprocess: Formatting 5 documents]
[2026-03-24 16:39:07,215: INFO: models: AFC is enabled with max remote calls: 10.]
[2026-03-24 16:39:09,240: INFO: _client: HTTP Request: POST https://aiplatform.googleapis.com/v1beta1/projects/macomai-441611/locations/global/publishers/google/models/gemini-2.5-flash:generateContent "HTTP/1.1 200 OK"]
[2026-03-24 16:40:37,216: INFO: app: Chat request completed]
[2026-03-24 16:47:11,834: INFO: utils: NumExpr defaulting to 8 threads.]
[2026-03-24 16:47:36,442: INFO: common: yaml file: config\config.yaml loaded successfully]
[2026-03-24 16:47:36,777: INFO: _client: HTTP Request: GET http://10.192.5.51:8000/api/v2/auth/identity "HTTP/1.1 200 OK"]
[2026-03-24 16:47:36,820: INFO: _client: HTTP Request: GET http://10.192.5.51:8000/api/v2/tenants/default_tenant "HTTP/1.1 200 OK"]
[2026-03-24 16:47:36,829: INFO: _client: HTTP Request: GET http://10.192.5.51:8000/api/v2/tenants/default_tenant/databases/default_database "HTTP/1.1 200 OK"]
[2026-03-24 16:47:41,884: INFO: gcp: Attempt 1: GCP default credentials loaded and project 'macomai-441611' obtained.]
[2026-03-24 16:47:44,807: INFO: Login: Entering the login process function]
[2026-03-24 16:47:45,250: INFO: Login: Token and session updated for user: 101373]
[2026-03-24 16:47:56,432: INFO: chatprocess: Initializing vector store with collection]
[2026-03-24 16:47:56,511: INFO: _client: HTTP Request: POST http://10.192.5.51:8000/api/v2/tenants/default_tenant/databases/default_database/collections "HTTP/1.1 200 OK"]
[2026-03-24 16:47:56,548: INFO: _client: HTTP Request: GET http://10.192.5.51:8000/api/v2/tenants/default_tenant/databases/default_database/collections/91518b3b-a2d1-4c38-b8df-01b360936d38/count?read_level=index_and_wal "HTTP/1.1 200 OK"]
[2026-03-24 16:47:56,548: INFO: chatprocess: Connected to Chroma server - Collection 'langchain' has 3764 documents]
[2026-03-24 16:47:58,036: INFO: _client: HTTP Request: HEAD https://huggingface.co/cross-encoder/ms-marco-MiniLM-L-6-v2/resolve/main/config.json "HTTP/1.1 307 Temporary Redirect"]
[2026-03-24 16:47:58,349: INFO: _client: HTTP Request: HEAD https://huggingface.co/cross-encoder/ms-marco-MiniLM-L6-v2/resolve/main/config.json "HTTP/1.1 307 Temporary Redirect"]
[2026-03-24 16:47:58,373: INFO: _client: HTTP Request: HEAD https://huggingface.co/api/resolve-cache/models/cross-encoder/ms-marco-MiniLM-L6-v2/c5ee24cb16019beea0893ab7796b1df96625c6b8/config.json "HTTP/1.1 200 OK"]
[2026-03-24 16:47:59,063: INFO: _client: HTTP Request: HEAD https://huggingface.co/cross-encoder/ms-marco-MiniLM-L-6-v2/resolve/main/config.json "HTTP/1.1 307 Temporary Redirect"]
[2026-03-24 16:47:59,375: INFO: _client: HTTP Request: HEAD https://huggingface.co/cross-encoder/ms-marco-MiniLM-L6-v2/resolve/main/config.json "HTTP/1.1 307 Temporary Redirect"]
[2026-03-24 16:47:59,406: INFO: _client: HTTP Request: HEAD https://huggingface.co/api/resolve-cache/models/cross-encoder/ms-marco-MiniLM-L6-v2/c5ee24cb16019beea0893ab7796b1df96625c6b8/config.json "HTTP/1.1 200 OK"]
[2026-03-24 16:47:59,675: INFO: _client: HTTP Request: HEAD https://huggingface.co/cross-encoder/ms-marco-MiniLM-L-6-v2/resolve/main/tokenizer_config.json "HTTP/1.1 307 Temporary Redirect"]
[2026-03-24 16:47:59,925: INFO: _client: HTTP Request: HEAD https://huggingface.co/cross-encoder/ms-marco-MiniLM-L6-v2/resolve/main/tokenizer_config.json "HTTP/1.1 307 Temporary Redirect"]
[2026-03-24 16:47:59,955: INFO: _client: HTTP Request: HEAD https://huggingface.co/api/resolve-cache/models/cross-encoder/ms-marco-MiniLM-L6-v2/c5ee24cb16019beea0893ab7796b1df96625c6b8/tokenizer_config.json "HTTP/1.1 200 OK"]
[2026-03-24 16:48:00,299: INFO: _client: HTTP Request: GET https://huggingface.co/api/models/cross-encoder/ms-marco-MiniLM-L-6-v2/tree/main/additional_chat_templates?recursive=false&expand=false "HTTP/1.1 307 Temporary Redirect"]
[2026-03-24 16:48:00,601: INFO: _client: HTTP Request: GET https://huggingface.co/api/models/cross-encoder/ms-marco-MiniLM-L6-v2/tree/main/additional_chat_templates?recursive=false&expand=false "HTTP/1.1 404 Not Found"]
[2026-03-24 16:48:01,114: INFO: _client: HTTP Request: GET https://huggingface.co/api/models/cross-encoder/ms-marco-MiniLM-L-6-v2/tree/main?recursive=true&expand=false "HTTP/1.1 307 Temporary Redirect"]
[2026-03-24 16:48:01,424: INFO: _client: HTTP Request: GET https://huggingface.co/api/models/cross-encoder/ms-marco-MiniLM-L6-v2/tree/main?recursive=true&expand=false "HTTP/1.1 200 OK"]
[2026-03-24 16:48:01,819: INFO: _client: HTTP Request: HEAD https://huggingface.co/cross-encoder/ms-marco-MiniLM-L-6-v2/resolve/main/README.md "HTTP/1.1 307 Temporary Redirect"]
[2026-03-24 16:48:02,141: INFO: _client: HTTP Request: HEAD https://huggingface.co/cross-encoder/ms-marco-MiniLM-L6-v2/resolve/main/README.md "HTTP/1.1 307 Temporary Redirect"]
[2026-03-24 16:48:02,168: INFO: _client: HTTP Request: HEAD https://huggingface.co/api/resolve-cache/models/cross-encoder/ms-marco-MiniLM-L6-v2/c5ee24cb16019beea0893ab7796b1df96625c6b8/README.md "HTTP/1.1 200 OK"]
[2026-03-24 16:48:02,187: INFO: CrossEncoder: Use pytorch device: cpu]
[2026-03-24 16:48:02,554: INFO: _client: HTTP Request: GET https://huggingface.co/api/models/cross-encoder/ms-marco-MiniLM-L-6-v2 "HTTP/1.1 307 Temporary Redirect"]
[2026-03-24 16:48:02,857: INFO: _client: HTTP Request: GET https://huggingface.co/api/models/cross-encoder/ms-marco-MiniLM-L6-v2 "HTTP/1.1 200 OK"]
[2026-03-24 16:48:02,879: INFO: token: Entering access token validation method ]
[2026-03-24 16:48:24,484: INFO: guardrails_check: NeMo Guardrails loaded successfully.]
[2026-03-24 16:48:28,243: INFO: action_dispatcher: Initializing action dispatcher]
[2026-03-24 16:48:28,243: INFO: action_dispatcher: Added create_event to actions]
[2026-03-24 16:48:28,254: INFO: action_dispatcher: Added wolfram alpha request to actions]
[2026-03-24 16:48:28,257: INFO: action_dispatcher: Added retrieve_relevant_chunks to actions]
[2026-03-24 16:48:28,471: INFO: action_dispatcher: Added call_activefence_api to actions]
[2026-03-24 16:48:28,471: INFO: action_dispatcher: Added ai_defense_inspect to actions]
[2026-03-24 16:48:28,484: INFO: action_dispatcher: Added GetAttentionPercentageAction to actions]
[2026-03-24 16:48:28,484: INFO: action_dispatcher: Added UpdateAttentionMaterializedViewAction to actions]
[2026-03-24 16:48:28,490: INFO: action_dispatcher: Added autoalign_factcheck_output_api to actions]
[2026-03-24 16:48:28,490: INFO: action_dispatcher: Added autoalign_groundedness_output_api to actions]
[2026-03-24 16:48:28,490: INFO: action_dispatcher: Added autoalign_input_api to actions]
[2026-03-24 16:48:28,490: INFO: action_dispatcher: Added autoalign_output_api to actions]
[2026-03-24 16:48:28,562: INFO: action_dispatcher: Added ClavataCheckAction to actions]
[2026-03-24 16:48:28,571: INFO: action_dispatcher: Added call cleanlab api to actions]
[2026-03-24 16:48:28,579: INFO: action_dispatcher: Added content_safety_check_input to actions]
[2026-03-24 16:48:28,579: INFO: action_dispatcher: Added content_safety_check_output to actions]
[2026-03-24 16:48:28,583: INFO: action_dispatcher: Added detect_language to actions]
[2026-03-24 16:48:28,597: INFO: action_dispatcher: Added crowdstrike_aidr_guard to actions]
[2026-03-24 16:48:28,623: INFO: action_dispatcher: Added alignscore_check_facts to actions]
[2026-03-24 16:48:28,623: INFO: action_dispatcher: Added alignscore request to actions]
[2026-03-24 16:48:28,627: INFO: action_dispatcher: Added self_check_facts to actions]
[2026-03-24 16:48:28,632: INFO: action_dispatcher: Added call fiddler faithfulness to actions]
[2026-03-24 16:48:28,632: INFO: action_dispatcher: Added call fiddler safety on bot message to actions]
[2026-03-24 16:48:28,635: INFO: action_dispatcher: Added call fiddler safety on user message to actions]
[2026-03-24 16:48:28,635: INFO: action_dispatcher: Added call gcpnlp api to actions]
[2026-03-24 16:48:28,669: INFO: action_dispatcher: Added gliner_detect_pii to actions]
[2026-03-24 16:48:28,669: INFO: action_dispatcher: Added gliner_mask_pii to actions]
[2026-03-24 16:48:28,685: INFO: action_dispatcher: Added validate_guardrails_ai_input to actions]
[2026-03-24 16:48:28,685: INFO: action_dispatcher: Added validate_guardrails_ai_output to actions]
[2026-03-24 16:48:28,691: INFO: action_dispatcher: Added self_check_hallucination to actions]
[2026-03-24 16:48:28,707: INFO: action_dispatcher: Added injection_detection to actions]
[2026-03-24 16:48:28,722: INFO: action_dispatcher: Added jailbreak_detection_heuristics to actions]
[2026-03-24 16:48:28,722: INFO: action_dispatcher: Added jailbreak_detection_model to actions]
[2026-03-24 16:48:28,737: INFO: action_dispatcher: Added llama_guard_check_input to actions]
[2026-03-24 16:48:28,737: INFO: action_dispatcher: Added llama_guard_check_output to actions]
[2026-03-24 16:48:28,749: INFO: action_dispatcher: Added pangea_ai_guard to actions]
[2026-03-24 16:48:28,760: INFO: action_dispatcher: Added patronus_api_check_output to actions]
[2026-03-24 16:48:28,760: INFO: action_dispatcher: Added patronus_lynx_check_output_hallucination to actions]
[2026-03-24 16:48:28,765: INFO: action_dispatcher: Added call_policyai_api to actions]
[2026-03-24 16:48:28,770: INFO: action_dispatcher: Added detect_pii to actions]
[2026-03-24 16:48:28,770: INFO: action_dispatcher: Added mask_pii to actions]
[2026-03-24 16:48:28,781: INFO: action_dispatcher: Added protect_text to actions]
[2026-03-24 16:48:28,791: INFO: action_dispatcher: Added detect_regex_pattern to actions]
[2026-03-24 16:48:28,803: INFO: action_dispatcher: Added self_check_facts to actions]
[2026-03-24 16:48:28,806: INFO: action_dispatcher: Added self_check_input to actions]
[2026-03-24 16:48:28,809: INFO: action_dispatcher: Added self_check_output to actions]
[2026-03-24 16:48:28,815: INFO: action_dispatcher: Added detect_sensitive_data to actions]
[2026-03-24 16:48:28,815: INFO: action_dispatcher: Added mask_sensitive_data to actions]
[2026-03-24 16:48:28,824: INFO: action_dispatcher: Added topic_safety_check_input to actions]
[2026-03-24 16:48:28,837: INFO: action_dispatcher: Added trend_ai_guard to actions]
[2026-03-24 16:48:28,846: INFO: action_dispatcher: Added GetCurrentDateTimeAction to actions]
[2026-03-24 16:48:28,853: INFO: action_dispatcher: Registered Actions :: ['ClavataCheckAction', 'GetAttentionPercentageAction', 'GetCurrentDateTimeAction', 'UpdateAttentionMaterializedViewAction', 'ai_defense_inspect', 'alignscore request', 'alignscore_check_facts', 'autoalign_factcheck_output_api', 'autoalign_groundedness_output_api', 'autoalign_input_api', 'autoalign_output_api', 'call cleanlab api', 'call fiddler faithfulness', 'call fiddler safety on bot message', 'call fiddler safety on user message', 'call gcpnlp api', 'call_activefence_api', 'call_policyai_api', 'content_safety_check_input', 'content_safety_check_output', 'create_event', 'crowdstrike_aidr_guard', 'detect_language', 'detect_pii', 'detect_regex_pattern', 'detect_sensitive_data', 'gliner_detect_pii', 'gliner_mask_pii', 'injection_detection', 'jailbreak_detection_heuristics', 'jailbreak_detection_model', 'llama_guard_check_input', 'llama_guard_check_output', 'mask_pii', 'mask_sensitive_data', 'pangea_ai_guard', 'patronus_api_check_output', 'patronus_lynx_check_output_hallucination', 'protect_text', 'retrieve_relevant_chunks', 'self_check_facts', 'self_check_hallucination', 'self_check_input', 'self_check_output', 'topic_safety_check_input', 'trend_ai_guard', 'validate_guardrails_ai_input', 'validate_guardrails_ai_output', 'wolfram alpha request']]
[2026-03-24 16:48:28,854: INFO: action_dispatcher: Action dispatcher initialized]
[2026-03-24 16:48:28,974: WARNING: llmrails: Both an LLM was provided via constructor and a main LLM is specified in the config. The LLM provided via constructor will be used and the main LLM from config will be ignored.]
[2026-03-24 16:48:38,974: INFO: runtime: Processing event: {'type': 'UtteranceUserActionFinished', 'final_transcript': 'hi'}]
[2026-03-24 16:48:38,974: INFO: runtime: Event :: ContextUpdate {'uid': '28bd5948-13e9-4020-ade4-065109fc107f', 'event_created_at': '2026-03-24T11:18:38.974176+00:00', 'source_uid': 'NeMoGuardrails', 'data': {'user_message': 'hi'}}]
[2026-03-24 16:48:38,974: INFO: runtime: Event :: StartInternalSystemAction {'uid': 'fbcb0ccc-af7b-4de4-974c-88f7731412f7', 'event_created_at': '2026-03-24T11:18:38.974176+00:00', 'source_uid': 'NeMoGuardrails', 'action_name': 'create_event', 'action_params': {'event': {'_type': 'StartInputRails'}}, 'action_result_key': None, 'action_uid': '6f4d4ef4-e63b-4418-8216-9508f47cc8f0', 'is_system_action': True}]
[2026-03-24 16:48:38,974: INFO: runtime: Processing event: {'type': 'StartInternalSystemAction', 'uid': 'fbcb0ccc-af7b-4de4-974c-88f7731412f7', 'event_created_at': '2026-03-24T11:18:38.974176+00:00', 'source_uid': 'NeMoGuardrails', 'action_name': 'create_event', 'action_params': {'event': {'_type': 'StartInputRails'}}, 'action_result_key': None, 'action_uid': '6f4d4ef4-e63b-4418-8216-9508f47cc8f0', 'is_system_action': True}]
[2026-03-24 16:48:38,982: INFO: runtime: Executing action :: create_event]
[2026-03-24 16:48:38,984: INFO: action_dispatcher: Executing registered action: create_event]
[2026-03-24 16:48:38,984: INFO: runtime: Event :: InternalSystemActionFinished {'uid': '9a555592-d8de-40ca-ac36-d2cb8519e004', 'event_created_at': '2026-03-24T11:18:38.984037+00:00', 'source_uid': 'NeMoGuardrails', 'action_uid': '6f4d4ef4-e63b-4418-8216-9508f47cc8f0', 'action_name': 'create_event', 'action_params': {'event': {'_type': 'StartInputRails'}}, 'action_result_key': None, 'status': 'success', 'is_success': True, 'return_value': None, 'events': [{'type': 'StartInputRails', 'uid': '265073f2-0101-491b-8d28-0e5d31dcc75c', 'event_created_at': '2026-03-24T11:18:38.984037+00:00', 'source_uid': 'NeMoGuardrails'}], 'is_system_action': True, 'action_finished_at': '2026-03-24T11:18:38.984037+00:00'}]
[2026-03-24 16:48:38,986: INFO: runtime: Event :: StartInputRails {'uid': '265073f2-0101-491b-8d28-0e5d31dcc75c', 'event_created_at': '2026-03-24T11:18:38.984037+00:00', 'source_uid': 'NeMoGuardrails'}]
[2026-03-24 16:48:38,986: INFO: runtime: Processing event: {'type': 'StartInputRails', 'uid': '265073f2-0101-491b-8d28-0e5d31dcc75c', 'event_created_at': '2026-03-24T11:18:38.984037+00:00', 'source_uid': 'NeMoGuardrails'}]
[2026-03-24 16:48:38,991: INFO: runtime: Event :: ContextUpdate {'uid': 'aab67ff8-5b33-4c7f-bcba-0bd3e34cc020', 'event_created_at': '2026-03-24T11:18:38.991598+00:00', 'source_uid': 'NeMoGuardrails', 'data': {'input_flows': ['check_dangerous_content', 'check_code_content', 'check_unrelated_content'], 'i': 0, 'triggered_input_rail': 'check_dangerous_content'}}]
[2026-03-24 16:48:38,993: INFO: runtime: Event :: StartInternalSystemAction {'uid': '8c1bada1-32c3-4c8e-8740-a110074299e3', 'event_created_at': '2026-03-24T11:18:38.991598+00:00', 'source_uid': 'NeMoGuardrails', 'action_name': 'create_event', 'action_params': {'event': {'_type': 'StartInputRail', 'flow_id': '$triggered_input_rail'}}, 'action_result_key': None, 'action_uid': '3ef2e155-db6c-4a90-b447-128601755147', 'is_system_action': True}]
[2026-03-24 16:48:38,993: INFO: runtime: Processing event: {'type': 'StartInternalSystemAction', 'uid': '8c1bada1-32c3-4c8e-8740-a110074299e3', 'event_created_at': '2026-03-24T11:18:38.991598+00:00', 'source_uid': 'NeMoGuardrails', 'action_name': 'create_event', 'action_params': {'event': {'_type': 'StartInputRail', 'flow_id': '$triggered_input_rail'}}, 'action_result_key': None, 'action_uid': '3ef2e155-db6c-4a90-b447-128601755147', 'is_system_action': True}]
[2026-03-24 16:48:38,993: INFO: runtime: Executing action :: create_event]
[2026-03-24 16:48:38,999: INFO: action_dispatcher: Executing registered action: create_event]
[2026-03-24 16:48:38,999: INFO: runtime: Event :: InternalSystemActionFinished {'uid': '5c61e0f2-76c8-4a52-a9bb-cb859d4365ef', 'event_created_at': '2026-03-24T11:18:38.999251+00:00', 'source_uid': 'NeMoGuardrails', 'action_uid': '3ef2e155-db6c-4a90-b447-128601755147', 'action_name': 'create_event', 'action_params': {'event': {'_type': 'StartInputRail', 'flow_id': '$triggered_input_rail'}}, 'action_result_key': None, 'status': 'success', 'is_success': True, 'return_value': None, 'events': [{'type': 'StartInputRail', 'uid': '8c1378db-9249-415b-a561-a2200e92618e', 'event_created_at': '2026-03-24T11:18:38.999251+00:00', 'source_uid': 'NeMoGuardrails', 'flow_id': 'check_dangerous_content'}], 'is_system_action': True, 'action_finished_at': '2026-03-24T11:18:38.999251+00:00'}]
[2026-03-24 16:48:38,999: INFO: runtime: Event :: StartInputRail {'uid': '8c1378db-9249-415b-a561-a2200e92618e', 'event_created_at': '2026-03-24T11:18:38.999251+00:00', 'source_uid': 'NeMoGuardrails', 'flow_id': 'check_dangerous_content'}]
[2026-03-24 16:48:38,999: INFO: runtime: Processing event: {'type': 'StartInputRail', 'uid': '8c1378db-9249-415b-a561-a2200e92618e', 'event_created_at': '2026-03-24T11:18:38.999251+00:00', 'source_uid': 'NeMoGuardrails', 'flow_id': 'check_dangerous_content'}]
[2026-03-24 16:48:39,009: INFO: runtime: Event :: Listen {'uid': 'c9a60d5d-9da1-43ca-a23d-14beaf80e874', 'event_created_at': '2026-03-24T11:18:39.009756+00:00', 'source_uid': 'NeMoGuardrails'}]
[2026-03-24 16:48:39,009: INFO: llmrails: --- :: Total processing took 0.04 seconds. Stats: 0 total calls, 0 total time, 0 total tokens, 0 total prompt tokens, 0 total completion tokens, [] as latencies]
[2026-03-24 16:48:51,379: INFO: guardrails_check: Guardrails check passed. Bot reply: '']
[2026-03-24 16:48:57,505: INFO: models: AFC is enabled with max remote calls: 10.]
[2026-03-24 16:48:58,978: INFO: _client: HTTP Request: POST https://aiplatform.googleapis.com/v1beta1/projects/macomai-441611/locations/global/publishers/google/models/gemini-2.5-flash:generateContent "HTTP/1.1 200 OK"]
[2026-03-24 16:49:10,836: INFO: _client: HTTP Request: POST https://aiplatform.googleapis.com/v1beta1/projects/macomai-441611/locations/global/publishers/google/models/text-embedding-004:predict "HTTP/1.1 200 OK"]
[2026-03-24 16:49:10,906: INFO: _client: HTTP Request: POST http://10.192.5.51:8000/api/v2/tenants/default_tenant/databases/default_database/collections/91518b3b-a2d1-4c38-b8df-01b360936d38/query "HTTP/1.1 200 OK"]
[2026-03-24 16:49:11,964: INFO: chatprocess: Formatting 5 documents]
[2026-03-24 16:49:11,978: INFO: models: AFC is enabled with max remote calls: 10.]
[2026-03-24 16:49:13,419: INFO: _client: HTTP Request: POST https://aiplatform.googleapis.com/v1beta1/projects/macomai-441611/locations/global/publishers/google/models/gemini-2.5-flash:generateContent "HTTP/1.1 200 OK"]
[2026-03-24 16:49:27,162: INFO: app: Chat request completed]
[2026-03-24 17:08:40,474: INFO: utils: NumExpr defaulting to 8 threads.]
[2026-03-24 17:09:15,192: INFO: common: yaml file: config\config.yaml loaded successfully]
[2026-03-24 17:09:15,402: INFO: _client: HTTP Request: GET http://10.192.5.51:8000/api/v2/auth/identity "HTTP/1.1 200 OK"]
[2026-03-24 17:09:15,452: INFO: _client: HTTP Request: GET http://10.192.5.51:8000/api/v2/tenants/default_tenant "HTTP/1.1 200 OK"]
[2026-03-24 17:09:15,467: INFO: _client: HTTP Request: GET http://10.192.5.51:8000/api/v2/tenants/default_tenant/databases/default_database "HTTP/1.1 200 OK"]
[2026-03-24 17:09:20,018: INFO: gcp: Attempt 1: GCP default credentials loaded and project 'macomai-441611' obtained.]
[2026-03-24 17:09:22,837: INFO: Login: Entering the login process function]
[2026-03-24 17:09:23,165: INFO: Login: Token and session updated for user: 101373]
[2026-03-24 17:09:44,959: INFO: chatprocess: Initializing vector store with collection]
[2026-03-24 17:09:45,060: INFO: _client: HTTP Request: POST http://10.192.5.51:8000/api/v2/tenants/default_tenant/databases/default_database/collections "HTTP/1.1 200 OK"]
[2026-03-24 17:09:45,089: INFO: _client: HTTP Request: GET http://10.192.5.51:8000/api/v2/tenants/default_tenant/databases/default_database/collections/91518b3b-a2d1-4c38-b8df-01b360936d38/count?read_level=index_and_wal "HTTP/1.1 200 OK"]
[2026-03-24 17:09:45,089: INFO: chatprocess: Connected to Chroma server - Collection 'langchain' has 3764 documents]
[2026-03-24 17:09:47,531: INFO: _client: HTTP Request: HEAD https://huggingface.co/cross-encoder/ms-marco-MiniLM-L-6-v2/resolve/main/config.json "HTTP/1.1 307 Temporary Redirect"]
[2026-03-24 17:09:47,870: INFO: _client: HTTP Request: HEAD https://huggingface.co/cross-encoder/ms-marco-MiniLM-L6-v2/resolve/main/config.json "HTTP/1.1 307 Temporary Redirect"]
[2026-03-24 17:09:47,931: INFO: _client: HTTP Request: HEAD https://huggingface.co/api/resolve-cache/models/cross-encoder/ms-marco-MiniLM-L6-v2/c5ee24cb16019beea0893ab7796b1df96625c6b8/config.json "HTTP/1.1 200 OK"]
[2026-03-24 17:09:48,794: INFO: _client: HTTP Request: HEAD https://huggingface.co/cross-encoder/ms-marco-MiniLM-L-6-v2/resolve/main/config.json "HTTP/1.1 307 Temporary Redirect"]
[2026-03-24 17:09:49,071: INFO: _client: HTTP Request: HEAD https://huggingface.co/cross-encoder/ms-marco-MiniLM-L6-v2/resolve/main/config.json "HTTP/1.1 307 Temporary Redirect"]
[2026-03-24 17:09:49,137: INFO: _client: HTTP Request: HEAD https://huggingface.co/api/resolve-cache/models/cross-encoder/ms-marco-MiniLM-L6-v2/c5ee24cb16019beea0893ab7796b1df96625c6b8/config.json "HTTP/1.1 200 OK"]
[2026-03-24 17:09:49,499: INFO: _client: HTTP Request: HEAD https://huggingface.co/cross-encoder/ms-marco-MiniLM-L-6-v2/resolve/main/tokenizer_config.json "HTTP/1.1 307 Temporary Redirect"]
[2026-03-24 17:09:49,781: INFO: _client: HTTP Request: HEAD https://huggingface.co/cross-encoder/ms-marco-MiniLM-L6-v2/resolve/main/tokenizer_config.json "HTTP/1.1 307 Temporary Redirect"]
[2026-03-24 17:09:49,849: INFO: _client: HTTP Request: HEAD https://huggingface.co/api/resolve-cache/models/cross-encoder/ms-marco-MiniLM-L6-v2/c5ee24cb16019beea0893ab7796b1df96625c6b8/tokenizer_config.json "HTTP/1.1 200 OK"]
[2026-03-24 17:09:50,216: INFO: _client: HTTP Request: GET https://huggingface.co/api/models/cross-encoder/ms-marco-MiniLM-L-6-v2/tree/main/additional_chat_templates?recursive=false&expand=false "HTTP/1.1 307 Temporary Redirect"]
[2026-03-24 17:09:50,533: INFO: _client: HTTP Request: GET https://huggingface.co/api/models/cross-encoder/ms-marco-MiniLM-L6-v2/tree/main/additional_chat_templates?recursive=false&expand=false "HTTP/1.1 404 Not Found"]
[2026-03-24 17:09:50,824: INFO: _client: HTTP Request: GET https://huggingface.co/api/models/cross-encoder/ms-marco-MiniLM-L-6-v2/tree/main?recursive=true&expand=false "HTTP/1.1 307 Temporary Redirect"]
[2026-03-24 17:09:51,145: INFO: _client: HTTP Request: GET https://huggingface.co/api/models/cross-encoder/ms-marco-MiniLM-L6-v2/tree/main?recursive=true&expand=false "HTTP/1.1 200 OK"]
[2026-03-24 17:09:51,598: INFO: _client: HTTP Request: HEAD https://huggingface.co/cross-encoder/ms-marco-MiniLM-L-6-v2/resolve/main/README.md "HTTP/1.1 307 Temporary Redirect"]
[2026-03-24 17:09:51,942: INFO: _client: HTTP Request: HEAD https://huggingface.co/cross-encoder/ms-marco-MiniLM-L6-v2/resolve/main/README.md "HTTP/1.1 307 Temporary Redirect"]
[2026-03-24 17:09:51,943: WARNING: _http: Warning: You are sending unauthenticated requests to the HF Hub. Please set a HF_TOKEN to enable higher rate limits and faster downloads.]
[2026-03-24 17:09:52,000: INFO: _client: HTTP Request: HEAD https://huggingface.co/api/resolve-cache/models/cross-encoder/ms-marco-MiniLM-L6-v2/c5ee24cb16019beea0893ab7796b1df96625c6b8/README.md "HTTP/1.1 200 OK"]
[2026-03-24 17:09:52,013: INFO: CrossEncoder: Use pytorch device: cpu]
[2026-03-24 17:09:52,292: INFO: _client: HTTP Request: GET https://huggingface.co/api/models/cross-encoder/ms-marco-MiniLM-L-6-v2 "HTTP/1.1 307 Temporary Redirect"]
[2026-03-24 17:09:52,673: INFO: _client: HTTP Request: GET https://huggingface.co/api/models/cross-encoder/ms-marco-MiniLM-L6-v2 "HTTP/1.1 200 OK"]
[2026-03-24 17:09:52,705: INFO: token: Entering access token validation method ]
[2026-03-24 17:10:01,105: INFO: guardrails_check: NeMo Guardrails loaded successfully.]
[2026-03-24 17:10:02,904: INFO: action_dispatcher: Initializing action dispatcher]
[2026-03-24 17:10:02,913: INFO: action_dispatcher: Added create_event to actions]
[2026-03-24 17:10:02,919: INFO: action_dispatcher: Added wolfram alpha request to actions]
[2026-03-24 17:10:02,922: INFO: action_dispatcher: Added retrieve_relevant_chunks to actions]
[2026-03-24 17:10:03,095: INFO: action_dispatcher: Added call_activefence_api to actions]
[2026-03-24 17:10:03,095: INFO: action_dispatcher: Added ai_defense_inspect to actions]
[2026-03-24 17:10:03,103: INFO: action_dispatcher: Added GetAttentionPercentageAction to actions]
[2026-03-24 17:10:03,103: INFO: action_dispatcher: Added UpdateAttentionMaterializedViewAction to actions]
[2026-03-24 17:10:03,114: INFO: action_dispatcher: Added autoalign_factcheck_output_api to actions]
[2026-03-24 17:10:03,115: INFO: action_dispatcher: Added autoalign_groundedness_output_api to actions]
[2026-03-24 17:10:03,115: INFO: action_dispatcher: Added autoalign_input_api to actions]
[2026-03-24 17:10:03,118: INFO: action_dispatcher: Added autoalign_output_api to actions]
[2026-03-24 17:10:03,166: INFO: action_dispatcher: Added ClavataCheckAction to actions]
[2026-03-24 17:10:03,166: INFO: action_dispatcher: Added call cleanlab api to actions]
[2026-03-24 17:10:03,177: INFO: action_dispatcher: Added content_safety_check_input to actions]
[2026-03-24 17:10:03,183: INFO: action_dispatcher: Added content_safety_check_output to actions]
[2026-03-24 17:10:03,183: INFO: action_dispatcher: Added detect_language to actions]
[2026-03-24 17:10:03,200: INFO: action_dispatcher: Added crowdstrike_aidr_guard to actions]
[2026-03-24 17:10:03,222: INFO: action_dispatcher: Added alignscore_check_facts to actions]
[2026-03-24 17:10:03,222: INFO: action_dispatcher: Added alignscore request to actions]
[2026-03-24 17:10:03,222: INFO: action_dispatcher: Added self_check_facts to actions]
[2026-03-24 17:10:03,222: INFO: action_dispatcher: Added call fiddler faithfulness to actions]
[2026-03-24 17:10:03,222: INFO: action_dispatcher: Added call fiddler safety on bot message to actions]
[2026-03-24 17:10:03,230: INFO: action_dispatcher: Added call fiddler safety on user message to actions]
[2026-03-24 17:10:03,237: INFO: action_dispatcher: Added call gcpnlp api to actions]
[2026-03-24 17:10:03,283: INFO: action_dispatcher: Added gliner_detect_pii to actions]
[2026-03-24 17:10:03,283: INFO: action_dispatcher: Added gliner_mask_pii to actions]
[2026-03-24 17:10:03,299: INFO: action_dispatcher: Added validate_guardrails_ai_input to actions]
[2026-03-24 17:10:03,299: INFO: action_dispatcher: Added validate_guardrails_ai_output to actions]
[2026-03-24 17:10:03,299: INFO: action_dispatcher: Added self_check_hallucination to actions]
[2026-03-24 17:10:03,324: INFO: action_dispatcher: Added injection_detection to actions]
[2026-03-24 17:10:03,340: INFO: action_dispatcher: Added jailbreak_detection_heuristics to actions]
[2026-03-24 17:10:03,340: INFO: action_dispatcher: Added jailbreak_detection_model to actions]
[2026-03-24 17:10:03,352: INFO: action_dispatcher: Added llama_guard_check_input to actions]
[2026-03-24 17:10:03,352: INFO: action_dispatcher: Added llama_guard_check_output to actions]
[2026-03-24 17:10:03,367: INFO: action_dispatcher: Added pangea_ai_guard to actions]
[2026-03-24 17:10:03,372: INFO: action_dispatcher: Added patronus_api_check_output to actions]
[2026-03-24 17:10:03,372: INFO: action_dispatcher: Added patronus_lynx_check_output_hallucination to actions]
[2026-03-24 17:10:03,380: INFO: action_dispatcher: Added call_policyai_api to actions]
[2026-03-24 17:10:03,388: INFO: action_dispatcher: Added detect_pii to actions]
[2026-03-24 17:10:03,394: INFO: action_dispatcher: Added mask_pii to actions]
[2026-03-24 17:10:03,396: INFO: action_dispatcher: Added protect_text to actions]
[2026-03-24 17:10:03,404: INFO: action_dispatcher: Added detect_regex_pattern to actions]
[2026-03-24 17:10:03,413: INFO: action_dispatcher: Added self_check_facts to actions]
[2026-03-24 17:10:03,422: INFO: action_dispatcher: Added self_check_input to actions]
[2026-03-24 17:10:03,422: INFO: action_dispatcher: Added self_check_output to actions]
[2026-03-24 17:10:03,435: INFO: action_dispatcher: Added detect_sensitive_data to actions]
[2026-03-24 17:10:03,435: INFO: action_dispatcher: Added mask_sensitive_data to actions]
[2026-03-24 17:10:03,435: INFO: action_dispatcher: Added topic_safety_check_input to actions]
[2026-03-24 17:10:03,450: INFO: action_dispatcher: Added trend_ai_guard to actions]
[2026-03-24 17:10:03,456: INFO: action_dispatcher: Added GetCurrentDateTimeAction to actions]
[2026-03-24 17:10:03,456: INFO: action_dispatcher: Registered Actions :: ['ClavataCheckAction', 'GetAttentionPercentageAction', 'GetCurrentDateTimeAction', 'UpdateAttentionMaterializedViewAction', 'ai_defense_inspect', 'alignscore request', 'alignscore_check_facts', 'autoalign_factcheck_output_api', 'autoalign_groundedness_output_api', 'autoalign_input_api', 'autoalign_output_api', 'call cleanlab api', 'call fiddler faithfulness', 'call fiddler safety on bot message', 'call fiddler safety on user message', 'call gcpnlp api', 'call_activefence_api', 'call_policyai_api', 'content_safety_check_input', 'content_safety_check_output', 'create_event', 'crowdstrike_aidr_guard', 'detect_language', 'detect_pii', 'detect_regex_pattern', 'detect_sensitive_data', 'gliner_detect_pii', 'gliner_mask_pii', 'injection_detection', 'jailbreak_detection_heuristics', 'jailbreak_detection_model', 'llama_guard_check_input', 'llama_guard_check_output', 'mask_pii', 'mask_sensitive_data', 'pangea_ai_guard', 'patronus_api_check_output', 'patronus_lynx_check_output_hallucination', 'protect_text', 'retrieve_relevant_chunks', 'self_check_facts', 'self_check_hallucination', 'self_check_input', 'self_check_output', 'topic_safety_check_input', 'trend_ai_guard', 'validate_guardrails_ai_input', 'validate_guardrails_ai_output', 'wolfram alpha request']]
[2026-03-24 17:10:03,456: INFO: action_dispatcher: Action dispatcher initialized]
[2026-03-24 17:10:27,764: ERROR: guardrails_check: Guardrails check failed: Failed to initialize model 'gemini-2.5-flash' with provider 'vertex_ai' in 'chat' mode: ValueError encountered in initializer _init_chat_completion_model(modes=['chat']) for model: gemini-2.5-flash and provider: vertex_ai: Unsupported provider='vertex_ai'.

Supported model providers are: anthropic, anthropic_bedrock, azure_ai, azure_openai, baseten, bedrock, bedrock_converse, cohere, deepseek, fireworks, google_anthropic_vertex, google_genai, google_vertexai, groq, huggingface, ibm, litellm, mistralai, nvidia, ollama, openai, openrouter, perplexity, together, upstage, xai]
Traceback (most recent call last):
  File "c:\Users\101373\AppData\Local\anaconda3\envs\nemo_env\Lib\site-packages\nemoguardrails\llm\models\langchain_initializer.py", line 104, in try_initialization_method
    result = initializer.execute(
             ^^^^^^^^^^^^^^^^^^^^
  File "c:\Users\101373\AppData\Local\anaconda3\envs\nemo_env\Lib\site-packages\nemoguardrails\llm\models\langchain_initializer.py", line 72, in execute
    return self.init_method(model_name, provider_name, kwargs)
           ^^^^^^^^^^^^^^^^^^^^^^^^^^^^^^^^^^^^^^^^^^^^^^^^^^^
  File "c:\Users\101373\AppData\Local\anaconda3\envs\nemo_env\Lib\site-packages\nemoguardrails\llm\models\langchain_initializer.py", line 219, in _init_chat_completion_model
    return init_chat_model(
           ^^^^^^^^^^^^^^^^
  File "c:\Users\101373\AppData\Local\anaconda3\envs\nemo_env\Lib\site-packages\langchain\chat_models\base.py", line 477, in init_chat_model
    return _init_chat_model_helper(
           ^^^^^^^^^^^^^^^^^^^^^^^^
  File "c:\Users\101373\AppData\Local\anaconda3\envs\nemo_env\Lib\site-packages\langchain\chat_models\base.py", line 500, in _init_chat_model_helper
    creator_func = _get_chat_model_creator(model_provider)
                   ^^^^^^^^^^^^^^^^^^^^^^^^^^^^^^^^^^^^^^^
  File "c:\Users\101373\AppData\Local\anaconda3\envs\nemo_env\Lib\site-packages\langchain\chat_models\base.py", line 154, in _get_chat_model_creator
    raise ValueError(msg)
ValueError: Unsupported provider='vertex_ai'.

Supported model providers are: anthropic, anthropic_bedrock, azure_ai, azure_openai, baseten, bedrock, bedrock_converse, cohere, deepseek, fireworks, google_anthropic_vertex, google_genai, google_vertexai, groq, huggingface, ibm, litellm, mistralai, nvidia, ollama, openai, openrouter, perplexity, together, upstage, xai

During handling of the above exception, another exception occurred:

Traceback (most recent call last):
  File "c:\Users\101373\AppData\Local\anaconda3\envs\nemo_env\Lib\site-packages\nemoguardrails\llm\models\langchain_initializer.py", line 157, in init_langchain_model
    result = try_initialization_method(
             ^^^^^^^^^^^^^^^^^^^^^^^^^^
  File "c:\Users\101373\AppData\Local\anaconda3\envs\nemo_env\Lib\site-packages\nemoguardrails\llm\models\langchain_initializer.py", line 113, in try_initialization_method
    raise ValueError(
ValueError: ValueError encountered in initializer _init_chat_completion_model(modes=['chat']) for model: gemini-2.5-flash and provider: vertex_ai: Unsupported provider='vertex_ai'.

Supported model providers are: anthropic, anthropic_bedrock, azure_ai, azure_openai, baseten, bedrock, bedrock_converse, cohere, deepseek, fireworks, google_anthropic_vertex, google_genai, google_vertexai, groq, huggingface, ibm, litellm, mistralai, nvidia, ollama, openai, openrouter, perplexity, together, upstage, xai

The above exception was the direct cause of the following exception:

Traceback (most recent call last):
  File "d:\guardrail_implementation_test\guardrails_check.py", line 35, in check_guardrails
    rails = get_rails()
            ^^^^^^^^^^^
  File "d:\guardrail_implementation_test\guardrails_check.py", line 22, in get_rails
    return LLMRails(config)
           ^^^^^^^^^^^^^^^^
  File "c:\Users\101373\AppData\Local\anaconda3\envs\nemo_env\Lib\site-packages\nemoguardrails\rails\llm\llmrails.py", line 274, in __init__
    self._init_llms()
  File "c:\Users\101373\AppData\Local\anaconda3\envs\nemo_env\Lib\site-packages\nemoguardrails\rails\llm\llmrails.py", line 417, in _init_llms
    self.llm = init_llm_model(
               ^^^^^^^^^^^^^^^
  File "c:\Users\101373\AppData\Local\anaconda3\envs\nemo_env\Lib\site-packages\nemoguardrails\llm\models\initializer.py", line 53, in init_llm_model
    return init_langchain_model(
           ^^^^^^^^^^^^^^^^^^^^^
  File "c:\Users\101373\AppData\Local\anaconda3\envs\nemo_env\Lib\site-packages\nemoguardrails\llm\models\langchain_initializer.py", line 187, in init_langchain_model
    raise ModelInitializationError(base) from last_exception
nemoguardrails.llm.models.langchain_initializer.ModelInitializationError: Failed to initialize model 'gemini-2.5-flash' with provider 'vertex_ai' in 'chat' mode: ValueError encountered in initializer _init_chat_completion_model(modes=['chat']) for model: gemini-2.5-flash and provider: vertex_ai: Unsupported provider='vertex_ai'.

Supported model providers are: anthropic, anthropic_bedrock, azure_ai, azure_openai, baseten, bedrock, bedrock_converse, cohere, deepseek, fireworks, google_anthropic_vertex, google_genai, google_vertexai, groq, huggingface, ibm, litellm, mistralai, nvidia, ollama, openai, openrouter, perplexity, together, upstage, xai
[2026-03-24 17:10:27,952: INFO: models: AFC is enabled with max remote calls: 10.]
[2026-03-24 17:10:30,170: INFO: _client: HTTP Request: POST https://aiplatform.googleapis.com/v1beta1/projects/macomai-441611/locations/global/publishers/google/models/gemini-2.5-flash:generateContent "HTTP/1.1 200 OK"]
[2026-03-24 17:10:42,653: INFO: _client: HTTP Request: POST https://aiplatform.googleapis.com/v1beta1/projects/macomai-441611/locations/global/publishers/google/models/text-embedding-004:predict "HTTP/1.1 200 OK"]
[2026-03-24 17:10:42,696: INFO: _client: HTTP Request: POST http://10.192.5.51:8000/api/v2/tenants/default_tenant/databases/default_database/collections/91518b3b-a2d1-4c38-b8df-01b360936d38/query "HTTP/1.1 200 OK"]
[2026-03-24 17:10:43,650: INFO: chatprocess: Formatting 5 documents]
[2026-03-24 17:10:43,664: INFO: models: AFC is enabled with max remote calls: 10.]
[2026-03-24 17:10:46,224: INFO: _client: HTTP Request: POST https://aiplatform.googleapis.com/v1beta1/projects/macomai-441611/locations/global/publishers/google/models/gemini-2.5-flash:generateContent "HTTP/1.1 200 OK"]
[2026-03-24 17:10:46,257: INFO: app: Chat request completed]
[2026-03-24 17:15:25,647: INFO: utils: NumExpr defaulting to 8 threads.]
[2026-03-24 17:16:03,242: INFO: common: yaml file: config\config.yaml loaded successfully]
[2026-03-24 17:16:03,601: INFO: _client: HTTP Request: GET http://10.192.5.51:8000/api/v2/auth/identity "HTTP/1.1 200 OK"]
[2026-03-24 17:16:03,650: INFO: _client: HTTP Request: GET http://10.192.5.51:8000/api/v2/tenants/default_tenant "HTTP/1.1 200 OK"]
[2026-03-24 17:16:03,675: INFO: _client: HTTP Request: GET http://10.192.5.51:8000/api/v2/tenants/default_tenant/databases/default_database "HTTP/1.1 200 OK"]
[2026-03-24 17:16:08,589: INFO: gcp: Attempt 1: GCP default credentials loaded and project 'macomai-441611' obtained.]
[2026-03-24 17:16:13,006: INFO: Login: Entering the login process function]
[2026-03-24 17:16:13,407: INFO: Login: Token and session updated for user: 101373]
[2026-03-24 17:16:25,750: INFO: chatprocess: Initializing vector store with collection]
[2026-03-24 17:16:25,839: INFO: _client: HTTP Request: POST http://10.192.5.51:8000/api/v2/tenants/default_tenant/databases/default_database/collections "HTTP/1.1 200 OK"]
[2026-03-24 17:16:25,860: INFO: _client: HTTP Request: GET http://10.192.5.51:8000/api/v2/tenants/default_tenant/databases/default_database/collections/91518b3b-a2d1-4c38-b8df-01b360936d38/count?read_level=index_and_wal "HTTP/1.1 200 OK"]
[2026-03-24 17:16:25,865: INFO: chatprocess: Connected to Chroma server - Collection 'langchain' has 3764 documents]
[2026-03-24 17:16:38,483: INFO: _client: HTTP Request: HEAD https://huggingface.co/cross-encoder/ms-marco-MiniLM-L-6-v2/resolve/main/config.json "HTTP/1.1 307 Temporary Redirect"]
[2026-03-24 17:16:38,800: INFO: _client: HTTP Request: HEAD https://huggingface.co/cross-encoder/ms-marco-MiniLM-L6-v2/resolve/main/config.json "HTTP/1.1 307 Temporary Redirect"]
[2026-03-24 17:16:38,805: WARNING: _http: Warning: You are sending unauthenticated requests to the HF Hub. Please set a HF_TOKEN to enable higher rate limits and faster downloads.]
[2026-03-24 17:16:38,860: INFO: _client: HTTP Request: HEAD https://huggingface.co/api/resolve-cache/models/cross-encoder/ms-marco-MiniLM-L6-v2/c5ee24cb16019beea0893ab7796b1df96625c6b8/config.json "HTTP/1.1 200 OK"]
[2026-03-24 17:16:39,212: INFO: _client: HTTP Request: HEAD https://huggingface.co/cross-encoder/ms-marco-MiniLM-L-6-v2/resolve/main/tokenizer_config.json "HTTP/1.1 307 Temporary Redirect"]
[2026-03-24 17:16:39,549: INFO: _client: HTTP Request: HEAD https://huggingface.co/cross-encoder/ms-marco-MiniLM-L6-v2/resolve/main/tokenizer_config.json "HTTP/1.1 307 Temporary Redirect"]
[2026-03-24 17:16:39,616: INFO: _client: HTTP Request: HEAD https://huggingface.co/api/resolve-cache/models/cross-encoder/ms-marco-MiniLM-L6-v2/c5ee24cb16019beea0893ab7796b1df96625c6b8/tokenizer_config.json "HTTP/1.1 200 OK"]
[2026-03-24 17:16:40,021: INFO: _client: HTTP Request: GET https://huggingface.co/api/models/cross-encoder/ms-marco-MiniLM-L-6-v2/tree/main/additional_chat_templates?recursive=false&expand=false "HTTP/1.1 307 Temporary Redirect"]
[2026-03-24 17:16:40,437: INFO: _client: HTTP Request: GET https://huggingface.co/api/models/cross-encoder/ms-marco-MiniLM-L6-v2/tree/main/additional_chat_templates?recursive=false&expand=false "HTTP/1.1 404 Not Found"]
[2026-03-24 17:16:40,846: INFO: _client: HTTP Request: GET https://huggingface.co/api/models/cross-encoder/ms-marco-MiniLM-L-6-v2/tree/main?recursive=true&expand=false "HTTP/1.1 307 Temporary Redirect"]
[2026-03-24 17:16:41,259: INFO: _client: HTTP Request: GET https://huggingface.co/api/models/cross-encoder/ms-marco-MiniLM-L6-v2/tree/main?recursive=true&expand=false "HTTP/1.1 200 OK"]
[2026-03-24 17:16:41,653: INFO: _client: HTTP Request: HEAD https://huggingface.co/cross-encoder/ms-marco-MiniLM-L-6-v2/resolve/main/README.md "HTTP/1.1 307 Temporary Redirect"]
[2026-03-24 17:16:41,997: INFO: _client: HTTP Request: HEAD https://huggingface.co/cross-encoder/ms-marco-MiniLM-L6-v2/resolve/main/README.md "HTTP/1.1 307 Temporary Redirect"]
[2026-03-24 17:16:42,065: INFO: _client: HTTP Request: HEAD https://huggingface.co/api/resolve-cache/models/cross-encoder/ms-marco-MiniLM-L6-v2/c5ee24cb16019beea0893ab7796b1df96625c6b8/README.md "HTTP/1.1 200 OK"]
[2026-03-24 17:16:42,082: INFO: CrossEncoder: Use pytorch device: cpu]
[2026-03-24 17:16:42,395: INFO: _client: HTTP Request: GET https://huggingface.co/api/models/cross-encoder/ms-marco-MiniLM-L-6-v2 "HTTP/1.1 307 Temporary Redirect"]
[2026-03-24 17:16:42,691: INFO: _client: HTTP Request: GET https://huggingface.co/api/models/cross-encoder/ms-marco-MiniLM-L6-v2 "HTTP/1.1 200 OK"]
[2026-03-24 17:16:42,694: INFO: token: Entering access token validation method ]
[2026-03-24 17:16:52,332: INFO: guardrails_check: NeMo Guardrails loaded successfully.]
[2026-03-24 17:16:55,384: INFO: action_dispatcher: Initializing action dispatcher]
[2026-03-24 17:16:55,389: INFO: action_dispatcher: Added create_event to actions]
[2026-03-24 17:16:55,391: INFO: action_dispatcher: Added wolfram alpha request to actions]
[2026-03-24 17:16:55,391: INFO: action_dispatcher: Added retrieve_relevant_chunks to actions]
[2026-03-24 17:16:55,518: INFO: action_dispatcher: Added call_activefence_api to actions]
[2026-03-24 17:16:55,523: INFO: action_dispatcher: Added ai_defense_inspect to actions]
[2026-03-24 17:16:55,526: INFO: action_dispatcher: Added GetAttentionPercentageAction to actions]
[2026-03-24 17:16:55,526: INFO: action_dispatcher: Added UpdateAttentionMaterializedViewAction to actions]
[2026-03-24 17:16:55,529: INFO: action_dispatcher: Added autoalign_factcheck_output_api to actions]
[2026-03-24 17:16:55,533: INFO: action_dispatcher: Added autoalign_groundedness_output_api to actions]
[2026-03-24 17:16:55,533: INFO: action_dispatcher: Added autoalign_input_api to actions]
[2026-03-24 17:16:55,537: INFO: action_dispatcher: Added autoalign_output_api to actions]
[2026-03-24 17:16:55,581: INFO: action_dispatcher: Added ClavataCheckAction to actions]
[2026-03-24 17:16:55,584: INFO: action_dispatcher: Added call cleanlab api to actions]
[2026-03-24 17:16:55,592: INFO: action_dispatcher: Added content_safety_check_input to actions]
[2026-03-24 17:16:55,592: INFO: action_dispatcher: Added content_safety_check_output to actions]
[2026-03-24 17:16:55,592: INFO: action_dispatcher: Added detect_language to actions]
[2026-03-24 17:16:55,617: INFO: action_dispatcher: Added crowdstrike_aidr_guard to actions]
[2026-03-24 17:16:55,634: INFO: action_dispatcher: Added alignscore_check_facts to actions]
[2026-03-24 17:16:55,635: INFO: action_dispatcher: Added alignscore request to actions]
[2026-03-24 17:16:55,635: INFO: action_dispatcher: Added self_check_facts to actions]
[2026-03-24 17:16:55,639: INFO: action_dispatcher: Added call fiddler faithfulness to actions]
[2026-03-24 17:16:55,639: INFO: action_dispatcher: Added call fiddler safety on bot message to actions]
[2026-03-24 17:16:55,639: INFO: action_dispatcher: Added call fiddler safety on user message to actions]
[2026-03-24 17:16:55,647: INFO: action_dispatcher: Added call gcpnlp api to actions]
[2026-03-24 17:16:55,683: INFO: action_dispatcher: Added gliner_detect_pii to actions]
[2026-03-24 17:16:55,683: INFO: action_dispatcher: Added gliner_mask_pii to actions]
[2026-03-24 17:16:55,705: INFO: action_dispatcher: Added validate_guardrails_ai_input to actions]
[2026-03-24 17:16:55,710: INFO: action_dispatcher: Added validate_guardrails_ai_output to actions]
[2026-03-24 17:16:55,714: INFO: action_dispatcher: Added self_check_hallucination to actions]
[2026-03-24 17:16:55,727: INFO: action_dispatcher: Added injection_detection to actions]
[2026-03-24 17:16:55,749: INFO: action_dispatcher: Added jailbreak_detection_heuristics to actions]
[2026-03-24 17:16:55,749: INFO: action_dispatcher: Added jailbreak_detection_model to actions]
[2026-03-24 17:16:55,754: INFO: action_dispatcher: Added llama_guard_check_input to actions]
[2026-03-24 17:16:55,754: INFO: action_dispatcher: Added llama_guard_check_output to actions]
[2026-03-24 17:16:55,768: INFO: action_dispatcher: Added pangea_ai_guard to actions]
[2026-03-24 17:16:55,780: INFO: action_dispatcher: Added patronus_api_check_output to actions]
[2026-03-24 17:16:55,780: INFO: action_dispatcher: Added patronus_lynx_check_output_hallucination to actions]
[2026-03-24 17:16:55,786: INFO: action_dispatcher: Added call_policyai_api to actions]
[2026-03-24 17:16:55,793: INFO: action_dispatcher: Added detect_pii to actions]
[2026-03-24 17:16:55,793: INFO: action_dispatcher: Added mask_pii to actions]
[2026-03-24 17:16:55,803: INFO: action_dispatcher: Added protect_text to actions]
[2026-03-24 17:16:55,810: INFO: action_dispatcher: Added detect_regex_pattern to actions]
[2026-03-24 17:16:55,819: INFO: action_dispatcher: Added self_check_facts to actions]
[2026-03-24 17:16:55,819: INFO: action_dispatcher: Added self_check_input to actions]
[2026-03-24 17:16:55,828: INFO: action_dispatcher: Added self_check_output to actions]
[2026-03-24 17:16:55,835: INFO: action_dispatcher: Added detect_sensitive_data to actions]
[2026-03-24 17:16:55,835: INFO: action_dispatcher: Added mask_sensitive_data to actions]
[2026-03-24 17:16:55,842: INFO: action_dispatcher: Added topic_safety_check_input to actions]
[2026-03-24 17:16:55,858: INFO: action_dispatcher: Added trend_ai_guard to actions]
[2026-03-24 17:16:55,861: INFO: action_dispatcher: Added GetCurrentDateTimeAction to actions]
[2026-03-24 17:16:55,866: INFO: action_dispatcher: Registered Actions :: ['ClavataCheckAction', 'GetAttentionPercentageAction', 'GetCurrentDateTimeAction', 'UpdateAttentionMaterializedViewAction', 'ai_defense_inspect', 'alignscore request', 'alignscore_check_facts', 'autoalign_factcheck_output_api', 'autoalign_groundedness_output_api', 'autoalign_input_api', 'autoalign_output_api', 'call cleanlab api', 'call fiddler faithfulness', 'call fiddler safety on bot message', 'call fiddler safety on user message', 'call gcpnlp api', 'call_activefence_api', 'call_policyai_api', 'content_safety_check_input', 'content_safety_check_output', 'create_event', 'crowdstrike_aidr_guard', 'detect_language', 'detect_pii', 'detect_regex_pattern', 'detect_sensitive_data', 'gliner_detect_pii', 'gliner_mask_pii', 'injection_detection', 'jailbreak_detection_heuristics', 'jailbreak_detection_model', 'llama_guard_check_input', 'llama_guard_check_output', 'mask_pii', 'mask_sensitive_data', 'pangea_ai_guard', 'patronus_api_check_output', 'patronus_lynx_check_output_hallucination', 'protect_text', 'retrieve_relevant_chunks', 'self_check_facts', 'self_check_hallucination', 'self_check_input', 'self_check_output', 'topic_safety_check_input', 'trend_ai_guard', 'validate_guardrails_ai_input', 'validate_guardrails_ai_output', 'wolfram alpha request']]
[2026-03-24 17:16:55,866: INFO: action_dispatcher: Action dispatcher initialized]
[2026-03-24 17:16:56,016: WARNING: llmrails: No main LLM specified in the config and no LLM provided via constructor.]
[2026-03-24 17:17:12,681: INFO: runtime: Processing event: {'type': 'UtteranceUserActionFinished', 'final_transcript': 'hi'}]
[2026-03-24 17:17:12,686: INFO: runtime: Event :: ContextUpdate {'uid': '38a5a39e-e486-46ca-9d63-48e0b9d4d79b', 'event_created_at': '2026-03-24T11:47:12.685715+00:00', 'source_uid': 'NeMoGuardrails', 'data': {'user_message': 'hi'}}]
[2026-03-24 17:17:12,687: INFO: runtime: Event :: StartInternalSystemAction {'uid': '218976b9-41a7-4650-9c39-d61250ed7983', 'event_created_at': '2026-03-24T11:47:12.686975+00:00', 'source_uid': 'NeMoGuardrails', 'action_name': 'create_event', 'action_params': {'event': {'_type': 'StartInputRails'}}, 'action_result_key': None, 'action_uid': '2e8ca386-fd69-4a60-9626-eccb83017a7a', 'is_system_action': True}]
[2026-03-24 17:17:12,687: INFO: runtime: Processing event: {'type': 'StartInternalSystemAction', 'uid': '218976b9-41a7-4650-9c39-d61250ed7983', 'event_created_at': '2026-03-24T11:47:12.686975+00:00', 'source_uid': 'NeMoGuardrails', 'action_name': 'create_event', 'action_params': {'event': {'_type': 'StartInputRails'}}, 'action_result_key': None, 'action_uid': '2e8ca386-fd69-4a60-9626-eccb83017a7a', 'is_system_action': True}]
[2026-03-24 17:17:12,689: INFO: runtime: Executing action :: create_event]
[2026-03-24 17:17:12,690: INFO: action_dispatcher: Executing registered action: create_event]
[2026-03-24 17:17:12,691: INFO: runtime: Event :: InternalSystemActionFinished {'uid': 'af99f54d-5b08-43b1-a670-9fed0024185b', 'event_created_at': '2026-03-24T11:47:12.691201+00:00', 'source_uid': 'NeMoGuardrails', 'action_uid': '2e8ca386-fd69-4a60-9626-eccb83017a7a', 'action_name': 'create_event', 'action_params': {'event': {'_type': 'StartInputRails'}}, 'action_result_key': None, 'status': 'success', 'is_success': True, 'return_value': None, 'events': [{'type': 'StartInputRails', 'uid': 'ad94a644-e1fd-49e4-af35-21bc56c1a588', 'event_created_at': '2026-03-24T11:47:12.691201+00:00', 'source_uid': 'NeMoGuardrails'}], 'is_system_action': True, 'action_finished_at': '2026-03-24T11:47:12.691201+00:00'}]
[2026-03-24 17:17:12,692: INFO: runtime: Event :: StartInputRails {'uid': 'ad94a644-e1fd-49e4-af35-21bc56c1a588', 'event_created_at': '2026-03-24T11:47:12.691201+00:00', 'source_uid': 'NeMoGuardrails'}]
[2026-03-24 17:17:12,692: INFO: runtime: Processing event: {'type': 'StartInputRails', 'uid': 'ad94a644-e1fd-49e4-af35-21bc56c1a588', 'event_created_at': '2026-03-24T11:47:12.691201+00:00', 'source_uid': 'NeMoGuardrails'}]
[2026-03-24 17:17:12,700: INFO: runtime: Event :: ContextUpdate {'uid': 'ede64e93-1d40-4880-82a9-4ae932568e55', 'event_created_at': '2026-03-24T11:47:12.700970+00:00', 'source_uid': 'NeMoGuardrails', 'data': {'input_flows': ['check_dangerous_content', 'check_code_content', 'check_unrelated_content'], 'i': 0, 'triggered_input_rail': 'check_dangerous_content'}}]
[2026-03-24 17:17:12,703: INFO: runtime: Event :: StartInternalSystemAction {'uid': 'eb6e391e-b105-41de-abbd-869f01e5f094', 'event_created_at': '2026-03-24T11:47:12.700970+00:00', 'source_uid': 'NeMoGuardrails', 'action_name': 'create_event', 'action_params': {'event': {'_type': 'StartInputRail', 'flow_id': '$triggered_input_rail'}}, 'action_result_key': None, 'action_uid': 'aa89f64e-de27-4e18-a796-258ecf11ec9b', 'is_system_action': True}]
[2026-03-24 17:17:12,703: INFO: runtime: Processing event: {'type': 'StartInternalSystemAction', 'uid': 'eb6e391e-b105-41de-abbd-869f01e5f094', 'event_created_at': '2026-03-24T11:47:12.700970+00:00', 'source_uid': 'NeMoGuardrails', 'action_name': 'create_event', 'action_params': {'event': {'_type': 'StartInputRail', 'flow_id': '$triggered_input_rail'}}, 'action_result_key': None, 'action_uid': 'aa89f64e-de27-4e18-a796-258ecf11ec9b', 'is_system_action': True}]
[2026-03-24 17:17:12,705: INFO: runtime: Executing action :: create_event]
[2026-03-24 17:17:12,707: INFO: action_dispatcher: Executing registered action: create_event]
[2026-03-24 17:17:12,707: INFO: runtime: Event :: InternalSystemActionFinished {'uid': '70c7c606-cf00-4c8c-a7af-2bc6f73e0397', 'event_created_at': '2026-03-24T11:47:12.707553+00:00', 'source_uid': 'NeMoGuardrails', 'action_uid': 'aa89f64e-de27-4e18-a796-258ecf11ec9b', 'action_name': 'create_event', 'action_params': {'event': {'_type': 'StartInputRail', 'flow_id': '$triggered_input_rail'}}, 'action_result_key': None, 'status': 'success', 'is_success': True, 'return_value': None, 'events': [{'type': 'StartInputRail', 'uid': '440eef5a-0c50-4a22-ba34-2de45b1c7ac1', 'event_created_at': '2026-03-24T11:47:12.707553+00:00', 'source_uid': 'NeMoGuardrails', 'flow_id': 'check_dangerous_content'}], 'is_system_action': True, 'action_finished_at': '2026-03-24T11:47:12.707553+00:00'}]
[2026-03-24 17:17:12,707: INFO: runtime: Event :: StartInputRail {'uid': '440eef5a-0c50-4a22-ba34-2de45b1c7ac1', 'event_created_at': '2026-03-24T11:47:12.707553+00:00', 'source_uid': 'NeMoGuardrails', 'flow_id': 'check_dangerous_content'}]
[2026-03-24 17:17:12,707: INFO: runtime: Processing event: {'type': 'StartInputRail', 'uid': '440eef5a-0c50-4a22-ba34-2de45b1c7ac1', 'event_created_at': '2026-03-24T11:47:12.707553+00:00', 'source_uid': 'NeMoGuardrails', 'flow_id': 'check_dangerous_content'}]
[2026-03-24 17:17:12,716: INFO: runtime: Event :: Listen {'uid': '8697453f-3977-4163-888b-32117a6e8ecc', 'event_created_at': '2026-03-24T11:47:12.716832+00:00', 'source_uid': 'NeMoGuardrails'}]
[2026-03-24 17:17:12,716: INFO: llmrails: --- :: Total processing took 0.04 seconds. Stats: 0 total calls, 0 total time, 0 total tokens, 0 total prompt tokens, 0 total completion tokens, [] as latencies]
[2026-03-24 17:29:32,862: INFO: utils: NumExpr defaulting to 8 threads.]
[2026-03-24 17:29:46,226: INFO: common: yaml file: config\config.yaml loaded successfully]
[2026-03-24 17:29:46,726: INFO: _client: HTTP Request: GET http://10.192.5.51:8000/api/v2/auth/identity "HTTP/1.1 200 OK"]
[2026-03-24 17:29:46,822: INFO: _client: HTTP Request: GET http://10.192.5.51:8000/api/v2/tenants/default_tenant "HTTP/1.1 200 OK"]
[2026-03-24 17:29:46,878: INFO: _client: HTTP Request: GET http://10.192.5.51:8000/api/v2/tenants/default_tenant/databases/default_database "HTTP/1.1 200 OK"]
[2026-03-24 17:29:51,286: INFO: gcp: Attempt 1: GCP default credentials loaded and project 'macomai-441611' obtained.]
[2026-03-24 17:29:53,942: INFO: Login: Entering the login process function]
[2026-03-24 17:29:54,360: INFO: Login: Token and session updated for user: 101373]
[2026-03-24 17:29:57,245: INFO: chatprocess: Initializing vector store with collection]
[2026-03-24 17:29:57,343: INFO: _client: HTTP Request: POST http://10.192.5.51:8000/api/v2/tenants/default_tenant/databases/default_database/collections "HTTP/1.1 200 OK"]
[2026-03-24 17:29:57,373: INFO: _client: HTTP Request: GET http://10.192.5.51:8000/api/v2/tenants/default_tenant/databases/default_database/collections/91518b3b-a2d1-4c38-b8df-01b360936d38/count?read_level=index_and_wal "HTTP/1.1 200 OK"]
[2026-03-24 17:29:57,376: INFO: chatprocess: Connected to Chroma server - Collection 'langchain' has 3764 documents]
[2026-03-24 17:29:57,829: INFO: _client: HTTP Request: HEAD https://huggingface.co/cross-encoder/ms-marco-MiniLM-L-6-v2/resolve/main/config.json "HTTP/1.1 307 Temporary Redirect"]
[2026-03-24 17:29:58,078: INFO: _client: HTTP Request: HEAD https://huggingface.co/cross-encoder/ms-marco-MiniLM-L6-v2/resolve/main/config.json "HTTP/1.1 307 Temporary Redirect"]
[2026-03-24 17:29:58,126: INFO: _client: HTTP Request: HEAD https://huggingface.co/api/resolve-cache/models/cross-encoder/ms-marco-MiniLM-L6-v2/c5ee24cb16019beea0893ab7796b1df96625c6b8/config.json "HTTP/1.1 200 OK"]
[2026-03-24 17:29:59,109: INFO: _client: HTTP Request: HEAD https://huggingface.co/cross-encoder/ms-marco-MiniLM-L-6-v2/resolve/main/config.json "HTTP/1.1 307 Temporary Redirect"]
[2026-03-24 17:29:59,361: INFO: _client: HTTP Request: HEAD https://huggingface.co/cross-encoder/ms-marco-MiniLM-L6-v2/resolve/main/config.json "HTTP/1.1 307 Temporary Redirect"]
[2026-03-24 17:29:59,397: INFO: _client: HTTP Request: HEAD https://huggingface.co/api/resolve-cache/models/cross-encoder/ms-marco-MiniLM-L6-v2/c5ee24cb16019beea0893ab7796b1df96625c6b8/config.json "HTTP/1.1 200 OK"]
[2026-03-24 17:29:59,657: INFO: _client: HTTP Request: HEAD https://huggingface.co/cross-encoder/ms-marco-MiniLM-L-6-v2/resolve/main/tokenizer_config.json "HTTP/1.1 307 Temporary Redirect"]
[2026-03-24 17:29:59,893: INFO: _client: HTTP Request: HEAD https://huggingface.co/cross-encoder/ms-marco-MiniLM-L6-v2/resolve/main/tokenizer_config.json "HTTP/1.1 307 Temporary Redirect"]
[2026-03-24 17:29:59,931: INFO: _client: HTTP Request: HEAD https://huggingface.co/api/resolve-cache/models/cross-encoder/ms-marco-MiniLM-L6-v2/c5ee24cb16019beea0893ab7796b1df96625c6b8/tokenizer_config.json "HTTP/1.1 200 OK"]
[2026-03-24 17:30:00,204: INFO: _client: HTTP Request: GET https://huggingface.co/api/models/cross-encoder/ms-marco-MiniLM-L-6-v2/tree/main/additional_chat_templates?recursive=false&expand=false "HTTP/1.1 307 Temporary Redirect"]
[2026-03-24 17:30:00,441: INFO: _client: HTTP Request: GET https://huggingface.co/api/models/cross-encoder/ms-marco-MiniLM-L6-v2/tree/main/additional_chat_templates?recursive=false&expand=false "HTTP/1.1 404 Not Found"]
[2026-03-24 17:30:00,687: INFO: _client: HTTP Request: GET https://huggingface.co/api/models/cross-encoder/ms-marco-MiniLM-L-6-v2/tree/main?recursive=true&expand=false "HTTP/1.1 307 Temporary Redirect"]
[2026-03-24 17:30:00,942: INFO: _client: HTTP Request: GET https://huggingface.co/api/models/cross-encoder/ms-marco-MiniLM-L6-v2/tree/main?recursive=true&expand=false "HTTP/1.1 200 OK"]
[2026-03-24 17:30:01,251: INFO: _client: HTTP Request: HEAD https://huggingface.co/cross-encoder/ms-marco-MiniLM-L-6-v2/resolve/main/README.md "HTTP/1.1 307 Temporary Redirect"]
[2026-03-24 17:30:01,502: INFO: _client: HTTP Request: HEAD https://huggingface.co/cross-encoder/ms-marco-MiniLM-L6-v2/resolve/main/README.md "HTTP/1.1 307 Temporary Redirect"]
[2026-03-24 17:30:01,529: INFO: _client: HTTP Request: HEAD https://huggingface.co/api/resolve-cache/models/cross-encoder/ms-marco-MiniLM-L6-v2/c5ee24cb16019beea0893ab7796b1df96625c6b8/README.md "HTTP/1.1 200 OK"]
[2026-03-24 17:30:01,529: INFO: CrossEncoder: Use pytorch device: cpu]
[2026-03-24 17:30:01,787: INFO: _client: HTTP Request: GET https://huggingface.co/api/models/cross-encoder/ms-marco-MiniLM-L-6-v2 "HTTP/1.1 307 Temporary Redirect"]
[2026-03-24 17:30:02,037: INFO: _client: HTTP Request: GET https://huggingface.co/api/models/cross-encoder/ms-marco-MiniLM-L6-v2 "HTTP/1.1 200 OK"]
[2026-03-24 17:30:02,061: INFO: token: Entering access token validation method ]
[2026-03-24 17:30:02,084: ERROR: guardrails_check: Guardrails check failed: 'charmap' codec can't decode byte 0x90 in position 89: character maps to <undefined>]
Traceback (most recent call last):
  File "d:\guardrail_implementation_test\guardrails_check.py", line 30, in check_guardrails
    rails = get_rails()
            ^^^^^^^^^^^
  File "d:\guardrail_implementation_test\guardrails_check.py", line 16, in get_rails
    yaml_content = f.read()
                   ^^^^^^^^
  File "c:\Users\101373\AppData\Local\anaconda3\envs\nemo_env\Lib\encodings\cp1252.py", line 23, in decode
    return codecs.charmap_decode(input,self.errors,decoding_table)[0]
           ^^^^^^^^^^^^^^^^^^^^^^^^^^^^^^^^^^^^^^^^^^^^^^^^^^^^^^^
UnicodeDecodeError: 'charmap' codec can't decode byte 0x90 in position 89: character maps to <undefined>
[2026-03-24 17:30:02,320: INFO: models: AFC is enabled with max remote calls: 10.]
[2026-03-24 17:30:04,109: INFO: _client: HTTP Request: POST https://aiplatform.googleapis.com/v1beta1/projects/macomai-441611/locations/global/publishers/google/models/gemini-2.5-flash:generateContent "HTTP/1.1 200 OK"]
[2026-03-24 17:30:15,896: INFO: _client: HTTP Request: POST https://aiplatform.googleapis.com/v1beta1/projects/macomai-441611/locations/global/publishers/google/models/text-embedding-004:predict "HTTP/1.1 200 OK"]
[2026-03-24 17:30:15,950: INFO: _client: HTTP Request: POST http://10.192.5.51:8000/api/v2/tenants/default_tenant/databases/default_database/collections/91518b3b-a2d1-4c38-b8df-01b360936d38/query "HTTP/1.1 200 OK"]
[2026-03-24 17:30:16,608: INFO: chatprocess: Formatting 5 documents]
[2026-03-24 17:30:16,614: INFO: models: AFC is enabled with max remote calls: 10.]
[2026-03-24 17:30:18,987: INFO: _client: HTTP Request: POST https://aiplatform.googleapis.com/v1beta1/projects/macomai-441611/locations/global/publishers/google/models/gemini-2.5-flash:generateContent "HTTP/1.1 200 OK"]
[2026-03-24 17:30:19,018: INFO: app: Chat request completed]
[2026-03-24 17:32:24,034: INFO: utils: NumExpr defaulting to 8 threads.]
[2026-03-24 17:32:44,860: INFO: common: yaml file: config\config.yaml loaded successfully]
[2026-03-24 17:32:45,386: INFO: _client: HTTP Request: GET http://10.192.5.51:8000/api/v2/auth/identity "HTTP/1.1 200 OK"]
[2026-03-24 17:32:45,456: INFO: _client: HTTP Request: GET http://10.192.5.51:8000/api/v2/tenants/default_tenant "HTTP/1.1 200 OK"]
[2026-03-24 17:32:45,469: INFO: _client: HTTP Request: GET http://10.192.5.51:8000/api/v2/tenants/default_tenant/databases/default_database "HTTP/1.1 200 OK"]
[2026-03-24 17:32:49,285: INFO: gcp: Attempt 1: GCP default credentials loaded and project 'macomai-441611' obtained.]
[2026-03-24 17:32:51,685: INFO: Login: Entering the login process function]
[2026-03-24 17:32:52,085: INFO: Login: Token and session updated for user: 101373]
[2026-03-24 17:32:56,835: INFO: chatprocess: Initializing vector store with collection]
[2026-03-24 17:32:56,936: INFO: _client: HTTP Request: POST http://10.192.5.51:8000/api/v2/tenants/default_tenant/databases/default_database/collections "HTTP/1.1 200 OK"]
[2026-03-24 17:32:56,973: INFO: _client: HTTP Request: GET http://10.192.5.51:8000/api/v2/tenants/default_tenant/databases/default_database/collections/91518b3b-a2d1-4c38-b8df-01b360936d38/count?read_level=index_and_wal "HTTP/1.1 200 OK"]
[2026-03-24 17:32:56,973: INFO: chatprocess: Connected to Chroma server - Collection 'langchain' has 3764 documents]
[2026-03-24 17:32:57,452: INFO: _client: HTTP Request: HEAD https://huggingface.co/cross-encoder/ms-marco-MiniLM-L-6-v2/resolve/main/config.json "HTTP/1.1 307 Temporary Redirect"]
[2026-03-24 17:32:57,752: INFO: _client: HTTP Request: HEAD https://huggingface.co/cross-encoder/ms-marco-MiniLM-L6-v2/resolve/main/config.json "HTTP/1.1 307 Temporary Redirect"]
[2026-03-24 17:32:57,752: WARNING: _http: Warning: You are sending unauthenticated requests to the HF Hub. Please set a HF_TOKEN to enable higher rate limits and faster downloads.]
[2026-03-24 17:32:57,821: INFO: _client: HTTP Request: HEAD https://huggingface.co/api/resolve-cache/models/cross-encoder/ms-marco-MiniLM-L6-v2/c5ee24cb16019beea0893ab7796b1df96625c6b8/config.json "HTTP/1.1 200 OK"]
[2026-03-24 17:32:58,769: INFO: _client: HTTP Request: HEAD https://huggingface.co/cross-encoder/ms-marco-MiniLM-L-6-v2/resolve/main/config.json "HTTP/1.1 307 Temporary Redirect"]
[2026-03-24 17:32:59,052: INFO: _client: HTTP Request: HEAD https://huggingface.co/cross-encoder/ms-marco-MiniLM-L6-v2/resolve/main/config.json "HTTP/1.1 307 Temporary Redirect"]
[2026-03-24 17:32:59,122: INFO: _client: HTTP Request: HEAD https://huggingface.co/api/resolve-cache/models/cross-encoder/ms-marco-MiniLM-L6-v2/c5ee24cb16019beea0893ab7796b1df96625c6b8/config.json "HTTP/1.1 200 OK"]
[2026-03-24 17:32:59,404: INFO: _client: HTTP Request: HEAD https://huggingface.co/cross-encoder/ms-marco-MiniLM-L-6-v2/resolve/main/tokenizer_config.json "HTTP/1.1 307 Temporary Redirect"]
[2026-03-24 17:32:59,694: INFO: _client: HTTP Request: HEAD https://huggingface.co/cross-encoder/ms-marco-MiniLM-L6-v2/resolve/main/tokenizer_config.json "HTTP/1.1 307 Temporary Redirect"]
[2026-03-24 17:32:59,765: INFO: _client: HTTP Request: HEAD https://huggingface.co/api/resolve-cache/models/cross-encoder/ms-marco-MiniLM-L6-v2/c5ee24cb16019beea0893ab7796b1df96625c6b8/tokenizer_config.json "HTTP/1.1 200 OK"]
[2026-03-24 17:33:00,085: INFO: _client: HTTP Request: GET https://huggingface.co/api/models/cross-encoder/ms-marco-MiniLM-L-6-v2/tree/main/additional_chat_templates?recursive=false&expand=false "HTTP/1.1 307 Temporary Redirect"]
[2026-03-24 17:33:00,370: INFO: _client: HTTP Request: GET https://huggingface.co/api/models/cross-encoder/ms-marco-MiniLM-L6-v2/tree/main/additional_chat_templates?recursive=false&expand=false "HTTP/1.1 404 Not Found"]
[2026-03-24 17:33:00,652: INFO: _client: HTTP Request: GET https://huggingface.co/api/models/cross-encoder/ms-marco-MiniLM-L-6-v2/tree/main?recursive=true&expand=false "HTTP/1.1 307 Temporary Redirect"]
[2026-03-24 17:33:00,939: INFO: _client: HTTP Request: GET https://huggingface.co/api/models/cross-encoder/ms-marco-MiniLM-L6-v2/tree/main?recursive=true&expand=false "HTTP/1.1 200 OK"]
[2026-03-24 17:33:01,396: INFO: _client: HTTP Request: HEAD https://huggingface.co/cross-encoder/ms-marco-MiniLM-L-6-v2/resolve/main/README.md "HTTP/1.1 307 Temporary Redirect"]
[2026-03-24 17:33:01,685: INFO: _client: HTTP Request: HEAD https://huggingface.co/cross-encoder/ms-marco-MiniLM-L6-v2/resolve/main/README.md "HTTP/1.1 307 Temporary Redirect"]
[2026-03-24 17:33:01,767: INFO: _client: HTTP Request: HEAD https://huggingface.co/api/resolve-cache/models/cross-encoder/ms-marco-MiniLM-L6-v2/c5ee24cb16019beea0893ab7796b1df96625c6b8/README.md "HTTP/1.1 200 OK"]
[2026-03-24 17:33:01,769: INFO: CrossEncoder: Use pytorch device: cpu]
[2026-03-24 17:33:02,084: INFO: _client: HTTP Request: GET https://huggingface.co/api/models/cross-encoder/ms-marco-MiniLM-L-6-v2 "HTTP/1.1 307 Temporary Redirect"]
[2026-03-24 17:33:02,352: INFO: _client: HTTP Request: GET https://huggingface.co/api/models/cross-encoder/ms-marco-MiniLM-L6-v2 "HTTP/1.1 200 OK"]
[2026-03-24 17:33:02,390: INFO: token: Entering access token validation method ]
[2026-03-24 17:33:17,217: INFO: guardrails_check: NeMo Guardrails loaded successfully.]
[2026-03-24 17:33:19,532: INFO: action_dispatcher: Initializing action dispatcher]
[2026-03-24 17:33:19,532: INFO: action_dispatcher: Added create_event to actions]
[2026-03-24 17:33:19,542: INFO: action_dispatcher: Added wolfram alpha request to actions]
[2026-03-24 17:33:19,546: INFO: action_dispatcher: Added retrieve_relevant_chunks to actions]
[2026-03-24 17:33:19,639: INFO: action_dispatcher: Added call_activefence_api to actions]
[2026-03-24 17:33:19,639: INFO: action_dispatcher: Added ai_defense_inspect to actions]
[2026-03-24 17:33:19,639: INFO: action_dispatcher: Added GetAttentionPercentageAction to actions]
[2026-03-24 17:33:19,639: INFO: action_dispatcher: Added UpdateAttentionMaterializedViewAction to actions]
[2026-03-24 17:33:19,653: INFO: action_dispatcher: Added autoalign_factcheck_output_api to actions]
[2026-03-24 17:33:19,654: INFO: action_dispatcher: Added autoalign_groundedness_output_api to actions]
[2026-03-24 17:33:19,654: INFO: action_dispatcher: Added autoalign_input_api to actions]
[2026-03-24 17:33:19,655: INFO: action_dispatcher: Added autoalign_output_api to actions]
[2026-03-24 17:33:19,677: INFO: action_dispatcher: Added ClavataCheckAction to actions]
[2026-03-24 17:33:19,678: INFO: action_dispatcher: Added call cleanlab api to actions]
[2026-03-24 17:33:19,678: INFO: action_dispatcher: Added content_safety_check_input to actions]
[2026-03-24 17:33:19,678: INFO: action_dispatcher: Added content_safety_check_output to actions]
[2026-03-24 17:33:19,683: INFO: action_dispatcher: Added detect_language to actions]
[2026-03-24 17:33:19,693: INFO: action_dispatcher: Added crowdstrike_aidr_guard to actions]
[2026-03-24 17:33:19,702: INFO: action_dispatcher: Added alignscore_check_facts to actions]
[2026-03-24 17:33:19,703: INFO: action_dispatcher: Added alignscore request to actions]
[2026-03-24 17:33:19,704: INFO: action_dispatcher: Added self_check_facts to actions]
[2026-03-24 17:33:19,708: INFO: action_dispatcher: Added call fiddler faithfulness to actions]
[2026-03-24 17:33:19,708: INFO: action_dispatcher: Added call fiddler safety on bot message to actions]
[2026-03-24 17:33:19,709: INFO: action_dispatcher: Added call fiddler safety on user message to actions]
[2026-03-24 17:33:19,709: INFO: action_dispatcher: Added call gcpnlp api to actions]
[2026-03-24 17:33:19,728: INFO: action_dispatcher: Added gliner_detect_pii to actions]
[2026-03-24 17:33:19,728: INFO: action_dispatcher: Added gliner_mask_pii to actions]
[2026-03-24 17:33:19,742: INFO: action_dispatcher: Added validate_guardrails_ai_input to actions]
[2026-03-24 17:33:19,742: INFO: action_dispatcher: Added validate_guardrails_ai_output to actions]
[2026-03-24 17:33:19,746: INFO: action_dispatcher: Added self_check_hallucination to actions]
[2026-03-24 17:33:19,753: INFO: action_dispatcher: Added injection_detection to actions]
[2026-03-24 17:33:19,762: INFO: action_dispatcher: Added jailbreak_detection_heuristics to actions]
[2026-03-24 17:33:19,762: INFO: action_dispatcher: Added jailbreak_detection_model to actions]
[2026-03-24 17:33:19,762: INFO: action_dispatcher: Added llama_guard_check_input to actions]
[2026-03-24 17:33:19,762: INFO: action_dispatcher: Added llama_guard_check_output to actions]
[2026-03-24 17:33:19,771: INFO: action_dispatcher: Added pangea_ai_guard to actions]
[2026-03-24 17:33:19,774: INFO: action_dispatcher: Added patronus_api_check_output to actions]
[2026-03-24 17:33:19,775: INFO: action_dispatcher: Added patronus_lynx_check_output_hallucination to actions]
[2026-03-24 17:33:19,777: INFO: action_dispatcher: Added call_policyai_api to actions]
[2026-03-24 17:33:19,780: INFO: action_dispatcher: Added detect_pii to actions]
[2026-03-24 17:33:19,780: INFO: action_dispatcher: Added mask_pii to actions]
[2026-03-24 17:33:19,783: INFO: action_dispatcher: Added protect_text to actions]
[2026-03-24 17:33:19,791: INFO: action_dispatcher: Added detect_regex_pattern to actions]
[2026-03-24 17:33:19,793: INFO: action_dispatcher: Added self_check_facts to actions]
[2026-03-24 17:33:19,794: INFO: action_dispatcher: Added self_check_input to actions]
[2026-03-24 17:33:19,794: INFO: action_dispatcher: Added self_check_output to actions]
[2026-03-24 17:33:19,800: INFO: action_dispatcher: Added detect_sensitive_data to actions]
[2026-03-24 17:33:19,800: INFO: action_dispatcher: Added mask_sensitive_data to actions]
[2026-03-24 17:33:19,803: INFO: action_dispatcher: Added topic_safety_check_input to actions]
[2026-03-24 17:33:19,810: INFO: action_dispatcher: Added trend_ai_guard to actions]
[2026-03-24 17:33:19,811: INFO: action_dispatcher: Added GetCurrentDateTimeAction to actions]
[2026-03-24 17:33:19,812: INFO: action_dispatcher: Registered Actions :: ['ClavataCheckAction', 'GetAttentionPercentageAction', 'GetCurrentDateTimeAction', 'UpdateAttentionMaterializedViewAction', 'ai_defense_inspect', 'alignscore request', 'alignscore_check_facts', 'autoalign_factcheck_output_api', 'autoalign_groundedness_output_api', 'autoalign_input_api', 'autoalign_output_api', 'call cleanlab api', 'call fiddler faithfulness', 'call fiddler safety on bot message', 'call fiddler safety on user message', 'call gcpnlp api', 'call_activefence_api', 'call_policyai_api', 'content_safety_check_input', 'content_safety_check_output', 'create_event', 'crowdstrike_aidr_guard', 'detect_language', 'detect_pii', 'detect_regex_pattern', 'detect_sensitive_data', 'gliner_detect_pii', 'gliner_mask_pii', 'injection_detection', 'jailbreak_detection_heuristics', 'jailbreak_detection_model', 'llama_guard_check_input', 'llama_guard_check_output', 'mask_pii', 'mask_sensitive_data', 'pangea_ai_guard', 'patronus_api_check_output', 'patronus_lynx_check_output_hallucination', 'protect_text', 'retrieve_relevant_chunks', 'self_check_facts', 'self_check_hallucination', 'self_check_input', 'self_check_output', 'topic_safety_check_input', 'trend_ai_guard', 'validate_guardrails_ai_input', 'validate_guardrails_ai_output', 'wolfram alpha request']]
[2026-03-24 17:33:19,812: INFO: action_dispatcher: Action dispatcher initialized]
[2026-03-24 17:33:19,870: WARNING: llmrails: Both an LLM was provided via constructor and a main LLM is specified in the config. The LLM provided via constructor will be used and the main LLM from config will be ignored.]
[2026-03-24 17:33:37,183: INFO: runtime: Processing event: {'type': 'UtteranceUserActionFinished', 'final_transcript': 'hi'}]
[2026-03-24 17:33:37,186: INFO: runtime: Event :: ContextUpdate {'uid': '6f44262b-59e7-4928-b106-4c638c2d4bee', 'event_created_at': '2026-03-24T12:03:37.186048+00:00', 'source_uid': 'NeMoGuardrails', 'data': {'user_message': 'hi'}}]
[2026-03-24 17:33:37,186: INFO: runtime: Event :: StartInternalSystemAction {'uid': '8b8592bb-5c89-4de1-ac66-a6a82a300735', 'event_created_at': '2026-03-24T12:03:37.186048+00:00', 'source_uid': 'NeMoGuardrails', 'action_name': 'create_event', 'action_params': {'event': {'_type': 'StartInputRails'}}, 'action_result_key': None, 'action_uid': 'e0911eae-8ff2-4cf3-ba3a-0fc955907c5e', 'is_system_action': True}]
[2026-03-24 17:33:37,186: INFO: runtime: Processing event: {'type': 'StartInternalSystemAction', 'uid': '8b8592bb-5c89-4de1-ac66-a6a82a300735', 'event_created_at': '2026-03-24T12:03:37.186048+00:00', 'source_uid': 'NeMoGuardrails', 'action_name': 'create_event', 'action_params': {'event': {'_type': 'StartInputRails'}}, 'action_result_key': None, 'action_uid': 'e0911eae-8ff2-4cf3-ba3a-0fc955907c5e', 'is_system_action': True}]
[2026-03-24 17:33:37,191: INFO: runtime: Executing action :: create_event]
[2026-03-24 17:33:37,192: INFO: action_dispatcher: Executing registered action: create_event]
[2026-03-24 17:33:37,194: INFO: runtime: Event :: InternalSystemActionFinished {'uid': '9514b525-90d0-479a-9de5-f418b06181c9', 'event_created_at': '2026-03-24T12:03:37.194524+00:00', 'source_uid': 'NeMoGuardrails', 'action_uid': 'e0911eae-8ff2-4cf3-ba3a-0fc955907c5e', 'action_name': 'create_event', 'action_params': {'event': {'_type': 'StartInputRails'}}, 'action_result_key': None, 'status': 'success', 'is_success': True, 'return_value': None, 'events': [{'type': 'StartInputRails', 'uid': '4edad48d-5da8-4e05-ab61-68c3e58ef3c0', 'event_created_at': '2026-03-24T12:03:37.194524+00:00', 'source_uid': 'NeMoGuardrails'}], 'is_system_action': True, 'action_finished_at': '2026-03-24T12:03:37.194524+00:00'}]
[2026-03-24 17:33:37,197: INFO: runtime: Event :: StartInputRails {'uid': '4edad48d-5da8-4e05-ab61-68c3e58ef3c0', 'event_created_at': '2026-03-24T12:03:37.194524+00:00', 'source_uid': 'NeMoGuardrails'}]
[2026-03-24 17:33:37,198: INFO: runtime: Processing event: {'type': 'StartInputRails', 'uid': '4edad48d-5da8-4e05-ab61-68c3e58ef3c0', 'event_created_at': '2026-03-24T12:03:37.194524+00:00', 'source_uid': 'NeMoGuardrails'}]
[2026-03-24 17:33:37,208: INFO: runtime: Event :: ContextUpdate {'uid': '6bfa9fe2-f3db-4c15-9dfe-512ca5537d5d', 'event_created_at': '2026-03-24T12:03:37.206333+00:00', 'source_uid': 'NeMoGuardrails', 'data': {'input_flows': ['check_dangerous_content', 'check_code_content', 'check_unrelated_content'], 'i': 0, 'triggered_input_rail': 'check_dangerous_content'}}]
[2026-03-24 17:33:37,210: INFO: runtime: Event :: StartInternalSystemAction {'uid': '29ceee80-b092-46f6-9098-c378b6bde922', 'event_created_at': '2026-03-24T12:03:37.208350+00:00', 'source_uid': 'NeMoGuardrails', 'action_name': 'create_event', 'action_params': {'event': {'_type': 'StartInputRail', 'flow_id': '$triggered_input_rail'}}, 'action_result_key': None, 'action_uid': '916b372f-cc51-4c58-862f-e3c74109956d', 'is_system_action': True}]
[2026-03-24 17:33:37,212: INFO: runtime: Processing event: {'type': 'StartInternalSystemAction', 'uid': '29ceee80-b092-46f6-9098-c378b6bde922', 'event_created_at': '2026-03-24T12:03:37.208350+00:00', 'source_uid': 'NeMoGuardrails', 'action_name': 'create_event', 'action_params': {'event': {'_type': 'StartInputRail', 'flow_id': '$triggered_input_rail'}}, 'action_result_key': None, 'action_uid': '916b372f-cc51-4c58-862f-e3c74109956d', 'is_system_action': True}]
[2026-03-24 17:33:37,216: INFO: runtime: Executing action :: create_event]
[2026-03-24 17:33:37,217: INFO: action_dispatcher: Executing registered action: create_event]
[2026-03-24 17:33:37,220: INFO: runtime: Event :: InternalSystemActionFinished {'uid': 'e94ba1f1-668f-46f4-8b58-25b36534aa41', 'event_created_at': '2026-03-24T12:03:37.219141+00:00', 'source_uid': 'NeMoGuardrails', 'action_uid': '916b372f-cc51-4c58-862f-e3c74109956d', 'action_name': 'create_event', 'action_params': {'event': {'_type': 'StartInputRail', 'flow_id': '$triggered_input_rail'}}, 'action_result_key': None, 'status': 'success', 'is_success': True, 'return_value': None, 'events': [{'type': 'StartInputRail', 'uid': '9a73d443-cac3-47ff-9598-ae16b706cfbb', 'event_created_at': '2026-03-24T12:03:37.219141+00:00', 'source_uid': 'NeMoGuardrails', 'flow_id': 'check_dangerous_content'}], 'is_system_action': True, 'action_finished_at': '2026-03-24T12:03:37.219141+00:00'}]
[2026-03-24 17:33:37,220: INFO: runtime: Event :: StartInputRail {'uid': '9a73d443-cac3-47ff-9598-ae16b706cfbb', 'event_created_at': '2026-03-24T12:03:37.219141+00:00', 'source_uid': 'NeMoGuardrails', 'flow_id': 'check_dangerous_content'}]
[2026-03-24 17:33:37,224: INFO: runtime: Processing event: {'type': 'StartInputRail', 'uid': '9a73d443-cac3-47ff-9598-ae16b706cfbb', 'event_created_at': '2026-03-24T12:03:37.219141+00:00', 'source_uid': 'NeMoGuardrails', 'flow_id': 'check_dangerous_content'}]
[2026-03-24 17:33:37,231: INFO: runtime: Event :: Listen {'uid': '56bce68b-0434-41aa-8c11-011dfa758c0c', 'event_created_at': '2026-03-24T12:03:37.231161+00:00', 'source_uid': 'NeMoGuardrails'}]
[2026-03-24 17:33:37,232: INFO: llmrails: --- :: Total processing took 0.05 seconds. Stats: 0 total calls, 0 total time, 0 total tokens, 0 total prompt tokens, 0 total completion tokens, [] as latencies]
[2026-03-24 17:33:54,446: INFO: guardrails_check: Guardrails bot reply: '']
[2026-03-24 17:33:54,683: INFO: models: AFC is enabled with max remote calls: 10.]
[2026-03-24 17:33:57,203: INFO: _client: HTTP Request: POST https://aiplatform.googleapis.com/v1beta1/projects/macomai-441611/locations/global/publishers/google/models/gemini-2.5-flash:generateContent "HTTP/1.1 200 OK"]
[2026-03-24 17:34:08,980: INFO: _client: HTTP Request: POST https://aiplatform.googleapis.com/v1beta1/projects/macomai-441611/locations/global/publishers/google/models/text-embedding-004:predict "HTTP/1.1 200 OK"]
[2026-03-24 17:34:09,021: INFO: _client: HTTP Request: POST http://10.192.5.51:8000/api/v2/tenants/default_tenant/databases/default_database/collections/91518b3b-a2d1-4c38-b8df-01b360936d38/query "HTTP/1.1 200 OK"]
[2026-03-24 17:34:09,594: INFO: chatprocess: Formatting 5 documents]
[2026-03-24 17:34:09,598: INFO: models: AFC is enabled with max remote calls: 10.]
[2026-03-24 17:34:10,799: INFO: _client: HTTP Request: POST https://aiplatform.googleapis.com/v1beta1/projects/macomai-441611/locations/global/publishers/google/models/gemini-2.5-flash:generateContent "HTTP/1.1 200 OK"]
[2026-03-24 17:34:10,817: INFO: app: Chat request completed]
[2026-03-24 17:40:16,841: INFO: utils: NumExpr defaulting to 8 threads.]
[2026-03-24 17:40:33,056: INFO: common: yaml file: config\config.yaml loaded successfully]
[2026-03-24 17:40:33,625: INFO: _client: HTTP Request: GET http://10.192.5.51:8000/api/v2/auth/identity "HTTP/1.1 200 OK"]
[2026-03-24 17:40:33,718: INFO: _client: HTTP Request: GET http://10.192.5.51:8000/api/v2/tenants/default_tenant "HTTP/1.1 200 OK"]
[2026-03-24 17:40:33,736: INFO: _client: HTTP Request: GET http://10.192.5.51:8000/api/v2/tenants/default_tenant/databases/default_database "HTTP/1.1 200 OK"]
[2026-03-24 17:40:37,824: INFO: gcp: Attempt 1: GCP default credentials loaded and project 'macomai-441611' obtained.]
[2026-03-24 17:40:40,300: INFO: Login: Entering the login process function]
[2026-03-24 17:40:40,703: INFO: Login: Token and session updated for user: 101373]
[2026-03-24 17:40:44,470: INFO: chatprocess: Initializing vector store with collection]
[2026-03-24 17:40:44,573: INFO: _client: HTTP Request: POST http://10.192.5.51:8000/api/v2/tenants/default_tenant/databases/default_database/collections "HTTP/1.1 200 OK"]
[2026-03-24 17:40:44,606: INFO: _client: HTTP Request: GET http://10.192.5.51:8000/api/v2/tenants/default_tenant/databases/default_database/collections/91518b3b-a2d1-4c38-b8df-01b360936d38/count?read_level=index_and_wal "HTTP/1.1 200 OK"]
[2026-03-24 17:40:44,606: INFO: chatprocess: Connected to Chroma server - Collection 'langchain' has 3764 documents]
[2026-03-24 17:40:46,183: INFO: _client: HTTP Request: HEAD https://huggingface.co/cross-encoder/ms-marco-MiniLM-L-6-v2/resolve/main/config.json "HTTP/1.1 307 Temporary Redirect"]
[2026-03-24 17:40:46,840: INFO: _client: HTTP Request: HEAD https://huggingface.co/cross-encoder/ms-marco-MiniLM-L6-v2/resolve/main/config.json "HTTP/1.1 307 Temporary Redirect"]
[2026-03-24 17:40:47,278: INFO: _client: HTTP Request: HEAD https://huggingface.co/api/resolve-cache/models/cross-encoder/ms-marco-MiniLM-L6-v2/c5ee24cb16019beea0893ab7796b1df96625c6b8/config.json "HTTP/1.1 200 OK"]
[2026-03-24 17:40:48,174: INFO: _client: HTTP Request: HEAD https://huggingface.co/cross-encoder/ms-marco-MiniLM-L-6-v2/resolve/main/config.json "HTTP/1.1 307 Temporary Redirect"]
[2026-03-24 17:40:48,840: INFO: _client: HTTP Request: HEAD https://huggingface.co/cross-encoder/ms-marco-MiniLM-L6-v2/resolve/main/config.json "HTTP/1.1 307 Temporary Redirect"]
[2026-03-24 17:40:49,295: INFO: _client: HTTP Request: HEAD https://huggingface.co/api/resolve-cache/models/cross-encoder/ms-marco-MiniLM-L6-v2/c5ee24cb16019beea0893ab7796b1df96625c6b8/config.json "HTTP/1.1 200 OK"]
[2026-03-24 17:40:49,991: INFO: _client: HTTP Request: HEAD https://huggingface.co/cross-encoder/ms-marco-MiniLM-L-6-v2/resolve/main/tokenizer_config.json "HTTP/1.1 307 Temporary Redirect"]
[2026-03-24 17:40:50,702: INFO: _client: HTTP Request: HEAD https://huggingface.co/cross-encoder/ms-marco-MiniLM-L6-v2/resolve/main/tokenizer_config.json "HTTP/1.1 307 Temporary Redirect"]
[2026-03-24 17:40:50,705: WARNING: _http: Warning: You are sending unauthenticated requests to the HF Hub. Please set a HF_TOKEN to enable higher rate limits and faster downloads.]
[2026-03-24 17:40:51,172: INFO: _client: HTTP Request: HEAD https://huggingface.co/api/resolve-cache/models/cross-encoder/ms-marco-MiniLM-L6-v2/c5ee24cb16019beea0893ab7796b1df96625c6b8/tokenizer_config.json "HTTP/1.1 200 OK"]
[2026-03-24 17:40:51,853: INFO: _client: HTTP Request: GET https://huggingface.co/api/models/cross-encoder/ms-marco-MiniLM-L-6-v2/tree/main/additional_chat_templates?recursive=false&expand=false "HTTP/1.1 307 Temporary Redirect"]
[2026-03-24 17:40:52,483: INFO: _client: HTTP Request: GET https://huggingface.co/api/models/cross-encoder/ms-marco-MiniLM-L6-v2/tree/main/additional_chat_templates?recursive=false&expand=false "HTTP/1.1 404 Not Found"]
[2026-03-24 17:40:53,195: INFO: _client: HTTP Request: GET https://huggingface.co/api/models/cross-encoder/ms-marco-MiniLM-L-6-v2/tree/main?recursive=true&expand=false "HTTP/1.1 307 Temporary Redirect"]
[2026-03-24 17:40:53,967: INFO: _client: HTTP Request: GET https://huggingface.co/api/models/cross-encoder/ms-marco-MiniLM-L6-v2/tree/main?recursive=true&expand=false "HTTP/1.1 200 OK"]
[2026-03-24 17:40:54,850: INFO: _client: HTTP Request: HEAD https://huggingface.co/cross-encoder/ms-marco-MiniLM-L-6-v2/resolve/main/README.md "HTTP/1.1 307 Temporary Redirect"]
[2026-03-24 17:40:55,675: INFO: _client: HTTP Request: HEAD https://huggingface.co/cross-encoder/ms-marco-MiniLM-L6-v2/resolve/main/README.md "HTTP/1.1 307 Temporary Redirect"]
[2026-03-24 17:40:56,331: INFO: _client: HTTP Request: HEAD https://huggingface.co/api/resolve-cache/models/cross-encoder/ms-marco-MiniLM-L6-v2/c5ee24cb16019beea0893ab7796b1df96625c6b8/README.md "HTTP/1.1 200 OK"]
[2026-03-24 17:40:56,341: INFO: CrossEncoder: Use pytorch device: cpu]
[2026-03-24 17:40:57,234: INFO: _client: HTTP Request: GET https://huggingface.co/api/models/cross-encoder/ms-marco-MiniLM-L-6-v2 "HTTP/1.1 307 Temporary Redirect"]
[2026-03-24 17:40:58,101: INFO: _client: HTTP Request: GET https://huggingface.co/api/models/cross-encoder/ms-marco-MiniLM-L6-v2 "HTTP/1.1 200 OK"]
[2026-03-24 17:40:58,129: INFO: token: Entering access token validation method ]
[2026-03-24 17:40:58,165: INFO: guardrails_check: NeMo Guardrails loaded successfully.]
[2026-03-24 17:41:06,394: INFO: action_dispatcher: Initializing action dispatcher]
[2026-03-24 17:41:06,395: INFO: action_dispatcher: Added create_event to actions]
[2026-03-24 17:41:06,403: INFO: action_dispatcher: Added wolfram alpha request to actions]
[2026-03-24 17:41:06,407: INFO: action_dispatcher: Added retrieve_relevant_chunks to actions]
[2026-03-24 17:41:06,494: INFO: action_dispatcher: Added call_activefence_api to actions]
[2026-03-24 17:41:06,494: INFO: action_dispatcher: Added ai_defense_inspect to actions]
[2026-03-24 17:41:06,502: INFO: action_dispatcher: Added GetAttentionPercentageAction to actions]
[2026-03-24 17:41:06,503: INFO: action_dispatcher: Added UpdateAttentionMaterializedViewAction to actions]
[2026-03-24 17:41:06,509: INFO: action_dispatcher: Added autoalign_factcheck_output_api to actions]
[2026-03-24 17:41:06,509: INFO: action_dispatcher: Added autoalign_groundedness_output_api to actions]
[2026-03-24 17:41:06,509: INFO: action_dispatcher: Added autoalign_input_api to actions]
[2026-03-24 17:41:06,509: INFO: action_dispatcher: Added autoalign_output_api to actions]
[2026-03-24 17:41:06,527: INFO: action_dispatcher: Added ClavataCheckAction to actions]
[2026-03-24 17:41:06,532: INFO: action_dispatcher: Added call cleanlab api to actions]
[2026-03-24 17:41:06,536: INFO: action_dispatcher: Added content_safety_check_input to actions]
[2026-03-24 17:41:06,539: INFO: action_dispatcher: Added content_safety_check_output to actions]
[2026-03-24 17:41:06,540: INFO: action_dispatcher: Added detect_language to actions]
[2026-03-24 17:41:06,544: INFO: action_dispatcher: Added crowdstrike_aidr_guard to actions]
[2026-03-24 17:41:06,555: INFO: action_dispatcher: Added alignscore_check_facts to actions]
[2026-03-24 17:41:06,555: INFO: action_dispatcher: Added alignscore request to actions]
[2026-03-24 17:41:06,555: INFO: action_dispatcher: Added self_check_facts to actions]
[2026-03-24 17:41:06,562: INFO: action_dispatcher: Added call fiddler faithfulness to actions]
[2026-03-24 17:41:06,562: INFO: action_dispatcher: Added call fiddler safety on bot message to actions]
[2026-03-24 17:41:06,562: INFO: action_dispatcher: Added call fiddler safety on user message to actions]
[2026-03-24 17:41:06,564: INFO: action_dispatcher: Added call gcpnlp api to actions]
[2026-03-24 17:41:06,584: INFO: action_dispatcher: Added gliner_detect_pii to actions]
[2026-03-24 17:41:06,584: INFO: action_dispatcher: Added gliner_mask_pii to actions]
[2026-03-24 17:41:06,584: INFO: action_dispatcher: Added validate_guardrails_ai_input to actions]
[2026-03-24 17:41:06,584: INFO: action_dispatcher: Added validate_guardrails_ai_output to actions]
[2026-03-24 17:41:06,594: INFO: action_dispatcher: Added self_check_hallucination to actions]
[2026-03-24 17:41:06,599: INFO: action_dispatcher: Added injection_detection to actions]
[2026-03-24 17:41:06,609: INFO: action_dispatcher: Added jailbreak_detection_heuristics to actions]
[2026-03-24 17:41:06,609: INFO: action_dispatcher: Added jailbreak_detection_model to actions]
[2026-03-24 17:41:06,612: INFO: action_dispatcher: Added llama_guard_check_input to actions]
[2026-03-24 17:41:06,612: INFO: action_dispatcher: Added llama_guard_check_output to actions]
[2026-03-24 17:41:06,618: INFO: action_dispatcher: Added pangea_ai_guard to actions]
[2026-03-24 17:41:06,623: INFO: action_dispatcher: Added patronus_api_check_output to actions]
[2026-03-24 17:41:06,624: INFO: action_dispatcher: Added patronus_lynx_check_output_hallucination to actions]
[2026-03-24 17:41:06,626: INFO: action_dispatcher: Added call_policyai_api to actions]
[2026-03-24 17:41:06,630: INFO: action_dispatcher: Added detect_pii to actions]
[2026-03-24 17:41:06,631: INFO: action_dispatcher: Added mask_pii to actions]
[2026-03-24 17:41:06,632: INFO: action_dispatcher: Added protect_text to actions]
[2026-03-24 17:41:06,636: INFO: action_dispatcher: Added detect_regex_pattern to actions]
[2026-03-24 17:41:06,636: INFO: action_dispatcher: Added self_check_facts to actions]
[2026-03-24 17:41:06,644: INFO: action_dispatcher: Added self_check_input to actions]
[2026-03-24 17:41:06,645: INFO: action_dispatcher: Added self_check_output to actions]
[2026-03-24 17:41:06,647: INFO: action_dispatcher: Added detect_sensitive_data to actions]
[2026-03-24 17:41:06,648: INFO: action_dispatcher: Added mask_sensitive_data to actions]
[2026-03-24 17:41:06,650: INFO: action_dispatcher: Added topic_safety_check_input to actions]
[2026-03-24 17:41:06,655: INFO: action_dispatcher: Added trend_ai_guard to actions]
[2026-03-24 17:41:06,659: INFO: action_dispatcher: Added GetCurrentDateTimeAction to actions]
[2026-03-24 17:41:06,660: INFO: action_dispatcher: Registered Actions :: ['ClavataCheckAction', 'GetAttentionPercentageAction', 'GetCurrentDateTimeAction', 'UpdateAttentionMaterializedViewAction', 'ai_defense_inspect', 'alignscore request', 'alignscore_check_facts', 'autoalign_factcheck_output_api', 'autoalign_groundedness_output_api', 'autoalign_input_api', 'autoalign_output_api', 'call cleanlab api', 'call fiddler faithfulness', 'call fiddler safety on bot message', 'call fiddler safety on user message', 'call gcpnlp api', 'call_activefence_api', 'call_policyai_api', 'content_safety_check_input', 'content_safety_check_output', 'create_event', 'crowdstrike_aidr_guard', 'detect_language', 'detect_pii', 'detect_regex_pattern', 'detect_sensitive_data', 'gliner_detect_pii', 'gliner_mask_pii', 'injection_detection', 'jailbreak_detection_heuristics', 'jailbreak_detection_model', 'llama_guard_check_input', 'llama_guard_check_output', 'mask_pii', 'mask_sensitive_data', 'pangea_ai_guard', 'patronus_api_check_output', 'patronus_lynx_check_output_hallucination', 'protect_text', 'retrieve_relevant_chunks', 'self_check_facts', 'self_check_hallucination', 'self_check_input', 'self_check_output', 'topic_safety_check_input', 'trend_ai_guard', 'validate_guardrails_ai_input', 'validate_guardrails_ai_output', 'wolfram alpha request']]
[2026-03-24 17:41:06,660: INFO: action_dispatcher: Action dispatcher initialized]
[2026-03-24 17:41:06,719: WARNING: llmrails: Both an LLM was provided via constructor and a main LLM is specified in the config. The LLM provided via constructor will be used and the main LLM from config will be ignored.]
[2026-03-24 17:41:14,039: INFO: runtime: Processing event: {'type': 'UtteranceUserActionFinished', 'final_transcript': 'hi'}]
[2026-03-24 17:41:14,039: INFO: runtime: Event :: ContextUpdate {'uid': '934bee8d-c0b6-42d7-8e3f-37a79b5b1be3', 'event_created_at': '2026-03-24T12:11:14.039071+00:00', 'source_uid': 'NeMoGuardrails', 'data': {'user_message': 'hi'}}]
[2026-03-24 17:41:14,039: INFO: runtime: Event :: StartInternalSystemAction {'uid': 'eef9b181-0e6f-4e85-93f6-b6b684f99c4a', 'event_created_at': '2026-03-24T12:11:14.039071+00:00', 'source_uid': 'NeMoGuardrails', 'action_name': 'create_event', 'action_params': {'event': {'_type': 'StartInputRails'}}, 'action_result_key': None, 'action_uid': '10756c0f-6d58-4a1b-80dd-5ac34a3b0a86', 'is_system_action': True}]
[2026-03-24 17:41:14,039: INFO: runtime: Processing event: {'type': 'StartInternalSystemAction', 'uid': 'eef9b181-0e6f-4e85-93f6-b6b684f99c4a', 'event_created_at': '2026-03-24T12:11:14.039071+00:00', 'source_uid': 'NeMoGuardrails', 'action_name': 'create_event', 'action_params': {'event': {'_type': 'StartInputRails'}}, 'action_result_key': None, 'action_uid': '10756c0f-6d58-4a1b-80dd-5ac34a3b0a86', 'is_system_action': True}]
[2026-03-24 17:41:14,039: INFO: runtime: Executing action :: create_event]
[2026-03-24 17:41:14,044: INFO: action_dispatcher: Executing registered action: create_event]
[2026-03-24 17:41:14,046: INFO: runtime: Event :: InternalSystemActionFinished {'uid': 'ce37b3f8-da6b-4e6b-9e28-7a95568c0234', 'event_created_at': '2026-03-24T12:11:14.046812+00:00', 'source_uid': 'NeMoGuardrails', 'action_uid': '10756c0f-6d58-4a1b-80dd-5ac34a3b0a86', 'action_name': 'create_event', 'action_params': {'event': {'_type': 'StartInputRails'}}, 'action_result_key': None, 'status': 'success', 'is_success': True, 'return_value': None, 'events': [{'type': 'StartInputRails', 'uid': '15aa33a4-a612-4f2a-a645-0ac8cabee820', 'event_created_at': '2026-03-24T12:11:14.046812+00:00', 'source_uid': 'NeMoGuardrails'}], 'is_system_action': True, 'action_finished_at': '2026-03-24T12:11:14.046812+00:00'}]
[2026-03-24 17:41:14,047: INFO: runtime: Event :: StartInputRails {'uid': '15aa33a4-a612-4f2a-a645-0ac8cabee820', 'event_created_at': '2026-03-24T12:11:14.046812+00:00', 'source_uid': 'NeMoGuardrails'}]
[2026-03-24 17:41:14,047: INFO: runtime: Processing event: {'type': 'StartInputRails', 'uid': '15aa33a4-a612-4f2a-a645-0ac8cabee820', 'event_created_at': '2026-03-24T12:11:14.046812+00:00', 'source_uid': 'NeMoGuardrails'}]
[2026-03-24 17:41:14,049: INFO: runtime: Event :: ContextUpdate {'uid': '2ab7293e-4577-49f9-9618-28c461795897', 'event_created_at': '2026-03-24T12:11:14.049458+00:00', 'source_uid': 'NeMoGuardrails', 'data': {'input_flows': ['check_dangerous_content', 'check_code_content', 'check_unrelated_content'], 'i': 0, 'triggered_input_rail': 'check_dangerous_content'}}]
[2026-03-24 17:41:14,050: INFO: runtime: Event :: StartInternalSystemAction {'uid': 'fafd4604-2c35-4fce-b30a-c076eb591db2', 'event_created_at': '2026-03-24T12:11:14.049458+00:00', 'source_uid': 'NeMoGuardrails', 'action_name': 'create_event', 'action_params': {'event': {'_type': 'StartInputRail', 'flow_id': '$triggered_input_rail'}}, 'action_result_key': None, 'action_uid': '97cf534b-7e44-470f-af7a-fb8a4c22afe9', 'is_system_action': True}]
[2026-03-24 17:41:14,053: INFO: runtime: Processing event: {'type': 'StartInternalSystemAction', 'uid': 'fafd4604-2c35-4fce-b30a-c076eb591db2', 'event_created_at': '2026-03-24T12:11:14.049458+00:00', 'source_uid': 'NeMoGuardrails', 'action_name': 'create_event', 'action_params': {'event': {'_type': 'StartInputRail', 'flow_id': '$triggered_input_rail'}}, 'action_result_key': None, 'action_uid': '97cf534b-7e44-470f-af7a-fb8a4c22afe9', 'is_system_action': True}]
[2026-03-24 17:41:14,053: INFO: runtime: Executing action :: create_event]
[2026-03-24 17:41:14,053: INFO: action_dispatcher: Executing registered action: create_event]
[2026-03-24 17:41:14,059: INFO: runtime: Event :: InternalSystemActionFinished {'uid': '3fd6e552-a654-4792-82e7-8d9a4a07b5de', 'event_created_at': '2026-03-24T12:11:14.059934+00:00', 'source_uid': 'NeMoGuardrails', 'action_uid': '97cf534b-7e44-470f-af7a-fb8a4c22afe9', 'action_name': 'create_event', 'action_params': {'event': {'_type': 'StartInputRail', 'flow_id': '$triggered_input_rail'}}, 'action_result_key': None, 'status': 'success', 'is_success': True, 'return_value': None, 'events': [{'type': 'StartInputRail', 'uid': 'a13a12df-bbcb-49f1-a98a-5b128dbd2f6b', 'event_created_at': '2026-03-24T12:11:14.059934+00:00', 'source_uid': 'NeMoGuardrails', 'flow_id': 'check_dangerous_content'}], 'is_system_action': True, 'action_finished_at': '2026-03-24T12:11:14.059934+00:00'}]
[2026-03-24 17:41:14,060: INFO: runtime: Event :: StartInputRail {'uid': 'a13a12df-bbcb-49f1-a98a-5b128dbd2f6b', 'event_created_at': '2026-03-24T12:11:14.059934+00:00', 'source_uid': 'NeMoGuardrails', 'flow_id': 'check_dangerous_content'}]
[2026-03-24 17:41:14,060: INFO: runtime: Processing event: {'type': 'StartInputRail', 'uid': 'a13a12df-bbcb-49f1-a98a-5b128dbd2f6b', 'event_created_at': '2026-03-24T12:11:14.059934+00:00', 'source_uid': 'NeMoGuardrails', 'flow_id': 'check_dangerous_content'}]
[2026-03-24 17:41:14,063: INFO: runtime: Event :: Listen {'uid': '61491d52-d553-4a47-9f2e-19134171834a', 'event_created_at': '2026-03-24T12:11:14.063091+00:00', 'source_uid': 'NeMoGuardrails'}]
[2026-03-24 17:41:14,063: INFO: llmrails: --- :: Total processing took 0.02 seconds. Stats: 0 total calls, 0 total time, 0 total tokens, 0 total prompt tokens, 0 total completion tokens, [] as latencies]
[2026-03-24 17:41:22,266: INFO: guardrails_check: Guardrails bot reply: '']
[2026-03-24 17:41:22,394: INFO: models: AFC is enabled with max remote calls: 10.]
[2026-03-24 17:41:25,982: INFO: _client: HTTP Request: POST https://aiplatform.googleapis.com/v1beta1/projects/macomai-441611/locations/global/publishers/google/models/gemini-2.5-flash:generateContent "HTTP/1.1 200 OK"]
[2026-03-24 17:41:37,740: INFO: _client: HTTP Request: POST https://aiplatform.googleapis.com/v1beta1/projects/macomai-441611/locations/global/publishers/google/models/text-embedding-004:predict "HTTP/1.1 200 OK"]
[2026-03-24 17:41:37,788: INFO: _client: HTTP Request: POST http://10.192.5.51:8000/api/v2/tenants/default_tenant/databases/default_database/collections/91518b3b-a2d1-4c38-b8df-01b360936d38/query "HTTP/1.1 200 OK"]
[2026-03-24 17:41:38,847: INFO: chatprocess: Formatting 5 documents]
[2026-03-24 17:41:38,853: INFO: models: AFC is enabled with max remote calls: 10.]
[2026-03-24 17:41:41,200: INFO: _client: HTTP Request: POST https://aiplatform.googleapis.com/v1beta1/projects/macomai-441611/locations/global/publishers/google/models/gemini-2.5-flash:generateContent "HTTP/1.1 200 OK"]
[2026-03-24 17:41:41,229: INFO: app: Chat request completed]
[2026-03-25 09:01:58,843: INFO: utils: NumExpr defaulting to 8 threads.]
[2026-03-25 09:25:43,331: INFO: common: yaml file: config\config.yaml loaded successfully]
[2026-03-25 09:25:44,735: INFO: _client: HTTP Request: GET http://10.192.5.51:8000/api/v2/auth/identity "HTTP/1.1 200 OK"]
[2026-03-25 09:25:44,847: INFO: _client: HTTP Request: GET http://10.192.5.51:8000/api/v2/tenants/default_tenant "HTTP/1.1 200 OK"]
[2026-03-25 09:25:44,864: INFO: _client: HTTP Request: GET http://10.192.5.51:8000/api/v2/tenants/default_tenant/databases/default_database "HTTP/1.1 200 OK"]
[2026-03-25 09:25:51,300: ERROR: _plugin_wrapping: AuthMetadataPluginCallback "<google.auth.transport.grpc.AuthMetadataPlugin object at 0x000002B052986A50>" raised exception!]
Traceback (most recent call last):
  File "c:\Users\101373\AppData\Local\anaconda3\envs\nemo_env\Lib\site-packages\grpc\_plugin_wrapping.py", line 105, in __call__
    self._metadata_plugin(
  File "c:\Users\101373\AppData\Local\anaconda3\envs\nemo_env\Lib\site-packages\google\auth\transport\grpc.py", line 93, in __call__
    callback(self._get_authorization_headers(context), None)
             ^^^^^^^^^^^^^^^^^^^^^^^^^^^^^^^^^^^^^^^^
  File "c:\Users\101373\AppData\Local\anaconda3\envs\nemo_env\Lib\site-packages\google\auth\transport\grpc.py", line 79, in _get_authorization_headers
    self._credentials.before_request(
  File "c:\Users\101373\AppData\Local\anaconda3\envs\nemo_env\Lib\site-packages\google\auth\credentials.py", line 230, in before_request
    self._blocking_refresh(request)
  File "c:\Users\101373\AppData\Local\anaconda3\envs\nemo_env\Lib\site-packages\google\auth\credentials.py", line 193, in _blocking_refresh
    self.refresh(request)
  File "c:\Users\101373\AppData\Local\anaconda3\envs\nemo_env\Lib\site-packages\google\oauth2\credentials.py", line 412, in refresh
    ) = reauth.refresh_grant(
        ^^^^^^^^^^^^^^^^^^^^^
  File "c:\Users\101373\AppData\Local\anaconda3\envs\nemo_env\Lib\site-packages\google\oauth2\reauth.py", line 353, in refresh_grant
    raise exceptions.RefreshError(
google.auth.exceptions.RefreshError: Reauthentication is needed. Please run `gcloud auth application-default login` to reauthenticate.
[2026-03-25 09:25:51,597: ERROR: _plugin_wrapping: AuthMetadataPluginCallback "<google.auth.transport.grpc.AuthMetadataPlugin object at 0x000002B052986A50>" raised exception!]
Traceback (most recent call last):
  File "c:\Users\101373\AppData\Local\anaconda3\envs\nemo_env\Lib\site-packages\grpc\_plugin_wrapping.py", line 105, in __call__
    self._metadata_plugin(
  File "c:\Users\101373\AppData\Local\anaconda3\envs\nemo_env\Lib\site-packages\google\auth\transport\grpc.py", line 93, in __call__
    callback(self._get_authorization_headers(context), None)
             ^^^^^^^^^^^^^^^^^^^^^^^^^^^^^^^^^^^^^^^^
  File "c:\Users\101373\AppData\Local\anaconda3\envs\nemo_env\Lib\site-packages\google\auth\transport\grpc.py", line 79, in _get_authorization_headers
    self._credentials.before_request(
  File "c:\Users\101373\AppData\Local\anaconda3\envs\nemo_env\Lib\site-packages\google\auth\credentials.py", line 230, in before_request
    self._blocking_refresh(request)
  File "c:\Users\101373\AppData\Local\anaconda3\envs\nemo_env\Lib\site-packages\google\auth\credentials.py", line 193, in _blocking_refresh
    self.refresh(request)
  File "c:\Users\101373\AppData\Local\anaconda3\envs\nemo_env\Lib\site-packages\google\oauth2\credentials.py", line 412, in refresh
    ) = reauth.refresh_grant(
        ^^^^^^^^^^^^^^^^^^^^^
  File "c:\Users\101373\AppData\Local\anaconda3\envs\nemo_env\Lib\site-packages\google\oauth2\reauth.py", line 353, in refresh_grant
    raise exceptions.RefreshError(
google.auth.exceptions.RefreshError: Reauthentication is needed. Please run `gcloud auth application-default login` to reauthenticate.
[2026-03-25 09:25:51,896: ERROR: _plugin_wrapping: AuthMetadataPluginCallback "<google.auth.transport.grpc.AuthMetadataPlugin object at 0x000002B052986A50>" raised exception!]
Traceback (most recent call last):
  File "c:\Users\101373\AppData\Local\anaconda3\envs\nemo_env\Lib\site-packages\grpc\_plugin_wrapping.py", line 105, in __call__
    self._metadata_plugin(
  File "c:\Users\101373\AppData\Local\anaconda3\envs\nemo_env\Lib\site-packages\google\auth\transport\grpc.py", line 93, in __call__
    callback(self._get_authorization_headers(context), None)
             ^^^^^^^^^^^^^^^^^^^^^^^^^^^^^^^^^^^^^^^^
  File "c:\Users\101373\AppData\Local\anaconda3\envs\nemo_env\Lib\site-packages\google\auth\transport\grpc.py", line 79, in _get_authorization_headers
    self._credentials.before_request(
  File "c:\Users\101373\AppData\Local\anaconda3\envs\nemo_env\Lib\site-packages\google\auth\credentials.py", line 230, in before_request
    self._blocking_refresh(request)
  File "c:\Users\101373\AppData\Local\anaconda3\envs\nemo_env\Lib\site-packages\google\auth\credentials.py", line 193, in _blocking_refresh
    self.refresh(request)
  File "c:\Users\101373\AppData\Local\anaconda3\envs\nemo_env\Lib\site-packages\google\oauth2\credentials.py", line 412, in refresh
    ) = reauth.refresh_grant(
        ^^^^^^^^^^^^^^^^^^^^^
  File "c:\Users\101373\AppData\Local\anaconda3\envs\nemo_env\Lib\site-packages\google\oauth2\reauth.py", line 353, in refresh_grant
    raise exceptions.RefreshError(
google.auth.exceptions.RefreshError: Reauthentication is needed. Please run `gcloud auth application-default login` to reauthenticate.
[2026-03-25 09:25:52,317: ERROR: _plugin_wrapping: AuthMetadataPluginCallback "<google.auth.transport.grpc.AuthMetadataPlugin object at 0x000002B052986A50>" raised exception!]
Traceback (most recent call last):
  File "c:\Users\101373\AppData\Local\anaconda3\envs\nemo_env\Lib\site-packages\grpc\_plugin_wrapping.py", line 105, in __call__
    self._metadata_plugin(
  File "c:\Users\101373\AppData\Local\anaconda3\envs\nemo_env\Lib\site-packages\google\auth\transport\grpc.py", line 93, in __call__
    callback(self._get_authorization_headers(context), None)
             ^^^^^^^^^^^^^^^^^^^^^^^^^^^^^^^^^^^^^^^^
  File "c:\Users\101373\AppData\Local\anaconda3\envs\nemo_env\Lib\site-packages\google\auth\transport\grpc.py", line 79, in _get_authorization_headers
    self._credentials.before_request(
  File "c:\Users\101373\AppData\Local\anaconda3\envs\nemo_env\Lib\site-packages\google\auth\credentials.py", line 230, in before_request
    self._blocking_refresh(request)
  File "c:\Users\101373\AppData\Local\anaconda3\envs\nemo_env\Lib\site-packages\google\auth\credentials.py", line 193, in _blocking_refresh
    self.refresh(request)
  File "c:\Users\101373\AppData\Local\anaconda3\envs\nemo_env\Lib\site-packages\google\oauth2\credentials.py", line 412, in refresh
    ) = reauth.refresh_grant(
        ^^^^^^^^^^^^^^^^^^^^^
  File "c:\Users\101373\AppData\Local\anaconda3\envs\nemo_env\Lib\site-packages\google\oauth2\reauth.py", line 353, in refresh_grant
    raise exceptions.RefreshError(
google.auth.exceptions.RefreshError: Reauthentication is needed. Please run `gcloud auth application-default login` to reauthenticate.
[2026-03-25 09:25:52,627: ERROR: _plugin_wrapping: AuthMetadataPluginCallback "<google.auth.transport.grpc.AuthMetadataPlugin object at 0x000002B052986A50>" raised exception!]
Traceback (most recent call last):
  File "c:\Users\101373\AppData\Local\anaconda3\envs\nemo_env\Lib\site-packages\grpc\_plugin_wrapping.py", line 105, in __call__
    self._metadata_plugin(
  File "c:\Users\101373\AppData\Local\anaconda3\envs\nemo_env\Lib\site-packages\google\auth\transport\grpc.py", line 93, in __call__
    callback(self._get_authorization_headers(context), None)
             ^^^^^^^^^^^^^^^^^^^^^^^^^^^^^^^^^^^^^^^^
  File "c:\Users\101373\AppData\Local\anaconda3\envs\nemo_env\Lib\site-packages\google\auth\transport\grpc.py", line 79, in _get_authorization_headers
    self._credentials.before_request(
  File "c:\Users\101373\AppData\Local\anaconda3\envs\nemo_env\Lib\site-packages\google\auth\credentials.py", line 230, in before_request
    self._blocking_refresh(request)
  File "c:\Users\101373\AppData\Local\anaconda3\envs\nemo_env\Lib\site-packages\google\auth\credentials.py", line 193, in _blocking_refresh
    self.refresh(request)
  File "c:\Users\101373\AppData\Local\anaconda3\envs\nemo_env\Lib\site-packages\google\oauth2\credentials.py", line 412, in refresh
    ) = reauth.refresh_grant(
        ^^^^^^^^^^^^^^^^^^^^^
  File "c:\Users\101373\AppData\Local\anaconda3\envs\nemo_env\Lib\site-packages\google\oauth2\reauth.py", line 353, in refresh_grant
    raise exceptions.RefreshError(
google.auth.exceptions.RefreshError: Reauthentication is needed. Please run `gcloud auth application-default login` to reauthenticate.
[2026-03-25 09:25:53,032: ERROR: _plugin_wrapping: AuthMetadataPluginCallback "<google.auth.transport.grpc.AuthMetadataPlugin object at 0x000002B052986A50>" raised exception!]
Traceback (most recent call last):
  File "c:\Users\101373\AppData\Local\anaconda3\envs\nemo_env\Lib\site-packages\grpc\_plugin_wrapping.py", line 105, in __call__
    self._metadata_plugin(
  File "c:\Users\101373\AppData\Local\anaconda3\envs\nemo_env\Lib\site-packages\google\auth\transport\grpc.py", line 93, in __call__
    callback(self._get_authorization_headers(context), None)
             ^^^^^^^^^^^^^^^^^^^^^^^^^^^^^^^^^^^^^^^^
  File "c:\Users\101373\AppData\Local\anaconda3\envs\nemo_env\Lib\site-packages\google\auth\transport\grpc.py", line 79, in _get_authorization_headers
    self._credentials.before_request(
  File "c:\Users\101373\AppData\Local\anaconda3\envs\nemo_env\Lib\site-packages\google\auth\credentials.py", line 230, in before_request
    self._blocking_refresh(request)
  File "c:\Users\101373\AppData\Local\anaconda3\envs\nemo_env\Lib\site-packages\google\auth\credentials.py", line 193, in _blocking_refresh
    self.refresh(request)
  File "c:\Users\101373\AppData\Local\anaconda3\envs\nemo_env\Lib\site-packages\google\oauth2\credentials.py", line 412, in refresh
    ) = reauth.refresh_grant(
        ^^^^^^^^^^^^^^^^^^^^^
  File "c:\Users\101373\AppData\Local\anaconda3\envs\nemo_env\Lib\site-packages\google\oauth2\reauth.py", line 353, in refresh_grant
    raise exceptions.RefreshError(
google.auth.exceptions.RefreshError: Reauthentication is needed. Please run `gcloud auth application-default login` to reauthenticate.
[2026-03-25 09:25:53,447: ERROR: _plugin_wrapping: AuthMetadataPluginCallback "<google.auth.transport.grpc.AuthMetadataPlugin object at 0x000002B052986A50>" raised exception!]
Traceback (most recent call last):
  File "c:\Users\101373\AppData\Local\anaconda3\envs\nemo_env\Lib\site-packages\grpc\_plugin_wrapping.py", line 105, in __call__
    self._metadata_plugin(
  File "c:\Users\101373\AppData\Local\anaconda3\envs\nemo_env\Lib\site-packages\google\auth\transport\grpc.py", line 93, in __call__
    callback(self._get_authorization_headers(context), None)
             ^^^^^^^^^^^^^^^^^^^^^^^^^^^^^^^^^^^^^^^^
  File "c:\Users\101373\AppData\Local\anaconda3\envs\nemo_env\Lib\site-packages\google\auth\transport\grpc.py", line 79, in _get_authorization_headers
    self._credentials.before_request(
  File "c:\Users\101373\AppData\Local\anaconda3\envs\nemo_env\Lib\site-packages\google\auth\credentials.py", line 230, in before_request
    self._blocking_refresh(request)
  File "c:\Users\101373\AppData\Local\anaconda3\envs\nemo_env\Lib\site-packages\google\auth\credentials.py", line 193, in _blocking_refresh
    self.refresh(request)
  File "c:\Users\101373\AppData\Local\anaconda3\envs\nemo_env\Lib\site-packages\google\oauth2\credentials.py", line 412, in refresh
    ) = reauth.refresh_grant(
        ^^^^^^^^^^^^^^^^^^^^^
  File "c:\Users\101373\AppData\Local\anaconda3\envs\nemo_env\Lib\site-packages\google\oauth2\reauth.py", line 353, in refresh_grant
    raise exceptions.RefreshError(
google.auth.exceptions.RefreshError: Reauthentication is needed. Please run `gcloud auth application-default login` to reauthenticate.
[2026-03-25 09:25:53,747: ERROR: _plugin_wrapping: AuthMetadataPluginCallback "<google.auth.transport.grpc.AuthMetadataPlugin object at 0x000002B052986A50>" raised exception!]
Traceback (most recent call last):
  File "c:\Users\101373\AppData\Local\anaconda3\envs\nemo_env\Lib\site-packages\grpc\_plugin_wrapping.py", line 105, in __call__
    self._metadata_plugin(
  File "c:\Users\101373\AppData\Local\anaconda3\envs\nemo_env\Lib\site-packages\google\auth\transport\grpc.py", line 93, in __call__
    callback(self._get_authorization_headers(context), None)
             ^^^^^^^^^^^^^^^^^^^^^^^^^^^^^^^^^^^^^^^^
  File "c:\Users\101373\AppData\Local\anaconda3\envs\nemo_env\Lib\site-packages\google\auth\transport\grpc.py", line 79, in _get_authorization_headers
    self._credentials.before_request(
  File "c:\Users\101373\AppData\Local\anaconda3\envs\nemo_env\Lib\site-packages\google\auth\credentials.py", line 230, in before_request
    self._blocking_refresh(request)
  File "c:\Users\101373\AppData\Local\anaconda3\envs\nemo_env\Lib\site-packages\google\auth\credentials.py", line 193, in _blocking_refresh
    self.refresh(request)
  File "c:\Users\101373\AppData\Local\anaconda3\envs\nemo_env\Lib\site-packages\google\oauth2\credentials.py", line 412, in refresh
    ) = reauth.refresh_grant(
        ^^^^^^^^^^^^^^^^^^^^^
  File "c:\Users\101373\AppData\Local\anaconda3\envs\nemo_env\Lib\site-packages\google\oauth2\reauth.py", line 353, in refresh_grant
    raise exceptions.RefreshError(
google.auth.exceptions.RefreshError: Reauthentication is needed. Please run `gcloud auth application-default login` to reauthenticate.
[2026-03-25 09:25:54,363: ERROR: _plugin_wrapping: AuthMetadataPluginCallback "<google.auth.transport.grpc.AuthMetadataPlugin object at 0x000002B052986A50>" raised exception!]
Traceback (most recent call last):
  File "c:\Users\101373\AppData\Local\anaconda3\envs\nemo_env\Lib\site-packages\grpc\_plugin_wrapping.py", line 105, in __call__
    self._metadata_plugin(
  File "c:\Users\101373\AppData\Local\anaconda3\envs\nemo_env\Lib\site-packages\google\auth\transport\grpc.py", line 93, in __call__
    callback(self._get_authorization_headers(context), None)
             ^^^^^^^^^^^^^^^^^^^^^^^^^^^^^^^^^^^^^^^^
  File "c:\Users\101373\AppData\Local\anaconda3\envs\nemo_env\Lib\site-packages\google\auth\transport\grpc.py", line 79, in _get_authorization_headers
    self._credentials.before_request(
  File "c:\Users\101373\AppData\Local\anaconda3\envs\nemo_env\Lib\site-packages\google\auth\credentials.py", line 230, in before_request
    self._blocking_refresh(request)
  File "c:\Users\101373\AppData\Local\anaconda3\envs\nemo_env\Lib\site-packages\google\auth\credentials.py", line 193, in _blocking_refresh
    self.refresh(request)
  File "c:\Users\101373\AppData\Local\anaconda3\envs\nemo_env\Lib\site-packages\google\oauth2\credentials.py", line 412, in refresh
    ) = reauth.refresh_grant(
        ^^^^^^^^^^^^^^^^^^^^^
  File "c:\Users\101373\AppData\Local\anaconda3\envs\nemo_env\Lib\site-packages\google\oauth2\reauth.py", line 353, in refresh_grant
    raise exceptions.RefreshError(
google.auth.exceptions.RefreshError: Reauthentication is needed. Please run `gcloud auth application-default login` to reauthenticate.
[2026-03-25 09:25:54,984: ERROR: _plugin_wrapping: AuthMetadataPluginCallback "<google.auth.transport.grpc.AuthMetadataPlugin object at 0x000002B052986A50>" raised exception!]
Traceback (most recent call last):
  File "c:\Users\101373\AppData\Local\anaconda3\envs\nemo_env\Lib\site-packages\grpc\_plugin_wrapping.py", line 105, in __call__
    self._metadata_plugin(
  File "c:\Users\101373\AppData\Local\anaconda3\envs\nemo_env\Lib\site-packages\google\auth\transport\grpc.py", line 93, in __call__
    callback(self._get_authorization_headers(context), None)
             ^^^^^^^^^^^^^^^^^^^^^^^^^^^^^^^^^^^^^^^^
  File "c:\Users\101373\AppData\Local\anaconda3\envs\nemo_env\Lib\site-packages\google\auth\transport\grpc.py", line 79, in _get_authorization_headers
    self._credentials.before_request(
  File "c:\Users\101373\AppData\Local\anaconda3\envs\nemo_env\Lib\site-packages\google\auth\credentials.py", line 230, in before_request
    self._blocking_refresh(request)
  File "c:\Users\101373\AppData\Local\anaconda3\envs\nemo_env\Lib\site-packages\google\auth\credentials.py", line 193, in _blocking_refresh
    self.refresh(request)
  File "c:\Users\101373\AppData\Local\anaconda3\envs\nemo_env\Lib\site-packages\google\oauth2\credentials.py", line 412, in refresh
    ) = reauth.refresh_grant(
        ^^^^^^^^^^^^^^^^^^^^^
  File "c:\Users\101373\AppData\Local\anaconda3\envs\nemo_env\Lib\site-packages\google\oauth2\reauth.py", line 353, in refresh_grant
    raise exceptions.RefreshError(
google.auth.exceptions.RefreshError: Reauthentication is needed. Please run `gcloud auth application-default login` to reauthenticate.
[2026-03-25 09:25:55,685: ERROR: _plugin_wrapping: AuthMetadataPluginCallback "<google.auth.transport.grpc.AuthMetadataPlugin object at 0x000002B052986A50>" raised exception!]
Traceback (most recent call last):
  File "c:\Users\101373\AppData\Local\anaconda3\envs\nemo_env\Lib\site-packages\grpc\_plugin_wrapping.py", line 105, in __call__
    self._metadata_plugin(
  File "c:\Users\101373\AppData\Local\anaconda3\envs\nemo_env\Lib\site-packages\google\auth\transport\grpc.py", line 93, in __call__
    callback(self._get_authorization_headers(context), None)
             ^^^^^^^^^^^^^^^^^^^^^^^^^^^^^^^^^^^^^^^^
  File "c:\Users\101373\AppData\Local\anaconda3\envs\nemo_env\Lib\site-packages\google\auth\transport\grpc.py", line 79, in _get_authorization_headers
    self._credentials.before_request(
  File "c:\Users\101373\AppData\Local\anaconda3\envs\nemo_env\Lib\site-packages\google\auth\credentials.py", line 230, in before_request
    self._blocking_refresh(request)
  File "c:\Users\101373\AppData\Local\anaconda3\envs\nemo_env\Lib\site-packages\google\auth\credentials.py", line 193, in _blocking_refresh
    self.refresh(request)
  File "c:\Users\101373\AppData\Local\anaconda3\envs\nemo_env\Lib\site-packages\google\oauth2\credentials.py", line 412, in refresh
    ) = reauth.refresh_grant(
        ^^^^^^^^^^^^^^^^^^^^^
  File "c:\Users\101373\AppData\Local\anaconda3\envs\nemo_env\Lib\site-packages\google\oauth2\reauth.py", line 353, in refresh_grant
    raise exceptions.RefreshError(
google.auth.exceptions.RefreshError: Reauthentication is needed. Please run `gcloud auth application-default login` to reauthenticate.
[2026-03-25 09:25:56,408: ERROR: _plugin_wrapping: AuthMetadataPluginCallback "<google.auth.transport.grpc.AuthMetadataPlugin object at 0x000002B052986A50>" raised exception!]
Traceback (most recent call last):
  File "c:\Users\101373\AppData\Local\anaconda3\envs\nemo_env\Lib\site-packages\grpc\_plugin_wrapping.py", line 105, in __call__
    self._metadata_plugin(
  File "c:\Users\101373\AppData\Local\anaconda3\envs\nemo_env\Lib\site-packages\google\auth\transport\grpc.py", line 93, in __call__
    callback(self._get_authorization_headers(context), None)
             ^^^^^^^^^^^^^^^^^^^^^^^^^^^^^^^^^^^^^^^^
  File "c:\Users\101373\AppData\Local\anaconda3\envs\nemo_env\Lib\site-packages\google\auth\transport\grpc.py", line 79, in _get_authorization_headers
    self._credentials.before_request(
  File "c:\Users\101373\AppData\Local\anaconda3\envs\nemo_env\Lib\site-packages\google\auth\credentials.py", line 230, in before_request
    self._blocking_refresh(request)
  File "c:\Users\101373\AppData\Local\anaconda3\envs\nemo_env\Lib\site-packages\google\auth\credentials.py", line 193, in _blocking_refresh
    self.refresh(request)
  File "c:\Users\101373\AppData\Local\anaconda3\envs\nemo_env\Lib\site-packages\google\oauth2\credentials.py", line 412, in refresh
    ) = reauth.refresh_grant(
        ^^^^^^^^^^^^^^^^^^^^^
  File "c:\Users\101373\AppData\Local\anaconda3\envs\nemo_env\Lib\site-packages\google\oauth2\reauth.py", line 353, in refresh_grant
    raise exceptions.RefreshError(
google.auth.exceptions.RefreshError: Reauthentication is needed. Please run `gcloud auth application-default login` to reauthenticate.
[2026-03-25 09:25:56,621: ERROR: _plugin_wrapping: AuthMetadataPluginCallback "<google.auth.transport.grpc.AuthMetadataPlugin object at 0x000002B052986A50>" raised exception!]
Traceback (most recent call last):
  File "c:\Users\101373\AppData\Local\anaconda3\envs\nemo_env\Lib\site-packages\grpc\_plugin_wrapping.py", line 105, in __call__
    self._metadata_plugin(
  File "c:\Users\101373\AppData\Local\anaconda3\envs\nemo_env\Lib\site-packages\google\auth\transport\grpc.py", line 93, in __call__
    callback(self._get_authorization_headers(context), None)
             ^^^^^^^^^^^^^^^^^^^^^^^^^^^^^^^^^^^^^^^^
  File "c:\Users\101373\AppData\Local\anaconda3\envs\nemo_env\Lib\site-packages\google\auth\transport\grpc.py", line 79, in _get_authorization_headers
    self._credentials.before_request(
  File "c:\Users\101373\AppData\Local\anaconda3\envs\nemo_env\Lib\site-packages\google\auth\credentials.py", line 230, in before_request
    self._blocking_refresh(request)
  File "c:\Users\101373\AppData\Local\anaconda3\envs\nemo_env\Lib\site-packages\google\auth\credentials.py", line 193, in _blocking_refresh
    self.refresh(request)
  File "c:\Users\101373\AppData\Local\anaconda3\envs\nemo_env\Lib\site-packages\google\oauth2\credentials.py", line 412, in refresh
    ) = reauth.refresh_grant(
        ^^^^^^^^^^^^^^^^^^^^^
  File "c:\Users\101373\AppData\Local\anaconda3\envs\nemo_env\Lib\site-packages\google\oauth2\reauth.py", line 353, in refresh_grant
    raise exceptions.RefreshError(
google.auth.exceptions.RefreshError: Reauthentication is needed. Please run `gcloud auth application-default login` to reauthenticate.
[2026-03-25 09:25:56,929: ERROR: _plugin_wrapping: AuthMetadataPluginCallback "<google.auth.transport.grpc.AuthMetadataPlugin object at 0x000002B052986A50>" raised exception!]
Traceback (most recent call last):
  File "c:\Users\101373\AppData\Local\anaconda3\envs\nemo_env\Lib\site-packages\grpc\_plugin_wrapping.py", line 105, in __call__
    self._metadata_plugin(
  File "c:\Users\101373\AppData\Local\anaconda3\envs\nemo_env\Lib\site-packages\google\auth\transport\grpc.py", line 93, in __call__
    callback(self._get_authorization_headers(context), None)
             ^^^^^^^^^^^^^^^^^^^^^^^^^^^^^^^^^^^^^^^^
  File "c:\Users\101373\AppData\Local\anaconda3\envs\nemo_env\Lib\site-packages\google\auth\transport\grpc.py", line 79, in _get_authorization_headers
    self._credentials.before_request(
  File "c:\Users\101373\AppData\Local\anaconda3\envs\nemo_env\Lib\site-packages\google\auth\credentials.py", line 230, in before_request
    self._blocking_refresh(request)
  File "c:\Users\101373\AppData\Local\anaconda3\envs\nemo_env\Lib\site-packages\google\auth\credentials.py", line 193, in _blocking_refresh
    self.refresh(request)
  File "c:\Users\101373\AppData\Local\anaconda3\envs\nemo_env\Lib\site-packages\google\oauth2\credentials.py", line 412, in refresh
    ) = reauth.refresh_grant(
        ^^^^^^^^^^^^^^^^^^^^^
  File "c:\Users\101373\AppData\Local\anaconda3\envs\nemo_env\Lib\site-packages\google\oauth2\reauth.py", line 353, in refresh_grant
    raise exceptions.RefreshError(
google.auth.exceptions.RefreshError: Reauthentication is needed. Please run `gcloud auth application-default login` to reauthenticate.
[2026-03-25 09:25:57,946: ERROR: _plugin_wrapping: AuthMetadataPluginCallback "<google.auth.transport.grpc.AuthMetadataPlugin object at 0x000002B052986A50>" raised exception!]
Traceback (most recent call last):
  File "c:\Users\101373\AppData\Local\anaconda3\envs\nemo_env\Lib\site-packages\grpc\_plugin_wrapping.py", line 105, in __call__
    self._metadata_plugin(
  File "c:\Users\101373\AppData\Local\anaconda3\envs\nemo_env\Lib\site-packages\google\auth\transport\grpc.py", line 93, in __call__
    callback(self._get_authorization_headers(context), None)
             ^^^^^^^^^^^^^^^^^^^^^^^^^^^^^^^^^^^^^^^^
  File "c:\Users\101373\AppData\Local\anaconda3\envs\nemo_env\Lib\site-packages\google\auth\transport\grpc.py", line 79, in _get_authorization_headers
    self._credentials.before_request(
  File "c:\Users\101373\AppData\Local\anaconda3\envs\nemo_env\Lib\site-packages\google\auth\credentials.py", line 230, in before_request
    self._blocking_refresh(request)
  File "c:\Users\101373\AppData\Local\anaconda3\envs\nemo_env\Lib\site-packages\google\auth\credentials.py", line 193, in _blocking_refresh
    self.refresh(request)
  File "c:\Users\101373\AppData\Local\anaconda3\envs\nemo_env\Lib\site-packages\google\oauth2\credentials.py", line 412, in refresh
    ) = reauth.refresh_grant(
        ^^^^^^^^^^^^^^^^^^^^^
  File "c:\Users\101373\AppData\Local\anaconda3\envs\nemo_env\Lib\site-packages\google\oauth2\reauth.py", line 353, in refresh_grant
    raise exceptions.RefreshError(
google.auth.exceptions.RefreshError: Reauthentication is needed. Please run `gcloud auth application-default login` to reauthenticate.
[2026-03-25 09:26:00,111: ERROR: _plugin_wrapping: AuthMetadataPluginCallback "<google.auth.transport.grpc.AuthMetadataPlugin object at 0x000002B052986A50>" raised exception!]
Traceback (most recent call last):
  File "c:\Users\101373\AppData\Local\anaconda3\envs\nemo_env\Lib\site-packages\grpc\_plugin_wrapping.py", line 105, in __call__
    self._metadata_plugin(
  File "c:\Users\101373\AppData\Local\anaconda3\envs\nemo_env\Lib\site-packages\google\auth\transport\grpc.py", line 93, in __call__
    callback(self._get_authorization_headers(context), None)
             ^^^^^^^^^^^^^^^^^^^^^^^^^^^^^^^^^^^^^^^^
  File "c:\Users\101373\AppData\Local\anaconda3\envs\nemo_env\Lib\site-packages\google\auth\transport\grpc.py", line 79, in _get_authorization_headers
    self._credentials.before_request(
  File "c:\Users\101373\AppData\Local\anaconda3\envs\nemo_env\Lib\site-packages\google\auth\credentials.py", line 230, in before_request
    self._blocking_refresh(request)
  File "c:\Users\101373\AppData\Local\anaconda3\envs\nemo_env\Lib\site-packages\google\auth\credentials.py", line 193, in _blocking_refresh
    self.refresh(request)
  File "c:\Users\101373\AppData\Local\anaconda3\envs\nemo_env\Lib\site-packages\google\oauth2\credentials.py", line 412, in refresh
    ) = reauth.refresh_grant(
        ^^^^^^^^^^^^^^^^^^^^^
  File "c:\Users\101373\AppData\Local\anaconda3\envs\nemo_env\Lib\site-packages\google\oauth2\reauth.py", line 353, in refresh_grant
    raise exceptions.RefreshError(
google.auth.exceptions.RefreshError: Reauthentication is needed. Please run `gcloud auth application-default login` to reauthenticate.
[2026-03-25 09:26:03,992: ERROR: _plugin_wrapping: AuthMetadataPluginCallback "<google.auth.transport.grpc.AuthMetadataPlugin object at 0x000002B052986A50>" raised exception!]
Traceback (most recent call last):
  File "c:\Users\101373\AppData\Local\anaconda3\envs\nemo_env\Lib\site-packages\grpc\_plugin_wrapping.py", line 105, in __call__
    self._metadata_plugin(
  File "c:\Users\101373\AppData\Local\anaconda3\envs\nemo_env\Lib\site-packages\google\auth\transport\grpc.py", line 93, in __call__
    callback(self._get_authorization_headers(context), None)
             ^^^^^^^^^^^^^^^^^^^^^^^^^^^^^^^^^^^^^^^^
  File "c:\Users\101373\AppData\Local\anaconda3\envs\nemo_env\Lib\site-packages\google\auth\transport\grpc.py", line 79, in _get_authorization_headers
    self._credentials.before_request(
  File "c:\Users\101373\AppData\Local\anaconda3\envs\nemo_env\Lib\site-packages\google\auth\credentials.py", line 230, in before_request
    self._blocking_refresh(request)
  File "c:\Users\101373\AppData\Local\anaconda3\envs\nemo_env\Lib\site-packages\google\auth\credentials.py", line 193, in _blocking_refresh
    self.refresh(request)
  File "c:\Users\101373\AppData\Local\anaconda3\envs\nemo_env\Lib\site-packages\google\oauth2\credentials.py", line 412, in refresh
    ) = reauth.refresh_grant(
        ^^^^^^^^^^^^^^^^^^^^^
  File "c:\Users\101373\AppData\Local\anaconda3\envs\nemo_env\Lib\site-packages\google\oauth2\reauth.py", line 353, in refresh_grant
    raise exceptions.RefreshError(
google.auth.exceptions.RefreshError: Reauthentication is needed. Please run `gcloud auth application-default login` to reauthenticate.
[2026-03-25 09:26:08,609: ERROR: _plugin_wrapping: AuthMetadataPluginCallback "<google.auth.transport.grpc.AuthMetadataPlugin object at 0x000002B052986A50>" raised exception!]
Traceback (most recent call last):
  File "c:\Users\101373\AppData\Local\anaconda3\envs\nemo_env\Lib\site-packages\grpc\_plugin_wrapping.py", line 105, in __call__
    self._metadata_plugin(
  File "c:\Users\101373\AppData\Local\anaconda3\envs\nemo_env\Lib\site-packages\google\auth\transport\grpc.py", line 93, in __call__
    callback(self._get_authorization_headers(context), None)
             ^^^^^^^^^^^^^^^^^^^^^^^^^^^^^^^^^^^^^^^^
  File "c:\Users\101373\AppData\Local\anaconda3\envs\nemo_env\Lib\site-packages\google\auth\transport\grpc.py", line 79, in _get_authorization_headers
    self._credentials.before_request(
  File "c:\Users\101373\AppData\Local\anaconda3\envs\nemo_env\Lib\site-packages\google\auth\credentials.py", line 230, in before_request
    self._blocking_refresh(request)
  File "c:\Users\101373\AppData\Local\anaconda3\envs\nemo_env\Lib\site-packages\google\auth\credentials.py", line 193, in _blocking_refresh
    self.refresh(request)
  File "c:\Users\101373\AppData\Local\anaconda3\envs\nemo_env\Lib\site-packages\google\oauth2\credentials.py", line 412, in refresh
    ) = reauth.refresh_grant(
        ^^^^^^^^^^^^^^^^^^^^^
  File "c:\Users\101373\AppData\Local\anaconda3\envs\nemo_env\Lib\site-packages\google\oauth2\reauth.py", line 353, in refresh_grant
    raise exceptions.RefreshError(
google.auth.exceptions.RefreshError: Reauthentication is needed. Please run `gcloud auth application-default login` to reauthenticate.
[2026-03-25 09:26:09,212: ERROR: _plugin_wrapping: AuthMetadataPluginCallback "<google.auth.transport.grpc.AuthMetadataPlugin object at 0x000002B052986A50>" raised exception!]
Traceback (most recent call last):
  File "c:\Users\101373\AppData\Local\anaconda3\envs\nemo_env\Lib\site-packages\grpc\_plugin_wrapping.py", line 105, in __call__
    self._metadata_plugin(
  File "c:\Users\101373\AppData\Local\anaconda3\envs\nemo_env\Lib\site-packages\google\auth\transport\grpc.py", line 93, in __call__
    callback(self._get_authorization_headers(context), None)
             ^^^^^^^^^^^^^^^^^^^^^^^^^^^^^^^^^^^^^^^^
  File "c:\Users\101373\AppData\Local\anaconda3\envs\nemo_env\Lib\site-packages\google\auth\transport\grpc.py", line 79, in _get_authorization_headers
    self._credentials.before_request(
  File "c:\Users\101373\AppData\Local\anaconda3\envs\nemo_env\Lib\site-packages\google\auth\credentials.py", line 230, in before_request
    self._blocking_refresh(request)
  File "c:\Users\101373\AppData\Local\anaconda3\envs\nemo_env\Lib\site-packages\google\auth\credentials.py", line 193, in _blocking_refresh
    self.refresh(request)
  File "c:\Users\101373\AppData\Local\anaconda3\envs\nemo_env\Lib\site-packages\google\oauth2\credentials.py", line 412, in refresh
    ) = reauth.refresh_grant(
        ^^^^^^^^^^^^^^^^^^^^^
  File "c:\Users\101373\AppData\Local\anaconda3\envs\nemo_env\Lib\site-packages\google\oauth2\reauth.py", line 353, in refresh_grant
    raise exceptions.RefreshError(
google.auth.exceptions.RefreshError: Reauthentication is needed. Please run `gcloud auth application-default login` to reauthenticate.
[2026-03-25 09:26:16,171: ERROR: _plugin_wrapping: AuthMetadataPluginCallback "<google.auth.transport.grpc.AuthMetadataPlugin object at 0x000002B052986A50>" raised exception!]
Traceback (most recent call last):
  File "c:\Users\101373\AppData\Local\anaconda3\envs\nemo_env\Lib\site-packages\grpc\_plugin_wrapping.py", line 105, in __call__
    self._metadata_plugin(
  File "c:\Users\101373\AppData\Local\anaconda3\envs\nemo_env\Lib\site-packages\google\auth\transport\grpc.py", line 93, in __call__
    callback(self._get_authorization_headers(context), None)
             ^^^^^^^^^^^^^^^^^^^^^^^^^^^^^^^^^^^^^^^^
  File "c:\Users\101373\AppData\Local\anaconda3\envs\nemo_env\Lib\site-packages\google\auth\transport\grpc.py", line 79, in _get_authorization_headers
    self._credentials.before_request(
  File "c:\Users\101373\AppData\Local\anaconda3\envs\nemo_env\Lib\site-packages\google\auth\credentials.py", line 230, in before_request
    self._blocking_refresh(request)
  File "c:\Users\101373\AppData\Local\anaconda3\envs\nemo_env\Lib\site-packages\google\auth\credentials.py", line 193, in _blocking_refresh
    self.refresh(request)
  File "c:\Users\101373\AppData\Local\anaconda3\envs\nemo_env\Lib\site-packages\google\oauth2\credentials.py", line 412, in refresh
    ) = reauth.refresh_grant(
        ^^^^^^^^^^^^^^^^^^^^^
  File "c:\Users\101373\AppData\Local\anaconda3\envs\nemo_env\Lib\site-packages\google\oauth2\reauth.py", line 353, in refresh_grant
    raise exceptions.RefreshError(
google.auth.exceptions.RefreshError: Reauthentication is needed. Please run `gcloud auth application-default login` to reauthenticate.
[2026-03-25 09:26:21,703: ERROR: _plugin_wrapping: AuthMetadataPluginCallback "<google.auth.transport.grpc.AuthMetadataPlugin object at 0x000002B052986A50>" raised exception!]
Traceback (most recent call last):
  File "c:\Users\101373\AppData\Local\anaconda3\envs\nemo_env\Lib\site-packages\grpc\_plugin_wrapping.py", line 105, in __call__
    self._metadata_plugin(
  File "c:\Users\101373\AppData\Local\anaconda3\envs\nemo_env\Lib\site-packages\google\auth\transport\grpc.py", line 93, in __call__
    callback(self._get_authorization_headers(context), None)
             ^^^^^^^^^^^^^^^^^^^^^^^^^^^^^^^^^^^^^^^^
  File "c:\Users\101373\AppData\Local\anaconda3\envs\nemo_env\Lib\site-packages\google\auth\transport\grpc.py", line 79, in _get_authorization_headers
    self._credentials.before_request(
  File "c:\Users\101373\AppData\Local\anaconda3\envs\nemo_env\Lib\site-packages\google\auth\credentials.py", line 230, in before_request
    self._blocking_refresh(request)
  File "c:\Users\101373\AppData\Local\anaconda3\envs\nemo_env\Lib\site-packages\google\auth\credentials.py", line 193, in _blocking_refresh
    self.refresh(request)
  File "c:\Users\101373\AppData\Local\anaconda3\envs\nemo_env\Lib\site-packages\google\oauth2\credentials.py", line 412, in refresh
    ) = reauth.refresh_grant(
        ^^^^^^^^^^^^^^^^^^^^^
  File "c:\Users\101373\AppData\Local\anaconda3\envs\nemo_env\Lib\site-packages\google\oauth2\reauth.py", line 353, in refresh_grant
    raise exceptions.RefreshError(
google.auth.exceptions.RefreshError: Reauthentication is needed. Please run `gcloud auth application-default login` to reauthenticate.
[2026-03-25 09:26:34,046: ERROR: _plugin_wrapping: AuthMetadataPluginCallback "<google.auth.transport.grpc.AuthMetadataPlugin object at 0x000002B052986A50>" raised exception!]
Traceback (most recent call last):
  File "c:\Users\101373\AppData\Local\anaconda3\envs\nemo_env\Lib\site-packages\grpc\_plugin_wrapping.py", line 105, in __call__
    self._metadata_plugin(
  File "c:\Users\101373\AppData\Local\anaconda3\envs\nemo_env\Lib\site-packages\google\auth\transport\grpc.py", line 93, in __call__
    callback(self._get_authorization_headers(context), None)
             ^^^^^^^^^^^^^^^^^^^^^^^^^^^^^^^^^^^^^^^^
  File "c:\Users\101373\AppData\Local\anaconda3\envs\nemo_env\Lib\site-packages\google\auth\transport\grpc.py", line 79, in _get_authorization_headers
    self._credentials.before_request(
  File "c:\Users\101373\AppData\Local\anaconda3\envs\nemo_env\Lib\site-packages\google\auth\credentials.py", line 230, in before_request
    self._blocking_refresh(request)
  File "c:\Users\101373\AppData\Local\anaconda3\envs\nemo_env\Lib\site-packages\google\auth\credentials.py", line 193, in _blocking_refresh
    self.refresh(request)
  File "c:\Users\101373\AppData\Local\anaconda3\envs\nemo_env\Lib\site-packages\google\oauth2\credentials.py", line 412, in refresh
    ) = reauth.refresh_grant(
        ^^^^^^^^^^^^^^^^^^^^^
  File "c:\Users\101373\AppData\Local\anaconda3\envs\nemo_env\Lib\site-packages\google\oauth2\reauth.py", line 353, in refresh_grant
    raise exceptions.RefreshError(
google.auth.exceptions.RefreshError: Reauthentication is needed. Please run `gcloud auth application-default login` to reauthenticate.
[2026-03-25 09:27:20,993: INFO: utils: NumExpr defaulting to 8 threads.]
[2026-03-25 09:27:32,347: INFO: common: yaml file: config\config.yaml loaded successfully]
[2026-03-25 09:27:32,935: INFO: _client: HTTP Request: GET http://10.192.5.51:8000/api/v2/auth/identity "HTTP/1.1 200 OK"]
[2026-03-25 09:27:32,978: INFO: _client: HTTP Request: GET http://10.192.5.51:8000/api/v2/tenants/default_tenant "HTTP/1.1 200 OK"]
[2026-03-25 09:27:32,998: INFO: _client: HTTP Request: GET http://10.192.5.51:8000/api/v2/tenants/default_tenant/databases/default_database "HTTP/1.1 200 OK"]
[2026-03-25 09:27:37,073: INFO: gcp: Attempt 1: GCP default credentials loaded and project 'macomai-441611' obtained.]
[2026-03-25 09:27:40,690: INFO: Login: Entering the login process function]
[2026-03-25 09:27:41,384: INFO: Login: Token and session updated for user: 101373]
[2026-03-25 09:27:47,943: INFO: chatprocess: Initializing vector store with collection]
[2026-03-25 09:27:48,060: INFO: _client: HTTP Request: POST http://10.192.5.51:8000/api/v2/tenants/default_tenant/databases/default_database/collections "HTTP/1.1 200 OK"]
[2026-03-25 09:27:48,092: INFO: _client: HTTP Request: GET http://10.192.5.51:8000/api/v2/tenants/default_tenant/databases/default_database/collections/91518b3b-a2d1-4c38-b8df-01b360936d38/count?read_level=index_and_wal "HTTP/1.1 200 OK"]
[2026-03-25 09:27:48,094: INFO: chatprocess: Connected to Chroma server - Collection 'langchain' has 3764 documents]
[2026-03-25 09:27:48,743: INFO: _client: HTTP Request: HEAD https://huggingface.co/cross-encoder/ms-marco-MiniLM-L-6-v2/resolve/main/config.json "HTTP/1.1 307 Temporary Redirect"]
[2026-03-25 09:27:49,026: INFO: _client: HTTP Request: HEAD https://huggingface.co/cross-encoder/ms-marco-MiniLM-L6-v2/resolve/main/config.json "HTTP/1.1 307 Temporary Redirect"]
[2026-03-25 09:27:49,110: INFO: _client: HTTP Request: HEAD https://huggingface.co/api/resolve-cache/models/cross-encoder/ms-marco-MiniLM-L6-v2/c5ee24cb16019beea0893ab7796b1df96625c6b8/config.json "HTTP/1.1 200 OK"]
[2026-03-25 09:27:50,280: INFO: _client: HTTP Request: HEAD https://huggingface.co/cross-encoder/ms-marco-MiniLM-L-6-v2/resolve/main/config.json "HTTP/1.1 307 Temporary Redirect"]
[2026-03-25 09:27:50,586: INFO: _client: HTTP Request: HEAD https://huggingface.co/cross-encoder/ms-marco-MiniLM-L6-v2/resolve/main/config.json "HTTP/1.1 307 Temporary Redirect"]
[2026-03-25 09:27:50,660: INFO: _client: HTTP Request: HEAD https://huggingface.co/api/resolve-cache/models/cross-encoder/ms-marco-MiniLM-L6-v2/c5ee24cb16019beea0893ab7796b1df96625c6b8/config.json "HTTP/1.1 200 OK"]
[2026-03-25 09:27:50,999: INFO: _client: HTTP Request: HEAD https://huggingface.co/cross-encoder/ms-marco-MiniLM-L-6-v2/resolve/main/tokenizer_config.json "HTTP/1.1 307 Temporary Redirect"]
[2026-03-25 09:27:51,311: INFO: _client: HTTP Request: HEAD https://huggingface.co/cross-encoder/ms-marco-MiniLM-L6-v2/resolve/main/tokenizer_config.json "HTTP/1.1 307 Temporary Redirect"]
[2026-03-25 09:27:51,383: INFO: _client: HTTP Request: HEAD https://huggingface.co/api/resolve-cache/models/cross-encoder/ms-marco-MiniLM-L6-v2/c5ee24cb16019beea0893ab7796b1df96625c6b8/tokenizer_config.json "HTTP/1.1 200 OK"]
[2026-03-25 09:27:51,708: INFO: _client: HTTP Request: GET https://huggingface.co/api/models/cross-encoder/ms-marco-MiniLM-L-6-v2/tree/main/additional_chat_templates?recursive=false&expand=false "HTTP/1.1 307 Temporary Redirect"]
[2026-03-25 09:27:52,114: INFO: _client: HTTP Request: GET https://huggingface.co/api/models/cross-encoder/ms-marco-MiniLM-L6-v2/tree/main/additional_chat_templates?recursive=false&expand=false "HTTP/1.1 404 Not Found"]
[2026-03-25 09:27:52,413: INFO: _client: HTTP Request: GET https://huggingface.co/api/models/cross-encoder/ms-marco-MiniLM-L-6-v2/tree/main?recursive=true&expand=false "HTTP/1.1 307 Temporary Redirect"]
[2026-03-25 09:27:52,737: INFO: _client: HTTP Request: GET https://huggingface.co/api/models/cross-encoder/ms-marco-MiniLM-L6-v2/tree/main?recursive=true&expand=false "HTTP/1.1 200 OK"]
[2026-03-25 09:27:53,201: INFO: _client: HTTP Request: HEAD https://huggingface.co/cross-encoder/ms-marco-MiniLM-L-6-v2/resolve/main/README.md "HTTP/1.1 307 Temporary Redirect"]
[2026-03-25 09:27:53,560: INFO: _client: HTTP Request: HEAD https://huggingface.co/cross-encoder/ms-marco-MiniLM-L6-v2/resolve/main/README.md "HTTP/1.1 307 Temporary Redirect"]
[2026-03-25 09:27:53,636: INFO: _client: HTTP Request: HEAD https://huggingface.co/api/resolve-cache/models/cross-encoder/ms-marco-MiniLM-L6-v2/c5ee24cb16019beea0893ab7796b1df96625c6b8/README.md "HTTP/1.1 200 OK"]
[2026-03-25 09:27:53,654: INFO: CrossEncoder: Use pytorch device: cpu]
[2026-03-25 09:27:53,970: INFO: _client: HTTP Request: GET https://huggingface.co/api/models/cross-encoder/ms-marco-MiniLM-L-6-v2 "HTTP/1.1 307 Temporary Redirect"]
[2026-03-25 09:27:54,380: INFO: _client: HTTP Request: GET https://huggingface.co/api/models/cross-encoder/ms-marco-MiniLM-L6-v2 "HTTP/1.1 200 OK"]
[2026-03-25 09:27:54,403: INFO: token: Entering access token validation method ]
[2026-03-25 09:27:54,484: INFO: guardrails_check: NeMo Guardrails loaded successfully.]
[2026-03-25 09:28:32,490: INFO: action_dispatcher: Initializing action dispatcher]
[2026-03-25 09:28:32,490: INFO: action_dispatcher: Added create_event to actions]
[2026-03-25 09:28:32,503: INFO: action_dispatcher: Added wolfram alpha request to actions]
[2026-03-25 09:28:32,508: INFO: action_dispatcher: Added retrieve_relevant_chunks to actions]
[2026-03-25 09:28:32,661: INFO: action_dispatcher: Added call_activefence_api to actions]
[2026-03-25 09:28:32,664: INFO: action_dispatcher: Added ai_defense_inspect to actions]
[2026-03-25 09:28:32,664: INFO: action_dispatcher: Added GetAttentionPercentageAction to actions]
[2026-03-25 09:28:32,673: INFO: action_dispatcher: Added UpdateAttentionMaterializedViewAction to actions]
[2026-03-25 09:28:32,676: INFO: action_dispatcher: Added autoalign_factcheck_output_api to actions]
[2026-03-25 09:28:32,681: INFO: action_dispatcher: Added autoalign_groundedness_output_api to actions]
[2026-03-25 09:28:32,682: INFO: action_dispatcher: Added autoalign_input_api to actions]
[2026-03-25 09:28:32,683: INFO: action_dispatcher: Added autoalign_output_api to actions]
[2026-03-25 09:28:32,724: INFO: action_dispatcher: Added ClavataCheckAction to actions]
[2026-03-25 09:28:32,724: INFO: action_dispatcher: Added call cleanlab api to actions]
[2026-03-25 09:28:32,742: INFO: action_dispatcher: Added content_safety_check_input to actions]
[2026-03-25 09:28:32,747: INFO: action_dispatcher: Added content_safety_check_output to actions]
[2026-03-25 09:28:32,747: INFO: action_dispatcher: Added detect_language to actions]
[2026-03-25 09:28:32,760: INFO: action_dispatcher: Added crowdstrike_aidr_guard to actions]
[2026-03-25 09:28:32,774: INFO: action_dispatcher: Added alignscore_check_facts to actions]
[2026-03-25 09:28:32,774: INFO: action_dispatcher: Added alignscore request to actions]
[2026-03-25 09:28:32,774: INFO: action_dispatcher: Added self_check_facts to actions]
[2026-03-25 09:28:32,789: INFO: action_dispatcher: Added call fiddler faithfulness to actions]
[2026-03-25 09:28:32,791: INFO: action_dispatcher: Added call fiddler safety on bot message to actions]
[2026-03-25 09:28:32,791: INFO: action_dispatcher: Added call fiddler safety on user message to actions]
[2026-03-25 09:28:32,799: INFO: action_dispatcher: Added call gcpnlp api to actions]
[2026-03-25 09:28:32,841: INFO: action_dispatcher: Added gliner_detect_pii to actions]
[2026-03-25 09:28:32,845: INFO: action_dispatcher: Added gliner_mask_pii to actions]
[2026-03-25 09:28:32,858: INFO: action_dispatcher: Added validate_guardrails_ai_input to actions]
[2026-03-25 09:28:32,858: INFO: action_dispatcher: Added validate_guardrails_ai_output to actions]
[2026-03-25 09:28:32,866: INFO: action_dispatcher: Added self_check_hallucination to actions]
[2026-03-25 09:28:32,877: INFO: action_dispatcher: Added injection_detection to actions]
[2026-03-25 09:28:32,904: INFO: action_dispatcher: Added jailbreak_detection_heuristics to actions]
[2026-03-25 09:28:32,904: INFO: action_dispatcher: Added jailbreak_detection_model to actions]
[2026-03-25 09:28:32,913: INFO: action_dispatcher: Added llama_guard_check_input to actions]
[2026-03-25 09:28:32,913: INFO: action_dispatcher: Added llama_guard_check_output to actions]
[2026-03-25 09:28:32,928: INFO: action_dispatcher: Added pangea_ai_guard to actions]
[2026-03-25 09:28:32,934: INFO: action_dispatcher: Added patronus_api_check_output to actions]
[2026-03-25 09:28:32,937: INFO: action_dispatcher: Added patronus_lynx_check_output_hallucination to actions]
[2026-03-25 09:28:32,941: INFO: action_dispatcher: Added call_policyai_api to actions]
[2026-03-25 09:28:32,957: INFO: action_dispatcher: Added detect_pii to actions]
[2026-03-25 09:28:32,957: INFO: action_dispatcher: Added mask_pii to actions]
[2026-03-25 09:28:32,961: INFO: action_dispatcher: Added protect_text to actions]
[2026-03-25 09:28:32,974: INFO: action_dispatcher: Added detect_regex_pattern to actions]
[2026-03-25 09:28:32,981: INFO: action_dispatcher: Added self_check_facts to actions]
[2026-03-25 09:28:32,981: INFO: action_dispatcher: Added self_check_input to actions]
[2026-03-25 09:28:32,992: INFO: action_dispatcher: Added self_check_output to actions]
[2026-03-25 09:28:32,997: INFO: action_dispatcher: Added detect_sensitive_data to actions]
[2026-03-25 09:28:32,997: INFO: action_dispatcher: Added mask_sensitive_data to actions]
[2026-03-25 09:28:33,004: INFO: action_dispatcher: Added topic_safety_check_input to actions]
[2026-03-25 09:28:33,019: INFO: action_dispatcher: Added trend_ai_guard to actions]
[2026-03-25 09:28:33,023: INFO: action_dispatcher: Added GetCurrentDateTimeAction to actions]
[2026-03-25 09:28:33,023: INFO: action_dispatcher: Registered Actions :: ['ClavataCheckAction', 'GetAttentionPercentageAction', 'GetCurrentDateTimeAction', 'UpdateAttentionMaterializedViewAction', 'ai_defense_inspect', 'alignscore request', 'alignscore_check_facts', 'autoalign_factcheck_output_api', 'autoalign_groundedness_output_api', 'autoalign_input_api', 'autoalign_output_api', 'call cleanlab api', 'call fiddler faithfulness', 'call fiddler safety on bot message', 'call fiddler safety on user message', 'call gcpnlp api', 'call_activefence_api', 'call_policyai_api', 'content_safety_check_input', 'content_safety_check_output', 'create_event', 'crowdstrike_aidr_guard', 'detect_language', 'detect_pii', 'detect_regex_pattern', 'detect_sensitive_data', 'gliner_detect_pii', 'gliner_mask_pii', 'injection_detection', 'jailbreak_detection_heuristics', 'jailbreak_detection_model', 'llama_guard_check_input', 'llama_guard_check_output', 'mask_pii', 'mask_sensitive_data', 'pangea_ai_guard', 'patronus_api_check_output', 'patronus_lynx_check_output_hallucination', 'protect_text', 'retrieve_relevant_chunks', 'self_check_facts', 'self_check_hallucination', 'self_check_input', 'self_check_output', 'topic_safety_check_input', 'trend_ai_guard', 'validate_guardrails_ai_input', 'validate_guardrails_ai_output', 'wolfram alpha request']]
[2026-03-25 09:28:33,028: INFO: action_dispatcher: Action dispatcher initialized]
[2026-03-25 09:28:33,140: WARNING: llmrails: Both an LLM was provided via constructor and a main LLM is specified in the config. The LLM provided via constructor will be used and the main LLM from config will be ignored.]
[2026-03-25 09:28:43,664: INFO: runtime: Processing event: {'type': 'UtteranceUserActionFinished', 'final_transcript': 'hi'}]
[2026-03-25 09:28:43,664: INFO: runtime: Event :: ContextUpdate {'uid': 'f4ef5859-f0e7-470b-bb5e-8b0890aadee2', 'event_created_at': '2026-03-25T03:58:43.664862+00:00', 'source_uid': 'NeMoGuardrails', 'data': {'user_message': 'hi'}}]
[2026-03-25 09:28:43,673: INFO: runtime: Event :: StartInternalSystemAction {'uid': '89493f76-ebc2-4249-b08a-85c9638a8d21', 'event_created_at': '2026-03-25T03:58:43.664862+00:00', 'source_uid': 'NeMoGuardrails', 'action_name': 'create_event', 'action_params': {'event': {'_type': 'StartInputRails'}}, 'action_result_key': None, 'action_uid': '61c9657a-e398-4827-a1f8-e4fe35cebbe9', 'is_system_action': True}]
[2026-03-25 09:28:43,674: INFO: runtime: Processing event: {'type': 'StartInternalSystemAction', 'uid': '89493f76-ebc2-4249-b08a-85c9638a8d21', 'event_created_at': '2026-03-25T03:58:43.664862+00:00', 'source_uid': 'NeMoGuardrails', 'action_name': 'create_event', 'action_params': {'event': {'_type': 'StartInputRails'}}, 'action_result_key': None, 'action_uid': '61c9657a-e398-4827-a1f8-e4fe35cebbe9', 'is_system_action': True}]
[2026-03-25 09:28:43,674: INFO: runtime: Executing action :: create_event]
[2026-03-25 09:28:43,674: INFO: action_dispatcher: Executing registered action: create_event]
[2026-03-25 09:28:43,674: INFO: runtime: Event :: InternalSystemActionFinished {'uid': '55d07602-4f92-41d1-af2b-5fdfd466dfe8', 'event_created_at': '2026-03-25T03:58:43.674262+00:00', 'source_uid': 'NeMoGuardrails', 'action_uid': '61c9657a-e398-4827-a1f8-e4fe35cebbe9', 'action_name': 'create_event', 'action_params': {'event': {'_type': 'StartInputRails'}}, 'action_result_key': None, 'status': 'success', 'is_success': True, 'return_value': None, 'events': [{'type': 'StartInputRails', 'uid': 'e998e4da-5395-4a63-98f1-07899adb91ad', 'event_created_at': '2026-03-25T03:58:43.674262+00:00', 'source_uid': 'NeMoGuardrails'}], 'is_system_action': True, 'action_finished_at': '2026-03-25T03:58:43.674262+00:00'}]
[2026-03-25 09:28:43,674: INFO: runtime: Event :: StartInputRails {'uid': 'e998e4da-5395-4a63-98f1-07899adb91ad', 'event_created_at': '2026-03-25T03:58:43.674262+00:00', 'source_uid': 'NeMoGuardrails'}]
[2026-03-25 09:28:43,674: INFO: runtime: Processing event: {'type': 'StartInputRails', 'uid': 'e998e4da-5395-4a63-98f1-07899adb91ad', 'event_created_at': '2026-03-25T03:58:43.674262+00:00', 'source_uid': 'NeMoGuardrails'}]
[2026-03-25 09:28:43,681: INFO: runtime: Event :: ContextUpdate {'uid': 'ea536904-e077-4995-9c78-a0864e062c8b', 'event_created_at': '2026-03-25T03:58:43.681667+00:00', 'source_uid': 'NeMoGuardrails', 'data': {'input_flows': ['check_dangerous_content', 'check_code_content', 'check_unrelated_content'], 'i': 0, 'triggered_input_rail': 'check_dangerous_content'}}]
[2026-03-25 09:28:43,681: INFO: runtime: Event :: StartInternalSystemAction {'uid': '5b0c879d-eb9b-4249-8652-38610de0b122', 'event_created_at': '2026-03-25T03:58:43.681667+00:00', 'source_uid': 'NeMoGuardrails', 'action_name': 'create_event', 'action_params': {'event': {'_type': 'StartInputRail', 'flow_id': '$triggered_input_rail'}}, 'action_result_key': None, 'action_uid': '352a6c2d-f9f1-4fae-a261-d3a021536866', 'is_system_action': True}]
[2026-03-25 09:28:43,681: INFO: runtime: Processing event: {'type': 'StartInternalSystemAction', 'uid': '5b0c879d-eb9b-4249-8652-38610de0b122', 'event_created_at': '2026-03-25T03:58:43.681667+00:00', 'source_uid': 'NeMoGuardrails', 'action_name': 'create_event', 'action_params': {'event': {'_type': 'StartInputRail', 'flow_id': '$triggered_input_rail'}}, 'action_result_key': None, 'action_uid': '352a6c2d-f9f1-4fae-a261-d3a021536866', 'is_system_action': True}]
[2026-03-25 09:28:43,681: INFO: runtime: Executing action :: create_event]
[2026-03-25 09:28:43,681: INFO: action_dispatcher: Executing registered action: create_event]
[2026-03-25 09:28:43,681: INFO: runtime: Event :: InternalSystemActionFinished {'uid': 'ac497a56-b896-4d99-86d9-0375e50ed874', 'event_created_at': '2026-03-25T03:58:43.681667+00:00', 'source_uid': 'NeMoGuardrails', 'action_uid': '352a6c2d-f9f1-4fae-a261-d3a021536866', 'action_name': 'create_event', 'action_params': {'event': {'_type': 'StartInputRail', 'flow_id': '$triggered_input_rail'}}, 'action_result_key': None, 'status': 'success', 'is_success': True, 'return_value': None, 'events': [{'type': 'StartInputRail', 'uid': 'f333c20a-a802-4d6c-be79-30ceeb742753', 'event_created_at': '2026-03-25T03:58:43.681667+00:00', 'source_uid': 'NeMoGuardrails', 'flow_id': 'check_dangerous_content'}], 'is_system_action': True, 'action_finished_at': '2026-03-25T03:58:43.681667+00:00'}]
[2026-03-25 09:28:43,681: INFO: runtime: Event :: StartInputRail {'uid': 'f333c20a-a802-4d6c-be79-30ceeb742753', 'event_created_at': '2026-03-25T03:58:43.681667+00:00', 'source_uid': 'NeMoGuardrails', 'flow_id': 'check_dangerous_content'}]
[2026-03-25 09:28:43,690: INFO: runtime: Processing event: {'type': 'StartInputRail', 'uid': 'f333c20a-a802-4d6c-be79-30ceeb742753', 'event_created_at': '2026-03-25T03:58:43.681667+00:00', 'source_uid': 'NeMoGuardrails', 'flow_id': 'check_dangerous_content'}]
[2026-03-25 09:28:43,690: INFO: runtime: Event :: Listen {'uid': 'cf3989cd-ac4c-445b-b437-6ef22b5d08e5', 'event_created_at': '2026-03-25T03:58:43.690344+00:00', 'source_uid': 'NeMoGuardrails'}]
[2026-03-25 09:28:43,690: INFO: llmrails: --- :: Total processing took 0.03 seconds. Stats: 0 total calls, 0 total time, 0 total tokens, 0 total prompt tokens, 0 total completion tokens, [] as latencies]
[2026-03-25 09:32:59,336: INFO: utils: NumExpr defaulting to 8 threads.]
[2026-03-25 09:33:07,526: INFO: common: yaml file: config\config.yaml loaded successfully]
[2026-03-25 09:33:08,426: INFO: _client: HTTP Request: GET http://10.192.5.51:8000/api/v2/auth/identity "HTTP/1.1 200 OK"]
[2026-03-25 09:33:08,502: INFO: _client: HTTP Request: GET http://10.192.5.51:8000/api/v2/tenants/default_tenant "HTTP/1.1 200 OK"]
[2026-03-25 09:33:08,576: INFO: _client: HTTP Request: GET http://10.192.5.51:8000/api/v2/tenants/default_tenant/databases/default_database "HTTP/1.1 200 OK"]
[2026-03-25 09:33:13,275: INFO: gcp: Attempt 1: GCP default credentials loaded and project 'macomai-441611' obtained.]
[2026-03-25 09:33:16,881: INFO: Login: Entering the login process function]
[2026-03-25 09:33:17,499: INFO: Login: Token and session updated for user: 101373]
[2026-03-25 09:33:21,840: INFO: chatprocess: Initializing vector store with collection]
[2026-03-25 09:33:21,925: INFO: _client: HTTP Request: POST http://10.192.5.51:8000/api/v2/tenants/default_tenant/databases/default_database/collections "HTTP/1.1 200 OK"]
[2026-03-25 09:33:21,981: INFO: _client: HTTP Request: GET http://10.192.5.51:8000/api/v2/tenants/default_tenant/databases/default_database/collections/91518b3b-a2d1-4c38-b8df-01b360936d38/count?read_level=index_and_wal "HTTP/1.1 200 OK"]
[2026-03-25 09:33:21,981: INFO: chatprocess: Connected to Chroma server - Collection 'langchain' has 3764 documents]
[2026-03-25 09:33:22,585: INFO: _client: HTTP Request: HEAD https://huggingface.co/cross-encoder/ms-marco-MiniLM-L-6-v2/resolve/main/config.json "HTTP/1.1 307 Temporary Redirect"]
[2026-03-25 09:33:22,990: INFO: _client: HTTP Request: HEAD https://huggingface.co/cross-encoder/ms-marco-MiniLM-L6-v2/resolve/main/config.json "HTTP/1.1 307 Temporary Redirect"]
[2026-03-25 09:33:23,074: INFO: _client: HTTP Request: HEAD https://huggingface.co/api/resolve-cache/models/cross-encoder/ms-marco-MiniLM-L6-v2/c5ee24cb16019beea0893ab7796b1df96625c6b8/config.json "HTTP/1.1 200 OK"]
[2026-03-25 09:33:24,636: INFO: _client: HTTP Request: HEAD https://huggingface.co/cross-encoder/ms-marco-MiniLM-L-6-v2/resolve/main/config.json "HTTP/1.1 307 Temporary Redirect"]
[2026-03-25 09:33:25,038: INFO: _client: HTTP Request: HEAD https://huggingface.co/cross-encoder/ms-marco-MiniLM-L6-v2/resolve/main/config.json "HTTP/1.1 307 Temporary Redirect"]
[2026-03-25 09:33:25,158: INFO: _client: HTTP Request: HEAD https://huggingface.co/api/resolve-cache/models/cross-encoder/ms-marco-MiniLM-L6-v2/c5ee24cb16019beea0893ab7796b1df96625c6b8/config.json "HTTP/1.1 200 OK"]
[2026-03-25 09:33:25,494: INFO: _client: HTTP Request: HEAD https://huggingface.co/cross-encoder/ms-marco-MiniLM-L-6-v2/resolve/main/tokenizer_config.json "HTTP/1.1 307 Temporary Redirect"]
[2026-03-25 09:33:25,856: INFO: _client: HTTP Request: HEAD https://huggingface.co/cross-encoder/ms-marco-MiniLM-L6-v2/resolve/main/tokenizer_config.json "HTTP/1.1 307 Temporary Redirect"]
[2026-03-25 09:33:25,943: INFO: _client: HTTP Request: HEAD https://huggingface.co/api/resolve-cache/models/cross-encoder/ms-marco-MiniLM-L6-v2/c5ee24cb16019beea0893ab7796b1df96625c6b8/tokenizer_config.json "HTTP/1.1 200 OK"]
[2026-03-25 09:33:26,378: INFO: _client: HTTP Request: GET https://huggingface.co/api/models/cross-encoder/ms-marco-MiniLM-L-6-v2/tree/main/additional_chat_templates?recursive=false&expand=false "HTTP/1.1 307 Temporary Redirect"]
[2026-03-25 09:33:26,789: INFO: _client: HTTP Request: GET https://huggingface.co/api/models/cross-encoder/ms-marco-MiniLM-L6-v2/tree/main/additional_chat_templates?recursive=false&expand=false "HTTP/1.1 404 Not Found"]
[2026-03-25 09:33:27,187: INFO: _client: HTTP Request: GET https://huggingface.co/api/models/cross-encoder/ms-marco-MiniLM-L-6-v2/tree/main?recursive=true&expand=false "HTTP/1.1 307 Temporary Redirect"]
[2026-03-25 09:33:27,505: INFO: _client: HTTP Request: GET https://huggingface.co/api/models/cross-encoder/ms-marco-MiniLM-L6-v2/tree/main?recursive=true&expand=false "HTTP/1.1 200 OK"]
[2026-03-25 09:33:27,951: INFO: _client: HTTP Request: HEAD https://huggingface.co/cross-encoder/ms-marco-MiniLM-L-6-v2/resolve/main/README.md "HTTP/1.1 307 Temporary Redirect"]
[2026-03-25 09:33:28,321: INFO: _client: HTTP Request: HEAD https://huggingface.co/cross-encoder/ms-marco-MiniLM-L6-v2/resolve/main/README.md "HTTP/1.1 307 Temporary Redirect"]
[2026-03-25 09:33:28,394: INFO: _client: HTTP Request: HEAD https://huggingface.co/api/resolve-cache/models/cross-encoder/ms-marco-MiniLM-L6-v2/c5ee24cb16019beea0893ab7796b1df96625c6b8/README.md "HTTP/1.1 200 OK"]
[2026-03-25 09:33:28,401: INFO: CrossEncoder: Use pytorch device: cpu]
[2026-03-25 09:33:28,715: INFO: _client: HTTP Request: GET https://huggingface.co/api/models/cross-encoder/ms-marco-MiniLM-L-6-v2 "HTTP/1.1 307 Temporary Redirect"]
[2026-03-25 09:33:29,019: INFO: _client: HTTP Request: GET https://huggingface.co/api/models/cross-encoder/ms-marco-MiniLM-L6-v2 "HTTP/1.1 200 OK"]
[2026-03-25 09:33:29,040: INFO: token: Entering access token validation method ]
[2026-03-25 09:33:29,092: INFO: guardrails_check: NeMo Guardrails loaded successfully.]
[2026-03-25 09:33:33,292: INFO: action_dispatcher: Initializing action dispatcher]
[2026-03-25 09:33:33,292: INFO: action_dispatcher: Added create_event to actions]
[2026-03-25 09:33:33,303: INFO: action_dispatcher: Added wolfram alpha request to actions]
[2026-03-25 09:33:33,306: INFO: action_dispatcher: Added retrieve_relevant_chunks to actions]
[2026-03-25 09:33:33,436: INFO: action_dispatcher: Added call_activefence_api to actions]
[2026-03-25 09:33:33,436: INFO: action_dispatcher: Added ai_defense_inspect to actions]
[2026-03-25 09:33:33,436: INFO: action_dispatcher: Added GetAttentionPercentageAction to actions]
[2026-03-25 09:33:33,436: INFO: action_dispatcher: Added UpdateAttentionMaterializedViewAction to actions]
[2026-03-25 09:33:33,444: INFO: action_dispatcher: Added autoalign_factcheck_output_api to actions]
[2026-03-25 09:33:33,447: INFO: action_dispatcher: Added autoalign_groundedness_output_api to actions]
[2026-03-25 09:33:33,447: INFO: action_dispatcher: Added autoalign_input_api to actions]
[2026-03-25 09:33:33,448: INFO: action_dispatcher: Added autoalign_output_api to actions]
[2026-03-25 09:33:33,471: INFO: action_dispatcher: Added ClavataCheckAction to actions]
[2026-03-25 09:33:33,476: INFO: action_dispatcher: Added call cleanlab api to actions]
[2026-03-25 09:33:33,484: INFO: action_dispatcher: Added content_safety_check_input to actions]
[2026-03-25 09:33:33,484: INFO: action_dispatcher: Added content_safety_check_output to actions]
[2026-03-25 09:33:33,484: INFO: action_dispatcher: Added detect_language to actions]
[2026-03-25 09:33:33,492: INFO: action_dispatcher: Added crowdstrike_aidr_guard to actions]
[2026-03-25 09:33:33,507: INFO: action_dispatcher: Added alignscore_check_facts to actions]
[2026-03-25 09:33:33,507: INFO: action_dispatcher: Added alignscore request to actions]
[2026-03-25 09:33:33,507: INFO: action_dispatcher: Added self_check_facts to actions]
[2026-03-25 09:33:33,514: INFO: action_dispatcher: Added call fiddler faithfulness to actions]
[2026-03-25 09:33:33,514: INFO: action_dispatcher: Added call fiddler safety on bot message to actions]
[2026-03-25 09:33:33,514: INFO: action_dispatcher: Added call fiddler safety on user message to actions]
[2026-03-25 09:33:33,518: INFO: action_dispatcher: Added call gcpnlp api to actions]
[2026-03-25 09:33:33,559: INFO: action_dispatcher: Added gliner_detect_pii to actions]
[2026-03-25 09:33:33,559: INFO: action_dispatcher: Added gliner_mask_pii to actions]
[2026-03-25 09:33:33,571: INFO: action_dispatcher: Added validate_guardrails_ai_input to actions]
[2026-03-25 09:33:33,571: INFO: action_dispatcher: Added validate_guardrails_ai_output to actions]
[2026-03-25 09:33:33,578: INFO: action_dispatcher: Added self_check_hallucination to actions]
[2026-03-25 09:33:33,591: INFO: action_dispatcher: Added injection_detection to actions]
[2026-03-25 09:33:33,611: INFO: action_dispatcher: Added jailbreak_detection_heuristics to actions]
[2026-03-25 09:33:33,611: INFO: action_dispatcher: Added jailbreak_detection_model to actions]
[2026-03-25 09:33:33,617: INFO: action_dispatcher: Added llama_guard_check_input to actions]
[2026-03-25 09:33:33,617: INFO: action_dispatcher: Added llama_guard_check_output to actions]
[2026-03-25 09:33:33,651: INFO: action_dispatcher: Added pangea_ai_guard to actions]
[2026-03-25 09:33:33,654: INFO: action_dispatcher: Added patronus_api_check_output to actions]
[2026-03-25 09:33:33,657: INFO: action_dispatcher: Added patronus_lynx_check_output_hallucination to actions]
[2026-03-25 09:33:33,660: INFO: action_dispatcher: Added call_policyai_api to actions]
[2026-03-25 09:33:33,671: INFO: action_dispatcher: Added detect_pii to actions]
[2026-03-25 09:33:33,675: INFO: action_dispatcher: Added mask_pii to actions]
[2026-03-25 09:33:33,683: INFO: action_dispatcher: Added protect_text to actions]
[2026-03-25 09:33:33,693: INFO: action_dispatcher: Added detect_regex_pattern to actions]
[2026-03-25 09:33:33,693: INFO: action_dispatcher: Added self_check_facts to actions]
[2026-03-25 09:33:33,693: INFO: action_dispatcher: Added self_check_input to actions]
[2026-03-25 09:33:33,710: INFO: action_dispatcher: Added self_check_output to actions]
[2026-03-25 09:33:33,717: INFO: action_dispatcher: Added detect_sensitive_data to actions]
[2026-03-25 09:33:33,717: INFO: action_dispatcher: Added mask_sensitive_data to actions]
[2026-03-25 09:33:33,729: INFO: action_dispatcher: Added topic_safety_check_input to actions]
[2026-03-25 09:33:33,745: INFO: action_dispatcher: Added trend_ai_guard to actions]
[2026-03-25 09:33:33,745: INFO: action_dispatcher: Added GetCurrentDateTimeAction to actions]
[2026-03-25 09:33:33,754: INFO: action_dispatcher: Registered Actions :: ['ClavataCheckAction', 'GetAttentionPercentageAction', 'GetCurrentDateTimeAction', 'UpdateAttentionMaterializedViewAction', 'ai_defense_inspect', 'alignscore request', 'alignscore_check_facts', 'autoalign_factcheck_output_api', 'autoalign_groundedness_output_api', 'autoalign_input_api', 'autoalign_output_api', 'call cleanlab api', 'call fiddler faithfulness', 'call fiddler safety on bot message', 'call fiddler safety on user message', 'call gcpnlp api', 'call_activefence_api', 'call_policyai_api', 'content_safety_check_input', 'content_safety_check_output', 'create_event', 'crowdstrike_aidr_guard', 'detect_language', 'detect_pii', 'detect_regex_pattern', 'detect_sensitive_data', 'gliner_detect_pii', 'gliner_mask_pii', 'injection_detection', 'jailbreak_detection_heuristics', 'jailbreak_detection_model', 'llama_guard_check_input', 'llama_guard_check_output', 'mask_pii', 'mask_sensitive_data', 'pangea_ai_guard', 'patronus_api_check_output', 'patronus_lynx_check_output_hallucination', 'protect_text', 'retrieve_relevant_chunks', 'self_check_facts', 'self_check_hallucination', 'self_check_input', 'self_check_output', 'topic_safety_check_input', 'trend_ai_guard', 'validate_guardrails_ai_input', 'validate_guardrails_ai_output', 'wolfram alpha request']]
[2026-03-25 09:33:33,754: INFO: action_dispatcher: Action dispatcher initialized]
[2026-03-25 09:33:33,839: WARNING: llmrails: Both an LLM was provided via constructor and a main LLM is specified in the config. The LLM provided via constructor will be used and the main LLM from config will be ignored.]
[2026-03-25 09:33:45,568: INFO: runtime: Processing event: {'type': 'UtteranceUserActionFinished', 'final_transcript': 'hi'}]
[2026-03-25 09:33:45,576: INFO: runtime: Event :: ContextUpdate {'uid': '9c00cbcd-8d30-4908-9230-337b9a94cd66', 'event_created_at': '2026-03-25T04:03:45.573173+00:00', 'source_uid': 'NeMoGuardrails', 'data': {'user_message': 'hi'}}]
[2026-03-25 09:33:45,576: INFO: runtime: Event :: StartInternalSystemAction {'uid': 'e51a7a88-12b8-46b5-a44b-a28d06daf10f', 'event_created_at': '2026-03-25T04:03:45.575175+00:00', 'source_uid': 'NeMoGuardrails', 'action_name': 'create_event', 'action_params': {'event': {'_type': 'StartInputRails'}}, 'action_result_key': None, 'action_uid': 'b492aa78-4966-4ae1-8d1d-03c689f1148b', 'is_system_action': True}]
[2026-03-25 09:33:45,579: INFO: runtime: Processing event: {'type': 'StartInternalSystemAction', 'uid': 'e51a7a88-12b8-46b5-a44b-a28d06daf10f', 'event_created_at': '2026-03-25T04:03:45.575175+00:00', 'source_uid': 'NeMoGuardrails', 'action_name': 'create_event', 'action_params': {'event': {'_type': 'StartInputRails'}}, 'action_result_key': None, 'action_uid': 'b492aa78-4966-4ae1-8d1d-03c689f1148b', 'is_system_action': True}]
[2026-03-25 09:33:45,579: INFO: runtime: Executing action :: create_event]
[2026-03-25 09:33:45,579: INFO: action_dispatcher: Executing registered action: create_event]
[2026-03-25 09:33:45,583: INFO: runtime: Event :: InternalSystemActionFinished {'uid': '7a5c5702-dc1a-46f7-8314-3ffa55c3d3b3', 'event_created_at': '2026-03-25T04:03:45.583447+00:00', 'source_uid': 'NeMoGuardrails', 'action_uid': 'b492aa78-4966-4ae1-8d1d-03c689f1148b', 'action_name': 'create_event', 'action_params': {'event': {'_type': 'StartInputRails'}}, 'action_result_key': None, 'status': 'success', 'is_success': True, 'return_value': None, 'events': [{'type': 'StartInputRails', 'uid': 'f0861b23-097c-4a63-bfd3-168df8fe14cb', 'event_created_at': '2026-03-25T04:03:45.583447+00:00', 'source_uid': 'NeMoGuardrails'}], 'is_system_action': True, 'action_finished_at': '2026-03-25T04:03:45.583447+00:00'}]
[2026-03-25 09:33:45,583: INFO: runtime: Event :: StartInputRails {'uid': 'f0861b23-097c-4a63-bfd3-168df8fe14cb', 'event_created_at': '2026-03-25T04:03:45.583447+00:00', 'source_uid': 'NeMoGuardrails'}]
[2026-03-25 09:33:45,586: INFO: runtime: Processing event: {'type': 'StartInputRails', 'uid': 'f0861b23-097c-4a63-bfd3-168df8fe14cb', 'event_created_at': '2026-03-25T04:03:45.583447+00:00', 'source_uid': 'NeMoGuardrails'}]
[2026-03-25 09:33:45,588: INFO: runtime: Event :: ContextUpdate {'uid': '82c5352d-596e-40ff-a40f-9f5736b78943', 'event_created_at': '2026-03-25T04:03:45.588055+00:00', 'source_uid': 'NeMoGuardrails', 'data': {'input_flows': ['greeting', 'check_dangerous_content', 'check_code_content', 'check_unrelated_content'], 'i': 0, 'triggered_input_rail': 'greeting'}}]
[2026-03-25 09:33:45,591: INFO: runtime: Event :: StartInternalSystemAction {'uid': '99b28b7a-b361-4f40-bb07-b924701010c9', 'event_created_at': '2026-03-25T04:03:45.588055+00:00', 'source_uid': 'NeMoGuardrails', 'action_name': 'create_event', 'action_params': {'event': {'_type': 'StartInputRail', 'flow_id': '$triggered_input_rail'}}, 'action_result_key': None, 'action_uid': 'd187d0b0-e7e5-43c8-b1e7-e01d0358a4ae', 'is_system_action': True}]
[2026-03-25 09:33:45,591: INFO: runtime: Processing event: {'type': 'StartInternalSystemAction', 'uid': '99b28b7a-b361-4f40-bb07-b924701010c9', 'event_created_at': '2026-03-25T04:03:45.588055+00:00', 'source_uid': 'NeMoGuardrails', 'action_name': 'create_event', 'action_params': {'event': {'_type': 'StartInputRail', 'flow_id': '$triggered_input_rail'}}, 'action_result_key': None, 'action_uid': 'd187d0b0-e7e5-43c8-b1e7-e01d0358a4ae', 'is_system_action': True}]
[2026-03-25 09:33:45,594: INFO: runtime: Executing action :: create_event]
[2026-03-25 09:33:45,596: INFO: action_dispatcher: Executing registered action: create_event]
[2026-03-25 09:33:45,598: INFO: runtime: Event :: InternalSystemActionFinished {'uid': 'a7c39fbe-ee70-4adc-a837-5ebe9eaa758f', 'event_created_at': '2026-03-25T04:03:45.596982+00:00', 'source_uid': 'NeMoGuardrails', 'action_uid': 'd187d0b0-e7e5-43c8-b1e7-e01d0358a4ae', 'action_name': 'create_event', 'action_params': {'event': {'_type': 'StartInputRail', 'flow_id': '$triggered_input_rail'}}, 'action_result_key': None, 'status': 'success', 'is_success': True, 'return_value': None, 'events': [{'type': 'StartInputRail', 'uid': '8ec58521-98cd-493b-afb9-83dfca3547a1', 'event_created_at': '2026-03-25T04:03:45.596982+00:00', 'source_uid': 'NeMoGuardrails', 'flow_id': 'greeting'}], 'is_system_action': True, 'action_finished_at': '2026-03-25T04:03:45.596982+00:00'}]
[2026-03-25 09:33:45,598: INFO: runtime: Event :: StartInputRail {'uid': '8ec58521-98cd-493b-afb9-83dfca3547a1', 'event_created_at': '2026-03-25T04:03:45.596982+00:00', 'source_uid': 'NeMoGuardrails', 'flow_id': 'greeting'}]
[2026-03-25 09:33:45,599: INFO: runtime: Processing event: {'type': 'StartInputRail', 'uid': '8ec58521-98cd-493b-afb9-83dfca3547a1', 'event_created_at': '2026-03-25T04:03:45.596982+00:00', 'source_uid': 'NeMoGuardrails', 'flow_id': 'greeting'}]
[2026-03-25 09:33:45,602: INFO: runtime: Event :: Listen {'uid': 'ce6b3cc6-0a5f-467e-a702-c6bac9ddb980', 'event_created_at': '2026-03-25T04:03:45.602704+00:00', 'source_uid': 'NeMoGuardrails'}]
[2026-03-25 09:33:45,602: INFO: llmrails: --- :: Total processing took 0.03 seconds. Stats: 0 total calls, 0 total time, 0 total tokens, 0 total prompt tokens, 0 total completion tokens, [] as latencies]
[2026-03-25 09:34:21,040: INFO: guardrails_check: Guardrails bot reply: '']
[2026-03-25 09:34:26,746: INFO: models: AFC is enabled with max remote calls: 10.]
[2026-03-25 09:34:28,964: INFO: _client: HTTP Request: POST https://aiplatform.googleapis.com/v1beta1/projects/macomai-441611/locations/global/publishers/google/models/gemini-2.5-flash:generateContent "HTTP/1.1 200 OK"]
[2026-03-25 09:34:41,341: INFO: _client: HTTP Request: POST https://aiplatform.googleapis.com/v1beta1/projects/macomai-441611/locations/global/publishers/google/models/text-embedding-004:predict "HTTP/1.1 200 OK"]
[2026-03-25 09:34:41,402: INFO: _client: HTTP Request: POST http://10.192.5.51:8000/api/v2/tenants/default_tenant/databases/default_database/collections/91518b3b-a2d1-4c38-b8df-01b360936d38/query "HTTP/1.1 200 OK"]
[2026-03-25 09:34:42,479: INFO: chatprocess: Formatting 5 documents]
[2026-03-25 09:34:42,492: INFO: models: AFC is enabled with max remote calls: 10.]
[2026-03-25 09:34:44,498: INFO: _client: HTTP Request: POST https://aiplatform.googleapis.com/v1beta1/projects/macomai-441611/locations/global/publishers/google/models/gemini-2.5-flash:generateContent "HTTP/1.1 200 OK"]
[2026-03-25 09:48:16,434: INFO: utils: NumExpr defaulting to 8 threads.]
[2026-03-25 09:48:34,010: INFO: common: yaml file: config\config.yaml loaded successfully]
[2026-03-25 09:48:34,710: INFO: _client: HTTP Request: GET http://10.192.5.51:8000/api/v2/auth/identity "HTTP/1.1 200 OK"]
[2026-03-25 09:48:34,793: INFO: _client: HTTP Request: GET http://10.192.5.51:8000/api/v2/tenants/default_tenant "HTTP/1.1 200 OK"]
[2026-03-25 09:48:34,810: INFO: _client: HTTP Request: GET http://10.192.5.51:8000/api/v2/tenants/default_tenant/databases/default_database "HTTP/1.1 200 OK"]
[2026-03-25 09:48:39,922: INFO: gcp: Attempt 1: GCP default credentials loaded and project 'macomai-441611' obtained.]
[2026-03-25 09:48:43,301: INFO: Login: Entering the login process function]
[2026-03-25 09:48:44,022: INFO: Login: Token and session updated for user: 101373]
[2026-03-25 09:48:47,845: INFO: chatprocess: Initializing vector store with collection]
[2026-03-25 09:48:47,961: INFO: _client: HTTP Request: POST http://10.192.5.51:8000/api/v2/tenants/default_tenant/databases/default_database/collections "HTTP/1.1 200 OK"]
[2026-03-25 09:48:47,995: INFO: _client: HTTP Request: GET http://10.192.5.51:8000/api/v2/tenants/default_tenant/databases/default_database/collections/91518b3b-a2d1-4c38-b8df-01b360936d38/count?read_level=index_and_wal "HTTP/1.1 200 OK"]
[2026-03-25 09:48:48,000: INFO: chatprocess: Connected to Chroma server - Collection 'langchain' has 3764 documents]
[2026-03-25 09:48:48,594: INFO: _client: HTTP Request: HEAD https://huggingface.co/cross-encoder/ms-marco-MiniLM-L-6-v2/resolve/main/config.json "HTTP/1.1 307 Temporary Redirect"]
[2026-03-25 09:48:48,910: INFO: _client: HTTP Request: HEAD https://huggingface.co/cross-encoder/ms-marco-MiniLM-L6-v2/resolve/main/config.json "HTTP/1.1 307 Temporary Redirect"]
[2026-03-25 09:48:48,910: WARNING: _http: Warning: You are sending unauthenticated requests to the HF Hub. Please set a HF_TOKEN to enable higher rate limits and faster downloads.]
[2026-03-25 09:48:48,977: INFO: _client: HTTP Request: HEAD https://huggingface.co/api/resolve-cache/models/cross-encoder/ms-marco-MiniLM-L6-v2/c5ee24cb16019beea0893ab7796b1df96625c6b8/config.json "HTTP/1.1 200 OK"]
[2026-03-25 09:48:50,426: INFO: _client: HTTP Request: HEAD https://huggingface.co/cross-encoder/ms-marco-MiniLM-L-6-v2/resolve/main/config.json "HTTP/1.1 307 Temporary Redirect"]
[2026-03-25 09:48:50,679: INFO: _client: HTTP Request: HEAD https://huggingface.co/cross-encoder/ms-marco-MiniLM-L6-v2/resolve/main/config.json "HTTP/1.1 307 Temporary Redirect"]
[2026-03-25 09:48:50,717: INFO: _client: HTTP Request: HEAD https://huggingface.co/api/resolve-cache/models/cross-encoder/ms-marco-MiniLM-L6-v2/c5ee24cb16019beea0893ab7796b1df96625c6b8/config.json "HTTP/1.1 200 OK"]
[2026-03-25 09:48:51,064: INFO: _client: HTTP Request: HEAD https://huggingface.co/cross-encoder/ms-marco-MiniLM-L-6-v2/resolve/main/tokenizer_config.json "HTTP/1.1 307 Temporary Redirect"]
[2026-03-25 09:48:51,376: INFO: _client: HTTP Request: HEAD https://huggingface.co/cross-encoder/ms-marco-MiniLM-L6-v2/resolve/main/tokenizer_config.json "HTTP/1.1 307 Temporary Redirect"]
[2026-03-25 09:48:51,412: INFO: _client: HTTP Request: HEAD https://huggingface.co/api/resolve-cache/models/cross-encoder/ms-marco-MiniLM-L6-v2/c5ee24cb16019beea0893ab7796b1df96625c6b8/tokenizer_config.json "HTTP/1.1 200 OK"]
[2026-03-25 09:48:51,781: INFO: _client: HTTP Request: GET https://huggingface.co/api/models/cross-encoder/ms-marco-MiniLM-L-6-v2/tree/main/additional_chat_templates?recursive=false&expand=false "HTTP/1.1 307 Temporary Redirect"]
[2026-03-25 09:48:52,083: INFO: _client: HTTP Request: GET https://huggingface.co/api/models/cross-encoder/ms-marco-MiniLM-L6-v2/tree/main/additional_chat_templates?recursive=false&expand=false "HTTP/1.1 404 Not Found"]
[2026-03-25 09:48:52,391: INFO: _client: HTTP Request: GET https://huggingface.co/api/models/cross-encoder/ms-marco-MiniLM-L-6-v2/tree/main?recursive=true&expand=false "HTTP/1.1 307 Temporary Redirect"]
[2026-03-25 09:48:52,699: INFO: _client: HTTP Request: GET https://huggingface.co/api/models/cross-encoder/ms-marco-MiniLM-L6-v2/tree/main?recursive=true&expand=false "HTTP/1.1 200 OK"]
[2026-03-25 09:48:53,108: INFO: _client: HTTP Request: HEAD https://huggingface.co/cross-encoder/ms-marco-MiniLM-L-6-v2/resolve/main/README.md "HTTP/1.1 307 Temporary Redirect"]
[2026-03-25 09:48:53,422: INFO: _client: HTTP Request: HEAD https://huggingface.co/cross-encoder/ms-marco-MiniLM-L6-v2/resolve/main/README.md "HTTP/1.1 307 Temporary Redirect"]
[2026-03-25 09:48:53,462: INFO: _client: HTTP Request: HEAD https://huggingface.co/api/resolve-cache/models/cross-encoder/ms-marco-MiniLM-L6-v2/c5ee24cb16019beea0893ab7796b1df96625c6b8/README.md "HTTP/1.1 200 OK"]
[2026-03-25 09:48:53,466: INFO: CrossEncoder: Use pytorch device: cpu]
[2026-03-25 09:48:53,820: INFO: _client: HTTP Request: GET https://huggingface.co/api/models/cross-encoder/ms-marco-MiniLM-L-6-v2 "HTTP/1.1 307 Temporary Redirect"]
[2026-03-25 09:48:54,133: INFO: _client: HTTP Request: GET https://huggingface.co/api/models/cross-encoder/ms-marco-MiniLM-L6-v2 "HTTP/1.1 200 OK"]
[2026-03-25 09:48:54,150: INFO: token: Entering access token validation method ]
[2026-03-25 09:48:54,217: INFO: guardrails_check: NeMo Guardrails loaded successfully.]
[2026-03-25 09:49:27,892: INFO: action_dispatcher: Initializing action dispatcher]
[2026-03-25 09:49:27,900: INFO: action_dispatcher: Added create_event to actions]
[2026-03-25 09:49:27,900: INFO: action_dispatcher: Added wolfram alpha request to actions]
[2026-03-25 09:49:27,900: INFO: action_dispatcher: Added retrieve_relevant_chunks to actions]
[2026-03-25 09:49:28,040: INFO: action_dispatcher: Added call_activefence_api to actions]
[2026-03-25 09:49:28,045: INFO: action_dispatcher: Added ai_defense_inspect to actions]
[2026-03-25 09:49:28,051: INFO: action_dispatcher: Added GetAttentionPercentageAction to actions]
[2026-03-25 09:49:28,051: INFO: action_dispatcher: Added UpdateAttentionMaterializedViewAction to actions]
[2026-03-25 09:49:28,061: INFO: action_dispatcher: Added autoalign_factcheck_output_api to actions]
[2026-03-25 09:49:28,062: INFO: action_dispatcher: Added autoalign_groundedness_output_api to actions]
[2026-03-25 09:49:28,062: INFO: action_dispatcher: Added autoalign_input_api to actions]
[2026-03-25 09:49:28,062: INFO: action_dispatcher: Added autoalign_output_api to actions]
[2026-03-25 09:49:28,094: INFO: action_dispatcher: Added ClavataCheckAction to actions]
[2026-03-25 09:49:28,109: INFO: action_dispatcher: Added call cleanlab api to actions]
[2026-03-25 09:49:28,113: INFO: action_dispatcher: Added content_safety_check_input to actions]
[2026-03-25 09:49:28,113: INFO: action_dispatcher: Added content_safety_check_output to actions]
[2026-03-25 09:49:28,113: INFO: action_dispatcher: Added detect_language to actions]
[2026-03-25 09:49:28,127: INFO: action_dispatcher: Added crowdstrike_aidr_guard to actions]
[2026-03-25 09:49:28,153: INFO: action_dispatcher: Added alignscore_check_facts to actions]
[2026-03-25 09:49:28,153: INFO: action_dispatcher: Added alignscore request to actions]
[2026-03-25 09:49:28,154: INFO: action_dispatcher: Added self_check_facts to actions]
[2026-03-25 09:49:28,154: INFO: action_dispatcher: Added call fiddler faithfulness to actions]
[2026-03-25 09:49:28,161: INFO: action_dispatcher: Added call fiddler safety on bot message to actions]
[2026-03-25 09:49:28,162: INFO: action_dispatcher: Added call fiddler safety on user message to actions]
[2026-03-25 09:49:28,163: INFO: action_dispatcher: Added call gcpnlp api to actions]
[2026-03-25 09:49:28,203: INFO: action_dispatcher: Added gliner_detect_pii to actions]
[2026-03-25 09:49:28,207: INFO: action_dispatcher: Added gliner_mask_pii to actions]
[2026-03-25 09:49:28,223: INFO: action_dispatcher: Added validate_guardrails_ai_input to actions]
[2026-03-25 09:49:28,223: INFO: action_dispatcher: Added validate_guardrails_ai_output to actions]
[2026-03-25 09:49:28,228: INFO: action_dispatcher: Added self_check_hallucination to actions]
[2026-03-25 09:49:28,240: INFO: action_dispatcher: Added injection_detection to actions]
[2026-03-25 09:49:28,262: INFO: action_dispatcher: Added jailbreak_detection_heuristics to actions]
[2026-03-25 09:49:28,262: INFO: action_dispatcher: Added jailbreak_detection_model to actions]
[2026-03-25 09:49:28,262: INFO: action_dispatcher: Added llama_guard_check_input to actions]
[2026-03-25 09:49:28,270: INFO: action_dispatcher: Added llama_guard_check_output to actions]
[2026-03-25 09:49:28,277: INFO: action_dispatcher: Added pangea_ai_guard to actions]
[2026-03-25 09:49:28,290: INFO: action_dispatcher: Added patronus_api_check_output to actions]
[2026-03-25 09:49:28,290: INFO: action_dispatcher: Added patronus_lynx_check_output_hallucination to actions]
[2026-03-25 09:49:28,295: INFO: action_dispatcher: Added call_policyai_api to actions]
[2026-03-25 09:49:28,298: INFO: action_dispatcher: Added detect_pii to actions]
[2026-03-25 09:49:28,298: INFO: action_dispatcher: Added mask_pii to actions]
[2026-03-25 09:49:28,311: INFO: action_dispatcher: Added protect_text to actions]
[2026-03-25 09:49:28,315: INFO: action_dispatcher: Added detect_regex_pattern to actions]
[2026-03-25 09:49:28,324: INFO: action_dispatcher: Added self_check_facts to actions]
[2026-03-25 09:49:28,333: INFO: action_dispatcher: Added self_check_input to actions]
[2026-03-25 09:49:28,333: INFO: action_dispatcher: Added self_check_output to actions]
[2026-03-25 09:49:28,344: INFO: action_dispatcher: Added detect_sensitive_data to actions]
[2026-03-25 09:49:28,344: INFO: action_dispatcher: Added mask_sensitive_data to actions]
[2026-03-25 09:49:28,348: INFO: action_dispatcher: Added topic_safety_check_input to actions]
[2026-03-25 09:49:28,360: INFO: action_dispatcher: Added trend_ai_guard to actions]
[2026-03-25 09:49:28,362: INFO: action_dispatcher: Added GetCurrentDateTimeAction to actions]
[2026-03-25 09:49:28,362: INFO: action_dispatcher: Registered Actions :: ['ClavataCheckAction', 'GetAttentionPercentageAction', 'GetCurrentDateTimeAction', 'UpdateAttentionMaterializedViewAction', 'ai_defense_inspect', 'alignscore request', 'alignscore_check_facts', 'autoalign_factcheck_output_api', 'autoalign_groundedness_output_api', 'autoalign_input_api', 'autoalign_output_api', 'call cleanlab api', 'call fiddler faithfulness', 'call fiddler safety on bot message', 'call fiddler safety on user message', 'call gcpnlp api', 'call_activefence_api', 'call_policyai_api', 'content_safety_check_input', 'content_safety_check_output', 'create_event', 'crowdstrike_aidr_guard', 'detect_language', 'detect_pii', 'detect_regex_pattern', 'detect_sensitive_data', 'gliner_detect_pii', 'gliner_mask_pii', 'injection_detection', 'jailbreak_detection_heuristics', 'jailbreak_detection_model', 'llama_guard_check_input', 'llama_guard_check_output', 'mask_pii', 'mask_sensitive_data', 'pangea_ai_guard', 'patronus_api_check_output', 'patronus_lynx_check_output_hallucination', 'protect_text', 'retrieve_relevant_chunks', 'self_check_facts', 'self_check_hallucination', 'self_check_input', 'self_check_output', 'topic_safety_check_input', 'trend_ai_guard', 'validate_guardrails_ai_input', 'validate_guardrails_ai_output', 'wolfram alpha request']]
[2026-03-25 09:49:28,362: INFO: action_dispatcher: Action dispatcher initialized]
[2026-03-25 09:49:28,448: WARNING: llmrails: Both an LLM was provided via constructor and a main LLM is specified in the config. The LLM provided via constructor will be used and the main LLM from config will be ignored.]
[2026-03-25 09:49:37,692: INFO: runtime: Processing event: {'type': 'UtteranceUserActionFinished', 'final_transcript': 'hi'}]
[2026-03-25 09:49:37,697: INFO: runtime: Event :: ContextUpdate {'uid': '244c79e2-d3eb-40ef-a2bf-f19d1e5a715f', 'event_created_at': '2026-03-25T04:19:37.697113+00:00', 'source_uid': 'NeMoGuardrails', 'data': {'user_message': 'hi'}}]
[2026-03-25 09:49:37,697: INFO: runtime: Event :: StartInternalSystemAction {'uid': '8f36aef3-f8c9-47ba-a0c7-b6fd9c859eee', 'event_created_at': '2026-03-25T04:19:37.697113+00:00', 'source_uid': 'NeMoGuardrails', 'action_name': 'create_event', 'action_params': {'event': {'_type': 'StartInputRails'}}, 'action_result_key': None, 'action_uid': '2929a026-e919-4000-9587-8f5ed23c8f03', 'is_system_action': True}]
[2026-03-25 09:49:37,697: INFO: runtime: Processing event: {'type': 'StartInternalSystemAction', 'uid': '8f36aef3-f8c9-47ba-a0c7-b6fd9c859eee', 'event_created_at': '2026-03-25T04:19:37.697113+00:00', 'source_uid': 'NeMoGuardrails', 'action_name': 'create_event', 'action_params': {'event': {'_type': 'StartInputRails'}}, 'action_result_key': None, 'action_uid': '2929a026-e919-4000-9587-8f5ed23c8f03', 'is_system_action': True}]
[2026-03-25 09:49:37,700: INFO: runtime: Executing action :: create_event]
[2026-03-25 09:49:37,701: INFO: action_dispatcher: Executing registered action: create_event]
[2026-03-25 09:49:37,703: INFO: runtime: Event :: InternalSystemActionFinished {'uid': '9e904ca8-182f-4d04-af10-3ba985b39322', 'event_created_at': '2026-03-25T04:19:37.703369+00:00', 'source_uid': 'NeMoGuardrails', 'action_uid': '2929a026-e919-4000-9587-8f5ed23c8f03', 'action_name': 'create_event', 'action_params': {'event': {'_type': 'StartInputRails'}}, 'action_result_key': None, 'status': 'success', 'is_success': True, 'return_value': None, 'events': [{'type': 'StartInputRails', 'uid': '52173e9f-90a4-4c5b-9644-427641d3c0bb', 'event_created_at': '2026-03-25T04:19:37.703369+00:00', 'source_uid': 'NeMoGuardrails'}], 'is_system_action': True, 'action_finished_at': '2026-03-25T04:19:37.703369+00:00'}]
[2026-03-25 09:49:37,704: INFO: runtime: Event :: StartInputRails {'uid': '52173e9f-90a4-4c5b-9644-427641d3c0bb', 'event_created_at': '2026-03-25T04:19:37.703369+00:00', 'source_uid': 'NeMoGuardrails'}]
[2026-03-25 09:49:37,704: INFO: runtime: Processing event: {'type': 'StartInputRails', 'uid': '52173e9f-90a4-4c5b-9644-427641d3c0bb', 'event_created_at': '2026-03-25T04:19:37.703369+00:00', 'source_uid': 'NeMoGuardrails'}]
[2026-03-25 09:49:37,709: INFO: runtime: Event :: ContextUpdate {'uid': '5083b429-d0be-412c-9677-4eb1eb147e95', 'event_created_at': '2026-03-25T04:19:37.709649+00:00', 'source_uid': 'NeMoGuardrails', 'data': {'input_flows': ['check_dangerous_content', 'check_code_content', 'check_unrelated_content'], 'i': 0, 'triggered_input_rail': 'check_dangerous_content'}}]
[2026-03-25 09:49:37,709: INFO: runtime: Event :: StartInternalSystemAction {'uid': '80ec595e-d4c4-422c-8ab4-a2f162e786b9', 'event_created_at': '2026-03-25T04:19:37.709649+00:00', 'source_uid': 'NeMoGuardrails', 'action_name': 'create_event', 'action_params': {'event': {'_type': 'StartInputRail', 'flow_id': '$triggered_input_rail'}}, 'action_result_key': None, 'action_uid': 'a6174f41-2cc4-4d38-a3dc-e4f2a8fc3cfa', 'is_system_action': True}]
[2026-03-25 09:49:37,709: INFO: runtime: Processing event: {'type': 'StartInternalSystemAction', 'uid': '80ec595e-d4c4-422c-8ab4-a2f162e786b9', 'event_created_at': '2026-03-25T04:19:37.709649+00:00', 'source_uid': 'NeMoGuardrails', 'action_name': 'create_event', 'action_params': {'event': {'_type': 'StartInputRail', 'flow_id': '$triggered_input_rail'}}, 'action_result_key': None, 'action_uid': 'a6174f41-2cc4-4d38-a3dc-e4f2a8fc3cfa', 'is_system_action': True}]
[2026-03-25 09:49:37,709: INFO: runtime: Executing action :: create_event]
[2026-03-25 09:49:37,715: INFO: action_dispatcher: Executing registered action: create_event]
[2026-03-25 09:49:37,717: INFO: runtime: Event :: InternalSystemActionFinished {'uid': '7131daa0-2c18-4f05-bee7-7bdfe750e937', 'event_created_at': '2026-03-25T04:19:37.717263+00:00', 'source_uid': 'NeMoGuardrails', 'action_uid': 'a6174f41-2cc4-4d38-a3dc-e4f2a8fc3cfa', 'action_name': 'create_event', 'action_params': {'event': {'_type': 'StartInputRail', 'flow_id': '$triggered_input_rail'}}, 'action_result_key': None, 'status': 'success', 'is_success': True, 'return_value': None, 'events': [{'type': 'StartInputRail', 'uid': '65ceccac-1507-48e3-880a-f8875faaa8d6', 'event_created_at': '2026-03-25T04:19:37.717263+00:00', 'source_uid': 'NeMoGuardrails', 'flow_id': 'check_dangerous_content'}], 'is_system_action': True, 'action_finished_at': '2026-03-25T04:19:37.717263+00:00'}]
[2026-03-25 09:49:37,717: INFO: runtime: Event :: StartInputRail {'uid': '65ceccac-1507-48e3-880a-f8875faaa8d6', 'event_created_at': '2026-03-25T04:19:37.717263+00:00', 'source_uid': 'NeMoGuardrails', 'flow_id': 'check_dangerous_content'}]
[2026-03-25 09:49:37,717: INFO: runtime: Processing event: {'type': 'StartInputRail', 'uid': '65ceccac-1507-48e3-880a-f8875faaa8d6', 'event_created_at': '2026-03-25T04:19:37.717263+00:00', 'source_uid': 'NeMoGuardrails', 'flow_id': 'check_dangerous_content'}]
[2026-03-25 09:49:37,724: INFO: runtime: Event :: Listen {'uid': '2c5b9292-3dff-457c-8f0d-3cc218323df2', 'event_created_at': '2026-03-25T04:19:37.724344+00:00', 'source_uid': 'NeMoGuardrails'}]
[2026-03-25 09:49:37,726: INFO: llmrails: --- :: Total processing took 0.03 seconds. Stats: 0 total calls, 0 total time, 0 total tokens, 0 total prompt tokens, 0 total completion tokens, [] as latencies]
[2026-03-25 09:49:49,184: INFO: guardrails_check: Guardrails bot reply: '']
[2026-03-25 09:54:24,781: INFO: utils: NumExpr defaulting to 8 threads.]
[2026-03-25 09:54:43,836: INFO: common: yaml file: config\config.yaml loaded successfully]
[2026-03-25 09:54:44,312: INFO: _client: HTTP Request: GET http://10.192.5.51:8000/api/v2/auth/identity "HTTP/1.1 200 OK"]
[2026-03-25 09:54:44,381: INFO: _client: HTTP Request: GET http://10.192.5.51:8000/api/v2/tenants/default_tenant "HTTP/1.1 200 OK"]
[2026-03-25 09:54:44,397: INFO: _client: HTTP Request: GET http://10.192.5.51:8000/api/v2/tenants/default_tenant/databases/default_database "HTTP/1.1 200 OK"]
[2026-03-25 09:54:48,288: INFO: gcp: Attempt 1: GCP default credentials loaded and project 'macomai-441611' obtained.]
[2026-03-25 09:54:52,676: INFO: Login: Entering the login process function]
[2026-03-25 09:54:53,300: INFO: Login: Token and session updated for user: 101373]
[2026-03-25 09:55:00,540: INFO: chatprocess: Initializing vector store with collection]
[2026-03-25 09:55:00,635: INFO: _client: HTTP Request: POST http://10.192.5.51:8000/api/v2/tenants/default_tenant/databases/default_database/collections "HTTP/1.1 200 OK"]
[2026-03-25 09:55:00,657: INFO: _client: HTTP Request: GET http://10.192.5.51:8000/api/v2/tenants/default_tenant/databases/default_database/collections/91518b3b-a2d1-4c38-b8df-01b360936d38/count?read_level=index_and_wal "HTTP/1.1 200 OK"]
[2026-03-25 09:55:00,664: INFO: chatprocess: Connected to Chroma server - Collection 'langchain' has 3764 documents]
[2026-03-25 09:55:01,112: INFO: _client: HTTP Request: HEAD https://huggingface.co/cross-encoder/ms-marco-MiniLM-L-6-v2/resolve/main/config.json "HTTP/1.1 307 Temporary Redirect"]
[2026-03-25 09:55:01,362: INFO: _client: HTTP Request: HEAD https://huggingface.co/cross-encoder/ms-marco-MiniLM-L6-v2/resolve/main/config.json "HTTP/1.1 307 Temporary Redirect"]
[2026-03-25 09:55:01,380: WARNING: _http: Warning: You are sending unauthenticated requests to the HF Hub. Please set a HF_TOKEN to enable higher rate limits and faster downloads.]
[2026-03-25 09:55:01,425: INFO: _client: HTTP Request: HEAD https://huggingface.co/api/resolve-cache/models/cross-encoder/ms-marco-MiniLM-L6-v2/c5ee24cb16019beea0893ab7796b1df96625c6b8/config.json "HTTP/1.1 200 OK"]
[2026-03-25 09:55:02,486: INFO: _client: HTTP Request: HEAD https://huggingface.co/cross-encoder/ms-marco-MiniLM-L-6-v2/resolve/main/config.json "HTTP/1.1 307 Temporary Redirect"]
[2026-03-25 09:55:02,747: INFO: _client: HTTP Request: HEAD https://huggingface.co/cross-encoder/ms-marco-MiniLM-L6-v2/resolve/main/config.json "HTTP/1.1 307 Temporary Redirect"]
[2026-03-25 09:55:02,788: INFO: _client: HTTP Request: HEAD https://huggingface.co/api/resolve-cache/models/cross-encoder/ms-marco-MiniLM-L6-v2/c5ee24cb16019beea0893ab7796b1df96625c6b8/config.json "HTTP/1.1 200 OK"]
[2026-03-25 09:55:03,049: INFO: _client: HTTP Request: HEAD https://huggingface.co/cross-encoder/ms-marco-MiniLM-L-6-v2/resolve/main/tokenizer_config.json "HTTP/1.1 307 Temporary Redirect"]
[2026-03-25 09:55:03,307: INFO: _client: HTTP Request: HEAD https://huggingface.co/cross-encoder/ms-marco-MiniLM-L6-v2/resolve/main/tokenizer_config.json "HTTP/1.1 307 Temporary Redirect"]
[2026-03-25 09:55:03,346: INFO: _client: HTTP Request: HEAD https://huggingface.co/api/resolve-cache/models/cross-encoder/ms-marco-MiniLM-L6-v2/c5ee24cb16019beea0893ab7796b1df96625c6b8/tokenizer_config.json "HTTP/1.1 200 OK"]
[2026-03-25 09:55:03,612: INFO: _client: HTTP Request: GET https://huggingface.co/api/models/cross-encoder/ms-marco-MiniLM-L-6-v2/tree/main/additional_chat_templates?recursive=false&expand=false "HTTP/1.1 307 Temporary Redirect"]
[2026-03-25 09:55:03,867: INFO: _client: HTTP Request: GET https://huggingface.co/api/models/cross-encoder/ms-marco-MiniLM-L6-v2/tree/main/additional_chat_templates?recursive=false&expand=false "HTTP/1.1 404 Not Found"]
[2026-03-25 09:55:04,113: INFO: _client: HTTP Request: GET https://huggingface.co/api/models/cross-encoder/ms-marco-MiniLM-L-6-v2/tree/main?recursive=true&expand=false "HTTP/1.1 307 Temporary Redirect"]
[2026-03-25 09:55:04,376: INFO: _client: HTTP Request: GET https://huggingface.co/api/models/cross-encoder/ms-marco-MiniLM-L6-v2/tree/main?recursive=true&expand=false "HTTP/1.1 200 OK"]
[2026-03-25 09:55:04,708: INFO: _client: HTTP Request: HEAD https://huggingface.co/cross-encoder/ms-marco-MiniLM-L-6-v2/resolve/main/README.md "HTTP/1.1 307 Temporary Redirect"]
[2026-03-25 09:55:04,955: INFO: _client: HTTP Request: HEAD https://huggingface.co/cross-encoder/ms-marco-MiniLM-L6-v2/resolve/main/README.md "HTTP/1.1 307 Temporary Redirect"]
[2026-03-25 09:55:04,990: INFO: _client: HTTP Request: HEAD https://huggingface.co/api/resolve-cache/models/cross-encoder/ms-marco-MiniLM-L6-v2/c5ee24cb16019beea0893ab7796b1df96625c6b8/README.md "HTTP/1.1 200 OK"]
[2026-03-25 09:55:04,996: INFO: CrossEncoder: Use pytorch device: cpu]
[2026-03-25 09:55:05,253: INFO: _client: HTTP Request: GET https://huggingface.co/api/models/cross-encoder/ms-marco-MiniLM-L-6-v2 "HTTP/1.1 307 Temporary Redirect"]
[2026-03-25 09:55:05,504: INFO: _client: HTTP Request: GET https://huggingface.co/api/models/cross-encoder/ms-marco-MiniLM-L6-v2 "HTTP/1.1 200 OK"]
[2026-03-25 09:55:05,519: INFO: token: Entering access token validation method ]
[2026-03-25 09:55:05,572: INFO: guardrails_check: NeMo Guardrails loaded successfully.]
[2026-03-25 09:55:09,347: INFO: action_dispatcher: Initializing action dispatcher]
[2026-03-25 09:55:09,347: INFO: action_dispatcher: Added create_event to actions]
[2026-03-25 09:55:09,356: INFO: action_dispatcher: Added wolfram alpha request to actions]
[2026-03-25 09:55:09,359: INFO: action_dispatcher: Added retrieve_relevant_chunks to actions]
[2026-03-25 09:55:09,448: INFO: action_dispatcher: Added call_activefence_api to actions]
[2026-03-25 09:55:09,448: INFO: action_dispatcher: Added ai_defense_inspect to actions]
[2026-03-25 09:55:09,448: INFO: action_dispatcher: Added GetAttentionPercentageAction to actions]
[2026-03-25 09:55:09,448: INFO: action_dispatcher: Added UpdateAttentionMaterializedViewAction to actions]
[2026-03-25 09:55:09,456: INFO: action_dispatcher: Added autoalign_factcheck_output_api to actions]
[2026-03-25 09:55:09,456: INFO: action_dispatcher: Added autoalign_groundedness_output_api to actions]
[2026-03-25 09:55:09,457: INFO: action_dispatcher: Added autoalign_input_api to actions]
[2026-03-25 09:55:09,457: INFO: action_dispatcher: Added autoalign_output_api to actions]
[2026-03-25 09:55:09,470: INFO: action_dispatcher: Added ClavataCheckAction to actions]
[2026-03-25 09:55:09,481: INFO: action_dispatcher: Added call cleanlab api to actions]
[2026-03-25 09:55:09,486: INFO: action_dispatcher: Added content_safety_check_input to actions]
[2026-03-25 09:55:09,486: INFO: action_dispatcher: Added content_safety_check_output to actions]
[2026-03-25 09:55:09,486: INFO: action_dispatcher: Added detect_language to actions]
[2026-03-25 09:55:09,493: INFO: action_dispatcher: Added crowdstrike_aidr_guard to actions]
[2026-03-25 09:55:09,503: INFO: action_dispatcher: Added alignscore_check_facts to actions]
[2026-03-25 09:55:09,503: INFO: action_dispatcher: Added alignscore request to actions]
[2026-03-25 09:55:09,503: INFO: action_dispatcher: Added self_check_facts to actions]
[2026-03-25 09:55:09,508: INFO: action_dispatcher: Added call fiddler faithfulness to actions]
[2026-03-25 09:55:09,509: INFO: action_dispatcher: Added call fiddler safety on bot message to actions]
[2026-03-25 09:55:09,509: INFO: action_dispatcher: Added call fiddler safety on user message to actions]
[2026-03-25 09:55:09,514: INFO: action_dispatcher: Added call gcpnlp api to actions]
[2026-03-25 09:55:09,537: INFO: action_dispatcher: Added gliner_detect_pii to actions]
[2026-03-25 09:55:09,537: INFO: action_dispatcher: Added gliner_mask_pii to actions]
[2026-03-25 09:55:09,551: INFO: action_dispatcher: Added validate_guardrails_ai_input to actions]
[2026-03-25 09:55:09,552: INFO: action_dispatcher: Added validate_guardrails_ai_output to actions]
[2026-03-25 09:55:09,553: INFO: action_dispatcher: Added self_check_hallucination to actions]
[2026-03-25 09:55:09,562: INFO: action_dispatcher: Added injection_detection to actions]
[2026-03-25 09:55:09,570: INFO: action_dispatcher: Added jailbreak_detection_heuristics to actions]
[2026-03-25 09:55:09,570: INFO: action_dispatcher: Added jailbreak_detection_model to actions]
[2026-03-25 09:55:09,578: INFO: action_dispatcher: Added llama_guard_check_input to actions]
[2026-03-25 09:55:09,578: INFO: action_dispatcher: Added llama_guard_check_output to actions]
[2026-03-25 09:55:09,588: INFO: action_dispatcher: Added pangea_ai_guard to actions]
[2026-03-25 09:55:09,588: INFO: action_dispatcher: Added patronus_api_check_output to actions]
[2026-03-25 09:55:09,588: INFO: action_dispatcher: Added patronus_lynx_check_output_hallucination to actions]
[2026-03-25 09:55:09,588: INFO: action_dispatcher: Added call_policyai_api to actions]
[2026-03-25 09:55:09,602: INFO: action_dispatcher: Added detect_pii to actions]
[2026-03-25 09:55:09,603: INFO: action_dispatcher: Added mask_pii to actions]
[2026-03-25 09:55:09,606: INFO: action_dispatcher: Added protect_text to actions]
[2026-03-25 09:55:09,613: INFO: action_dispatcher: Added detect_regex_pattern to actions]
[2026-03-25 09:55:09,616: INFO: action_dispatcher: Added self_check_facts to actions]
[2026-03-25 09:55:09,621: INFO: action_dispatcher: Added self_check_input to actions]
[2026-03-25 09:55:09,628: INFO: action_dispatcher: Added self_check_output to actions]
[2026-03-25 09:55:09,635: INFO: action_dispatcher: Added detect_sensitive_data to actions]
[2026-03-25 09:55:09,635: INFO: action_dispatcher: Added mask_sensitive_data to actions]
[2026-03-25 09:55:09,638: INFO: action_dispatcher: Added topic_safety_check_input to actions]
[2026-03-25 09:55:09,643: INFO: action_dispatcher: Added trend_ai_guard to actions]
[2026-03-25 09:55:09,651: INFO: action_dispatcher: Added GetCurrentDateTimeAction to actions]
[2026-03-25 09:55:09,652: INFO: action_dispatcher: Registered Actions :: ['ClavataCheckAction', 'GetAttentionPercentageAction', 'GetCurrentDateTimeAction', 'UpdateAttentionMaterializedViewAction', 'ai_defense_inspect', 'alignscore request', 'alignscore_check_facts', 'autoalign_factcheck_output_api', 'autoalign_groundedness_output_api', 'autoalign_input_api', 'autoalign_output_api', 'call cleanlab api', 'call fiddler faithfulness', 'call fiddler safety on bot message', 'call fiddler safety on user message', 'call gcpnlp api', 'call_activefence_api', 'call_policyai_api', 'content_safety_check_input', 'content_safety_check_output', 'create_event', 'crowdstrike_aidr_guard', 'detect_language', 'detect_pii', 'detect_regex_pattern', 'detect_sensitive_data', 'gliner_detect_pii', 'gliner_mask_pii', 'injection_detection', 'jailbreak_detection_heuristics', 'jailbreak_detection_model', 'llama_guard_check_input', 'llama_guard_check_output', 'mask_pii', 'mask_sensitive_data', 'pangea_ai_guard', 'patronus_api_check_output', 'patronus_lynx_check_output_hallucination', 'protect_text', 'retrieve_relevant_chunks', 'self_check_facts', 'self_check_hallucination', 'self_check_input', 'self_check_output', 'topic_safety_check_input', 'trend_ai_guard', 'validate_guardrails_ai_input', 'validate_guardrails_ai_output', 'wolfram alpha request']]
[2026-03-25 09:55:09,652: INFO: action_dispatcher: Action dispatcher initialized]
[2026-03-25 09:55:09,728: WARNING: llmrails: Both an LLM was provided via constructor and a main LLM is specified in the config. The LLM provided via constructor will be used and the main LLM from config will be ignored.]
[2026-03-25 09:55:13,785: INFO: runtime: Processing event: {'type': 'UtteranceUserActionFinished', 'final_transcript': 'hi'}]
[2026-03-25 09:55:13,785: INFO: runtime: Event :: ContextUpdate {'uid': '85f172ac-20c8-4b1c-90cc-6107aea1bf3f', 'event_created_at': '2026-03-25T04:25:13.785890+00:00', 'source_uid': 'NeMoGuardrails', 'data': {'user_message': 'hi'}}]
[2026-03-25 09:55:13,785: INFO: runtime: Event :: StartInternalSystemAction {'uid': '17603c25-690d-4851-b914-2031b8a139df', 'event_created_at': '2026-03-25T04:25:13.785890+00:00', 'source_uid': 'NeMoGuardrails', 'action_name': 'create_event', 'action_params': {'event': {'_type': 'StartInputRails'}}, 'action_result_key': None, 'action_uid': '3da35d1d-e725-4f04-bcbb-17f57ac4f2d3', 'is_system_action': True}]
[2026-03-25 09:55:13,785: INFO: runtime: Processing event: {'type': 'StartInternalSystemAction', 'uid': '17603c25-690d-4851-b914-2031b8a139df', 'event_created_at': '2026-03-25T04:25:13.785890+00:00', 'source_uid': 'NeMoGuardrails', 'action_name': 'create_event', 'action_params': {'event': {'_type': 'StartInputRails'}}, 'action_result_key': None, 'action_uid': '3da35d1d-e725-4f04-bcbb-17f57ac4f2d3', 'is_system_action': True}]
[2026-03-25 09:55:13,785: INFO: runtime: Executing action :: create_event]
[2026-03-25 09:55:13,785: INFO: action_dispatcher: Executing registered action: create_event]
[2026-03-25 09:55:13,794: INFO: runtime: Event :: InternalSystemActionFinished {'uid': 'fd75eb49-e273-4747-9496-6102df0c114f', 'event_created_at': '2026-03-25T04:25:13.794486+00:00', 'source_uid': 'NeMoGuardrails', 'action_uid': '3da35d1d-e725-4f04-bcbb-17f57ac4f2d3', 'action_name': 'create_event', 'action_params': {'event': {'_type': 'StartInputRails'}}, 'action_result_key': None, 'status': 'success', 'is_success': True, 'return_value': None, 'events': [{'type': 'StartInputRails', 'uid': '82443a42-deca-4a75-9fc1-1deb7f530ee0', 'event_created_at': '2026-03-25T04:25:13.794486+00:00', 'source_uid': 'NeMoGuardrails'}], 'is_system_action': True, 'action_finished_at': '2026-03-25T04:25:13.794486+00:00'}]
[2026-03-25 09:55:13,796: INFO: runtime: Event :: StartInputRails {'uid': '82443a42-deca-4a75-9fc1-1deb7f530ee0', 'event_created_at': '2026-03-25T04:25:13.794486+00:00', 'source_uid': 'NeMoGuardrails'}]
[2026-03-25 09:55:13,797: INFO: runtime: Processing event: {'type': 'StartInputRails', 'uid': '82443a42-deca-4a75-9fc1-1deb7f530ee0', 'event_created_at': '2026-03-25T04:25:13.794486+00:00', 'source_uid': 'NeMoGuardrails'}]
[2026-03-25 09:55:13,799: INFO: runtime: Event :: ContextUpdate {'uid': '897debb8-3799-4dee-8759-fb74e8a6bdb3', 'event_created_at': '2026-03-25T04:25:13.799291+00:00', 'source_uid': 'NeMoGuardrails', 'data': {'input_flows': ['check_dangerous_content', 'check_code_content', 'check_unrelated_content'], 'i': 0, 'triggered_input_rail': 'check_dangerous_content'}}]
[2026-03-25 09:55:13,799: INFO: runtime: Event :: StartInternalSystemAction {'uid': 'e165f725-8879-4e36-97bf-c0a5120e6d3f', 'event_created_at': '2026-03-25T04:25:13.799291+00:00', 'source_uid': 'NeMoGuardrails', 'action_name': 'create_event', 'action_params': {'event': {'_type': 'StartInputRail', 'flow_id': '$triggered_input_rail'}}, 'action_result_key': None, 'action_uid': 'e0dfc341-1daf-47b8-a05f-560bfcd71563', 'is_system_action': True}]
[2026-03-25 09:55:13,800: INFO: runtime: Processing event: {'type': 'StartInternalSystemAction', 'uid': 'e165f725-8879-4e36-97bf-c0a5120e6d3f', 'event_created_at': '2026-03-25T04:25:13.799291+00:00', 'source_uid': 'NeMoGuardrails', 'action_name': 'create_event', 'action_params': {'event': {'_type': 'StartInputRail', 'flow_id': '$triggered_input_rail'}}, 'action_result_key': None, 'action_uid': 'e0dfc341-1daf-47b8-a05f-560bfcd71563', 'is_system_action': True}]
[2026-03-25 09:55:13,800: INFO: runtime: Executing action :: create_event]
[2026-03-25 09:55:13,800: INFO: action_dispatcher: Executing registered action: create_event]
[2026-03-25 09:55:13,800: INFO: runtime: Event :: InternalSystemActionFinished {'uid': 'ebb31212-400f-4796-9bf7-7f89ff219944', 'event_created_at': '2026-03-25T04:25:13.800287+00:00', 'source_uid': 'NeMoGuardrails', 'action_uid': 'e0dfc341-1daf-47b8-a05f-560bfcd71563', 'action_name': 'create_event', 'action_params': {'event': {'_type': 'StartInputRail', 'flow_id': '$triggered_input_rail'}}, 'action_result_key': None, 'status': 'success', 'is_success': True, 'return_value': None, 'events': [{'type': 'StartInputRail', 'uid': '55370f6b-5dce-453f-bb25-09887aa90320', 'event_created_at': '2026-03-25T04:25:13.800287+00:00', 'source_uid': 'NeMoGuardrails', 'flow_id': 'check_dangerous_content'}], 'is_system_action': True, 'action_finished_at': '2026-03-25T04:25:13.800287+00:00'}]
[2026-03-25 09:55:13,801: INFO: runtime: Event :: StartInputRail {'uid': '55370f6b-5dce-453f-bb25-09887aa90320', 'event_created_at': '2026-03-25T04:25:13.800287+00:00', 'source_uid': 'NeMoGuardrails', 'flow_id': 'check_dangerous_content'}]
[2026-03-25 09:55:13,801: INFO: runtime: Processing event: {'type': 'StartInputRail', 'uid': '55370f6b-5dce-453f-bb25-09887aa90320', 'event_created_at': '2026-03-25T04:25:13.800287+00:00', 'source_uid': 'NeMoGuardrails', 'flow_id': 'check_dangerous_content'}]
[2026-03-25 09:55:13,805: INFO: runtime: Event :: Listen {'uid': 'ac2d0e69-a431-4f52-9d64-8557418ad4e6', 'event_created_at': '2026-03-25T04:25:13.805926+00:00', 'source_uid': 'NeMoGuardrails'}]
[2026-03-25 09:55:13,806: INFO: llmrails: --- :: Total processing took 0.02 seconds. Stats: 0 total calls, 0 total time, 0 total tokens, 0 total prompt tokens, 0 total completion tokens, [] as latencies]
[2026-03-25 09:55:25,379: INFO: guardrails_check: Guardrails bot reply: '']
[2026-03-25 09:59:01,797: INFO: utils: NumExpr defaulting to 8 threads.]
[2026-03-25 09:59:10,089: INFO: common: yaml file: config\config.yaml loaded successfully]
[2026-03-25 09:59:10,674: INFO: _client: HTTP Request: GET http://10.192.5.51:8000/api/v2/auth/identity "HTTP/1.1 200 OK"]
[2026-03-25 09:59:10,776: INFO: _client: HTTP Request: GET http://10.192.5.51:8000/api/v2/tenants/default_tenant "HTTP/1.1 200 OK"]
[2026-03-25 09:59:10,807: INFO: _client: HTTP Request: GET http://10.192.5.51:8000/api/v2/tenants/default_tenant/databases/default_database "HTTP/1.1 200 OK"]
[2026-03-25 09:59:14,607: INFO: gcp: Attempt 1: GCP default credentials loaded and project 'macomai-441611' obtained.]
[2026-03-25 09:59:16,766: INFO: Login: Entering the login process function]
[2026-03-25 09:59:17,169: INFO: Login: Token and session updated for user: 101373]
[2026-03-25 09:59:21,855: INFO: chatprocess: Initializing vector store with collection]
[2026-03-25 09:59:21,922: INFO: _client: HTTP Request: POST http://10.192.5.51:8000/api/v2/tenants/default_tenant/databases/default_database/collections "HTTP/1.1 200 OK"]
[2026-03-25 09:59:21,957: INFO: _client: HTTP Request: GET http://10.192.5.51:8000/api/v2/tenants/default_tenant/databases/default_database/collections/91518b3b-a2d1-4c38-b8df-01b360936d38/count?read_level=index_and_wal "HTTP/1.1 200 OK"]
[2026-03-25 09:59:21,960: INFO: chatprocess: Connected to Chroma server - Collection 'langchain' has 3764 documents]
[2026-03-25 09:59:22,502: INFO: _client: HTTP Request: HEAD https://huggingface.co/cross-encoder/ms-marco-MiniLM-L-6-v2/resolve/main/config.json "HTTP/1.1 307 Temporary Redirect"]
[2026-03-25 09:59:22,801: INFO: _client: HTTP Request: HEAD https://huggingface.co/cross-encoder/ms-marco-MiniLM-L6-v2/resolve/main/config.json "HTTP/1.1 307 Temporary Redirect"]
[2026-03-25 09:59:22,881: INFO: _client: HTTP Request: HEAD https://huggingface.co/api/resolve-cache/models/cross-encoder/ms-marco-MiniLM-L6-v2/c5ee24cb16019beea0893ab7796b1df96625c6b8/config.json "HTTP/1.1 200 OK"]
[2026-03-25 09:59:23,923: INFO: _client: HTTP Request: HEAD https://huggingface.co/cross-encoder/ms-marco-MiniLM-L-6-v2/resolve/main/config.json "HTTP/1.1 307 Temporary Redirect"]
[2026-03-25 09:59:24,215: INFO: _client: HTTP Request: HEAD https://huggingface.co/cross-encoder/ms-marco-MiniLM-L6-v2/resolve/main/config.json "HTTP/1.1 307 Temporary Redirect"]
[2026-03-25 09:59:24,290: INFO: _client: HTTP Request: HEAD https://huggingface.co/api/resolve-cache/models/cross-encoder/ms-marco-MiniLM-L6-v2/c5ee24cb16019beea0893ab7796b1df96625c6b8/config.json "HTTP/1.1 200 OK"]
[2026-03-25 09:59:24,574: INFO: _client: HTTP Request: HEAD https://huggingface.co/cross-encoder/ms-marco-MiniLM-L-6-v2/resolve/main/tokenizer_config.json "HTTP/1.1 307 Temporary Redirect"]
[2026-03-25 09:59:24,859: INFO: _client: HTTP Request: HEAD https://huggingface.co/cross-encoder/ms-marco-MiniLM-L6-v2/resolve/main/tokenizer_config.json "HTTP/1.1 307 Temporary Redirect"]
[2026-03-25 09:59:24,861: WARNING: _http: Warning: You are sending unauthenticated requests to the HF Hub. Please set a HF_TOKEN to enable higher rate limits and faster downloads.]
[2026-03-25 09:59:24,933: INFO: _client: HTTP Request: HEAD https://huggingface.co/api/resolve-cache/models/cross-encoder/ms-marco-MiniLM-L6-v2/c5ee24cb16019beea0893ab7796b1df96625c6b8/tokenizer_config.json "HTTP/1.1 200 OK"]
[2026-03-25 09:59:25,243: INFO: _client: HTTP Request: GET https://huggingface.co/api/models/cross-encoder/ms-marco-MiniLM-L-6-v2/tree/main/additional_chat_templates?recursive=false&expand=false "HTTP/1.1 307 Temporary Redirect"]
[2026-03-25 09:59:25,540: INFO: _client: HTTP Request: GET https://huggingface.co/api/models/cross-encoder/ms-marco-MiniLM-L6-v2/tree/main/additional_chat_templates?recursive=false&expand=false "HTTP/1.1 404 Not Found"]
[2026-03-25 09:59:25,838: INFO: _client: HTTP Request: GET https://huggingface.co/api/models/cross-encoder/ms-marco-MiniLM-L-6-v2/tree/main?recursive=true&expand=false "HTTP/1.1 307 Temporary Redirect"]
[2026-03-25 09:59:26,159: INFO: _client: HTTP Request: GET https://huggingface.co/api/models/cross-encoder/ms-marco-MiniLM-L6-v2/tree/main?recursive=true&expand=false "HTTP/1.1 200 OK"]
[2026-03-25 09:59:26,530: INFO: _client: HTTP Request: HEAD https://huggingface.co/cross-encoder/ms-marco-MiniLM-L-6-v2/resolve/main/README.md "HTTP/1.1 307 Temporary Redirect"]
[2026-03-25 09:59:26,811: INFO: _client: HTTP Request: HEAD https://huggingface.co/cross-encoder/ms-marco-MiniLM-L6-v2/resolve/main/README.md "HTTP/1.1 307 Temporary Redirect"]
[2026-03-25 09:59:26,887: INFO: _client: HTTP Request: HEAD https://huggingface.co/api/resolve-cache/models/cross-encoder/ms-marco-MiniLM-L6-v2/c5ee24cb16019beea0893ab7796b1df96625c6b8/README.md "HTTP/1.1 200 OK"]
[2026-03-25 09:59:26,907: INFO: CrossEncoder: Use pytorch device: cpu]
[2026-03-25 09:59:27,196: INFO: _client: HTTP Request: GET https://huggingface.co/api/models/cross-encoder/ms-marco-MiniLM-L-6-v2 "HTTP/1.1 307 Temporary Redirect"]
[2026-03-25 09:59:27,488: INFO: _client: HTTP Request: GET https://huggingface.co/api/models/cross-encoder/ms-marco-MiniLM-L6-v2 "HTTP/1.1 200 OK"]
[2026-03-25 09:59:27,501: INFO: token: Entering access token validation method ]
[2026-03-25 09:59:27,539: INFO: guardrails_check: NeMo Guardrails loaded successfully.]
[2026-03-25 09:59:49,831: INFO: action_dispatcher: Initializing action dispatcher]
[2026-03-25 09:59:49,831: INFO: action_dispatcher: Added create_event to actions]
[2026-03-25 09:59:49,831: INFO: action_dispatcher: Added wolfram alpha request to actions]
[2026-03-25 09:59:49,841: INFO: action_dispatcher: Added retrieve_relevant_chunks to actions]
[2026-03-25 09:59:49,918: INFO: action_dispatcher: Added call_activefence_api to actions]
[2026-03-25 09:59:49,918: INFO: action_dispatcher: Added ai_defense_inspect to actions]
[2026-03-25 09:59:49,918: INFO: action_dispatcher: Added GetAttentionPercentageAction to actions]
[2026-03-25 09:59:49,918: INFO: action_dispatcher: Added UpdateAttentionMaterializedViewAction to actions]
[2026-03-25 09:59:49,934: INFO: action_dispatcher: Added autoalign_factcheck_output_api to actions]
[2026-03-25 09:59:49,935: INFO: action_dispatcher: Added autoalign_groundedness_output_api to actions]
[2026-03-25 09:59:49,936: INFO: action_dispatcher: Added autoalign_input_api to actions]
[2026-03-25 09:59:49,936: INFO: action_dispatcher: Added autoalign_output_api to actions]
[2026-03-25 09:59:49,964: INFO: action_dispatcher: Added ClavataCheckAction to actions]
[2026-03-25 09:59:49,969: INFO: action_dispatcher: Added call cleanlab api to actions]
[2026-03-25 09:59:49,973: INFO: action_dispatcher: Added content_safety_check_input to actions]
[2026-03-25 09:59:49,973: INFO: action_dispatcher: Added content_safety_check_output to actions]
[2026-03-25 09:59:49,973: INFO: action_dispatcher: Added detect_language to actions]
[2026-03-25 09:59:49,983: INFO: action_dispatcher: Added crowdstrike_aidr_guard to actions]
[2026-03-25 09:59:49,992: INFO: action_dispatcher: Added alignscore_check_facts to actions]
[2026-03-25 09:59:49,992: INFO: action_dispatcher: Added alignscore request to actions]
[2026-03-25 09:59:49,992: INFO: action_dispatcher: Added self_check_facts to actions]
[2026-03-25 09:59:49,996: INFO: action_dispatcher: Added call fiddler faithfulness to actions]
[2026-03-25 09:59:49,996: INFO: action_dispatcher: Added call fiddler safety on bot message to actions]
[2026-03-25 09:59:49,997: INFO: action_dispatcher: Added call fiddler safety on user message to actions]
[2026-03-25 09:59:49,998: INFO: action_dispatcher: Added call gcpnlp api to actions]
[2026-03-25 09:59:50,025: INFO: action_dispatcher: Added gliner_detect_pii to actions]
[2026-03-25 09:59:50,025: INFO: action_dispatcher: Added gliner_mask_pii to actions]
[2026-03-25 09:59:50,035: INFO: action_dispatcher: Added validate_guardrails_ai_input to actions]
[2026-03-25 09:59:50,036: INFO: action_dispatcher: Added validate_guardrails_ai_output to actions]
[2026-03-25 09:59:50,040: INFO: action_dispatcher: Added self_check_hallucination to actions]
[2026-03-25 09:59:50,043: INFO: action_dispatcher: Added injection_detection to actions]
[2026-03-25 09:59:50,053: INFO: action_dispatcher: Added jailbreak_detection_heuristics to actions]
[2026-03-25 09:59:50,053: INFO: action_dispatcher: Added jailbreak_detection_model to actions]
[2026-03-25 09:59:50,053: INFO: action_dispatcher: Added llama_guard_check_input to actions]
[2026-03-25 09:59:50,053: INFO: action_dispatcher: Added llama_guard_check_output to actions]
[2026-03-25 09:59:50,061: INFO: action_dispatcher: Added pangea_ai_guard to actions]
[2026-03-25 09:59:50,066: INFO: action_dispatcher: Added patronus_api_check_output to actions]
[2026-03-25 09:59:50,067: INFO: action_dispatcher: Added patronus_lynx_check_output_hallucination to actions]
[2026-03-25 09:59:50,070: INFO: action_dispatcher: Added call_policyai_api to actions]
[2026-03-25 09:59:50,072: INFO: action_dispatcher: Added detect_pii to actions]
[2026-03-25 09:59:50,072: INFO: action_dispatcher: Added mask_pii to actions]
[2026-03-25 09:59:50,077: INFO: action_dispatcher: Added protect_text to actions]
[2026-03-25 09:59:50,082: INFO: action_dispatcher: Added detect_regex_pattern to actions]
[2026-03-25 09:59:50,084: INFO: action_dispatcher: Added self_check_facts to actions]
[2026-03-25 09:59:50,087: INFO: action_dispatcher: Added self_check_input to actions]
[2026-03-25 09:59:50,089: INFO: action_dispatcher: Added self_check_output to actions]
[2026-03-25 09:59:50,093: INFO: action_dispatcher: Added detect_sensitive_data to actions]
[2026-03-25 09:59:50,094: INFO: action_dispatcher: Added mask_sensitive_data to actions]
[2026-03-25 09:59:50,095: INFO: action_dispatcher: Added topic_safety_check_input to actions]
[2026-03-25 09:59:50,097: INFO: action_dispatcher: Added trend_ai_guard to actions]
[2026-03-25 09:59:50,105: INFO: action_dispatcher: Added GetCurrentDateTimeAction to actions]
[2026-03-25 09:59:50,106: INFO: action_dispatcher: Registered Actions :: ['ClavataCheckAction', 'GetAttentionPercentageAction', 'GetCurrentDateTimeAction', 'UpdateAttentionMaterializedViewAction', 'ai_defense_inspect', 'alignscore request', 'alignscore_check_facts', 'autoalign_factcheck_output_api', 'autoalign_groundedness_output_api', 'autoalign_input_api', 'autoalign_output_api', 'call cleanlab api', 'call fiddler faithfulness', 'call fiddler safety on bot message', 'call fiddler safety on user message', 'call gcpnlp api', 'call_activefence_api', 'call_policyai_api', 'content_safety_check_input', 'content_safety_check_output', 'create_event', 'crowdstrike_aidr_guard', 'detect_language', 'detect_pii', 'detect_regex_pattern', 'detect_sensitive_data', 'gliner_detect_pii', 'gliner_mask_pii', 'injection_detection', 'jailbreak_detection_heuristics', 'jailbreak_detection_model', 'llama_guard_check_input', 'llama_guard_check_output', 'mask_pii', 'mask_sensitive_data', 'pangea_ai_guard', 'patronus_api_check_output', 'patronus_lynx_check_output_hallucination', 'protect_text', 'retrieve_relevant_chunks', 'self_check_facts', 'self_check_hallucination', 'self_check_input', 'self_check_output', 'topic_safety_check_input', 'trend_ai_guard', 'validate_guardrails_ai_input', 'validate_guardrails_ai_output', 'wolfram alpha request']]
[2026-03-25 09:59:50,106: INFO: action_dispatcher: Action dispatcher initialized]
[2026-03-25 09:59:50,177: WARNING: llmrails: Both an LLM was provided via constructor and a main LLM is specified in the config. The LLM provided via constructor will be used and the main LLM from config will be ignored.]
[2026-03-25 09:59:54,085: INFO: runtime: Processing event: {'type': 'UtteranceUserActionFinished', 'final_transcript': 'hi'}]
[2026-03-25 09:59:54,085: INFO: runtime: Event :: ContextUpdate {'uid': 'c656dca9-c0bc-470e-b305-da6c20e94d7e', 'event_created_at': '2026-03-25T04:29:54.085388+00:00', 'source_uid': 'NeMoGuardrails', 'data': {'user_message': 'hi'}}]
[2026-03-25 09:59:54,085: INFO: runtime: Event :: StartInternalSystemAction {'uid': 'd29b83a9-f263-445a-bbdd-4622e835e7e5', 'event_created_at': '2026-03-25T04:29:54.085388+00:00', 'source_uid': 'NeMoGuardrails', 'action_name': 'create_event', 'action_params': {'event': {'_type': 'StartInputRails'}}, 'action_result_key': None, 'action_uid': '17c06bd6-0058-4b4f-99e9-f9c7cd17250c', 'is_system_action': True}]
[2026-03-25 09:59:54,085: INFO: runtime: Processing event: {'type': 'StartInternalSystemAction', 'uid': 'd29b83a9-f263-445a-bbdd-4622e835e7e5', 'event_created_at': '2026-03-25T04:29:54.085388+00:00', 'source_uid': 'NeMoGuardrails', 'action_name': 'create_event', 'action_params': {'event': {'_type': 'StartInputRails'}}, 'action_result_key': None, 'action_uid': '17c06bd6-0058-4b4f-99e9-f9c7cd17250c', 'is_system_action': True}]
[2026-03-25 09:59:54,085: INFO: runtime: Executing action :: create_event]
[2026-03-25 09:59:54,085: INFO: action_dispatcher: Executing registered action: create_event]
[2026-03-25 09:59:54,085: INFO: runtime: Event :: InternalSystemActionFinished {'uid': '97648162-f093-4023-9cb6-1ddd75dfe48e', 'event_created_at': '2026-03-25T04:29:54.085388+00:00', 'source_uid': 'NeMoGuardrails', 'action_uid': '17c06bd6-0058-4b4f-99e9-f9c7cd17250c', 'action_name': 'create_event', 'action_params': {'event': {'_type': 'StartInputRails'}}, 'action_result_key': None, 'status': 'success', 'is_success': True, 'return_value': None, 'events': [{'type': 'StartInputRails', 'uid': 'decc84bf-f449-4084-bb13-ee63663ec3d7', 'event_created_at': '2026-03-25T04:29:54.085388+00:00', 'source_uid': 'NeMoGuardrails'}], 'is_system_action': True, 'action_finished_at': '2026-03-25T04:29:54.085388+00:00'}]
[2026-03-25 09:59:54,085: INFO: runtime: Event :: StartInputRails {'uid': 'decc84bf-f449-4084-bb13-ee63663ec3d7', 'event_created_at': '2026-03-25T04:29:54.085388+00:00', 'source_uid': 'NeMoGuardrails'}]
[2026-03-25 09:59:54,085: INFO: runtime: Processing event: {'type': 'StartInputRails', 'uid': 'decc84bf-f449-4084-bb13-ee63663ec3d7', 'event_created_at': '2026-03-25T04:29:54.085388+00:00', 'source_uid': 'NeMoGuardrails'}]
[2026-03-25 09:59:54,085: INFO: runtime: Event :: ContextUpdate {'uid': '6c7fffe6-f709-4bec-b2ee-28089cda0ff0', 'event_created_at': '2026-03-25T04:29:54.085388+00:00', 'source_uid': 'NeMoGuardrails', 'data': {'input_flows': ['check_dangerous_content', 'check_code_content', 'check_unrelated_content'], 'i': 0, 'triggered_input_rail': 'check_dangerous_content'}}]
[2026-03-25 09:59:54,085: INFO: runtime: Event :: StartInternalSystemAction {'uid': '2bb6e0d8-a540-4245-b72d-37390289ecef', 'event_created_at': '2026-03-25T04:29:54.085388+00:00', 'source_uid': 'NeMoGuardrails', 'action_name': 'create_event', 'action_params': {'event': {'_type': 'StartInputRail', 'flow_id': '$triggered_input_rail'}}, 'action_result_key': None, 'action_uid': '0ae33889-a98a-4378-9289-3e6e2329fa42', 'is_system_action': True}]
[2026-03-25 09:59:54,085: INFO: runtime: Processing event: {'type': 'StartInternalSystemAction', 'uid': '2bb6e0d8-a540-4245-b72d-37390289ecef', 'event_created_at': '2026-03-25T04:29:54.085388+00:00', 'source_uid': 'NeMoGuardrails', 'action_name': 'create_event', 'action_params': {'event': {'_type': 'StartInputRail', 'flow_id': '$triggered_input_rail'}}, 'action_result_key': None, 'action_uid': '0ae33889-a98a-4378-9289-3e6e2329fa42', 'is_system_action': True}]
[2026-03-25 09:59:54,085: INFO: runtime: Executing action :: create_event]
[2026-03-25 09:59:54,085: INFO: action_dispatcher: Executing registered action: create_event]
[2026-03-25 09:59:54,085: INFO: runtime: Event :: InternalSystemActionFinished {'uid': 'dcb3fd6f-63c3-47db-a580-34972a2978e0', 'event_created_at': '2026-03-25T04:29:54.085388+00:00', 'source_uid': 'NeMoGuardrails', 'action_uid': '0ae33889-a98a-4378-9289-3e6e2329fa42', 'action_name': 'create_event', 'action_params': {'event': {'_type': 'StartInputRail', 'flow_id': '$triggered_input_rail'}}, 'action_result_key': None, 'status': 'success', 'is_success': True, 'return_value': None, 'events': [{'type': 'StartInputRail', 'uid': '87d17819-0144-4210-b6f2-2543c97926d4', 'event_created_at': '2026-03-25T04:29:54.085388+00:00', 'source_uid': 'NeMoGuardrails', 'flow_id': 'check_dangerous_content'}], 'is_system_action': True, 'action_finished_at': '2026-03-25T04:29:54.085388+00:00'}]
[2026-03-25 09:59:54,085: INFO: runtime: Event :: StartInputRail {'uid': '87d17819-0144-4210-b6f2-2543c97926d4', 'event_created_at': '2026-03-25T04:29:54.085388+00:00', 'source_uid': 'NeMoGuardrails', 'flow_id': 'check_dangerous_content'}]
[2026-03-25 09:59:54,085: INFO: runtime: Processing event: {'type': 'StartInputRail', 'uid': '87d17819-0144-4210-b6f2-2543c97926d4', 'event_created_at': '2026-03-25T04:29:54.085388+00:00', 'source_uid': 'NeMoGuardrails', 'flow_id': 'check_dangerous_content'}]
[2026-03-25 09:59:54,098: INFO: runtime: Event :: Listen {'uid': 'd7edb6e0-addf-42ab-9883-ae1176f9f34c', 'event_created_at': '2026-03-25T04:29:54.098551+00:00', 'source_uid': 'NeMoGuardrails'}]
[2026-03-25 09:59:54,099: INFO: llmrails: --- :: Total processing took 0.01 seconds. Stats: 0 total calls, 0 total time, 0 total tokens, 0 total prompt tokens, 0 total completion tokens, [] as latencies]
[2026-03-25 10:03:48,568: INFO: utils: NumExpr defaulting to 8 threads.]
[2026-03-25 10:03:59,775: INFO: common: yaml file: config\config.yaml loaded successfully]
[2026-03-25 10:04:00,292: INFO: _client: HTTP Request: GET http://10.192.5.51:8000/api/v2/auth/identity "HTTP/1.1 200 OK"]
[2026-03-25 10:04:00,384: INFO: _client: HTTP Request: GET http://10.192.5.51:8000/api/v2/tenants/default_tenant "HTTP/1.1 200 OK"]
[2026-03-25 10:04:00,407: INFO: _client: HTTP Request: GET http://10.192.5.51:8000/api/v2/tenants/default_tenant/databases/default_database "HTTP/1.1 200 OK"]
[2026-03-25 10:04:04,229: INFO: gcp: Attempt 1: GCP default credentials loaded and project 'macomai-441611' obtained.]
[2026-03-25 10:04:07,830: INFO: Login: Entering the login process function]
[2026-03-25 10:04:08,378: INFO: Login: Token and session updated for user: 101373]
[2026-03-25 10:04:20,858: INFO: chatprocess: Initializing vector store with collection]
[2026-03-25 10:04:20,930: INFO: _client: HTTP Request: POST http://10.192.5.51:8000/api/v2/tenants/default_tenant/databases/default_database/collections "HTTP/1.1 200 OK"]
[2026-03-25 10:04:20,952: INFO: _client: HTTP Request: GET http://10.192.5.51:8000/api/v2/tenants/default_tenant/databases/default_database/collections/91518b3b-a2d1-4c38-b8df-01b360936d38/count?read_level=index_and_wal "HTTP/1.1 200 OK"]
[2026-03-25 10:04:20,954: INFO: chatprocess: Connected to Chroma server - Collection 'langchain' has 3764 documents]
[2026-03-25 10:04:21,478: INFO: _client: HTTP Request: HEAD https://huggingface.co/cross-encoder/ms-marco-MiniLM-L-6-v2/resolve/main/config.json "HTTP/1.1 307 Temporary Redirect"]
[2026-03-25 10:04:21,762: INFO: _client: HTTP Request: HEAD https://huggingface.co/cross-encoder/ms-marco-MiniLM-L6-v2/resolve/main/config.json "HTTP/1.1 307 Temporary Redirect"]
[2026-03-25 10:04:21,838: INFO: _client: HTTP Request: HEAD https://huggingface.co/api/resolve-cache/models/cross-encoder/ms-marco-MiniLM-L6-v2/c5ee24cb16019beea0893ab7796b1df96625c6b8/config.json "HTTP/1.1 200 OK"]
[2026-03-25 10:04:22,791: INFO: _client: HTTP Request: HEAD https://huggingface.co/cross-encoder/ms-marco-MiniLM-L-6-v2/resolve/main/config.json "HTTP/1.1 307 Temporary Redirect"]
[2026-03-25 10:04:23,078: INFO: _client: HTTP Request: HEAD https://huggingface.co/cross-encoder/ms-marco-MiniLM-L6-v2/resolve/main/config.json "HTTP/1.1 307 Temporary Redirect"]
[2026-03-25 10:04:23,144: INFO: _client: HTTP Request: HEAD https://huggingface.co/api/resolve-cache/models/cross-encoder/ms-marco-MiniLM-L6-v2/c5ee24cb16019beea0893ab7796b1df96625c6b8/config.json "HTTP/1.1 200 OK"]
[2026-03-25 10:04:23,422: INFO: _client: HTTP Request: HEAD https://huggingface.co/cross-encoder/ms-marco-MiniLM-L-6-v2/resolve/main/tokenizer_config.json "HTTP/1.1 307 Temporary Redirect"]
[2026-03-25 10:04:24,813: INFO: _client: HTTP Request: HEAD https://huggingface.co/cross-encoder/ms-marco-MiniLM-L6-v2/resolve/main/tokenizer_config.json "HTTP/1.1 307 Temporary Redirect"]
[2026-03-25 10:04:24,888: INFO: _client: HTTP Request: HEAD https://huggingface.co/api/resolve-cache/models/cross-encoder/ms-marco-MiniLM-L6-v2/c5ee24cb16019beea0893ab7796b1df96625c6b8/tokenizer_config.json "HTTP/1.1 200 OK"]
[2026-03-25 10:04:25,198: INFO: _client: HTTP Request: GET https://huggingface.co/api/models/cross-encoder/ms-marco-MiniLM-L-6-v2/tree/main/additional_chat_templates?recursive=false&expand=false "HTTP/1.1 307 Temporary Redirect"]
[2026-03-25 10:04:25,499: INFO: _client: HTTP Request: GET https://huggingface.co/api/models/cross-encoder/ms-marco-MiniLM-L6-v2/tree/main/additional_chat_templates?recursive=false&expand=false "HTTP/1.1 404 Not Found"]
[2026-03-25 10:04:25,779: INFO: _client: HTTP Request: GET https://huggingface.co/api/models/cross-encoder/ms-marco-MiniLM-L-6-v2/tree/main?recursive=true&expand=false "HTTP/1.1 307 Temporary Redirect"]
[2026-03-25 10:04:26,080: INFO: _client: HTTP Request: GET https://huggingface.co/api/models/cross-encoder/ms-marco-MiniLM-L6-v2/tree/main?recursive=true&expand=false "HTTP/1.1 200 OK"]
[2026-03-25 10:04:26,437: INFO: _client: HTTP Request: HEAD https://huggingface.co/cross-encoder/ms-marco-MiniLM-L-6-v2/resolve/main/README.md "HTTP/1.1 307 Temporary Redirect"]
[2026-03-25 10:04:26,720: INFO: _client: HTTP Request: HEAD https://huggingface.co/cross-encoder/ms-marco-MiniLM-L6-v2/resolve/main/README.md "HTTP/1.1 307 Temporary Redirect"]
[2026-03-25 10:04:26,794: INFO: _client: HTTP Request: HEAD https://huggingface.co/api/resolve-cache/models/cross-encoder/ms-marco-MiniLM-L6-v2/c5ee24cb16019beea0893ab7796b1df96625c6b8/README.md "HTTP/1.1 200 OK"]
[2026-03-25 10:04:26,794: INFO: CrossEncoder: Use pytorch device: cpu]
[2026-03-25 10:04:27,096: INFO: _client: HTTP Request: GET https://huggingface.co/api/models/cross-encoder/ms-marco-MiniLM-L-6-v2 "HTTP/1.1 307 Temporary Redirect"]
[2026-03-25 10:04:27,385: INFO: _client: HTTP Request: GET https://huggingface.co/api/models/cross-encoder/ms-marco-MiniLM-L6-v2 "HTTP/1.1 200 OK"]
[2026-03-25 10:04:27,397: INFO: token: Entering access token validation method ]
[2026-03-25 10:04:27,428: INFO: guardrails_check: NeMo Guardrails loaded successfully.]
[2026-03-25 10:04:37,591: INFO: action_dispatcher: Initializing action dispatcher]
[2026-03-25 10:04:37,597: INFO: action_dispatcher: Added create_event to actions]
[2026-03-25 10:04:37,598: INFO: action_dispatcher: Added wolfram alpha request to actions]
[2026-03-25 10:04:37,602: INFO: action_dispatcher: Added retrieve_relevant_chunks to actions]
[2026-03-25 10:04:37,694: INFO: action_dispatcher: Added call_activefence_api to actions]
[2026-03-25 10:04:37,694: INFO: action_dispatcher: Added ai_defense_inspect to actions]
[2026-03-25 10:04:37,694: INFO: action_dispatcher: Added GetAttentionPercentageAction to actions]
[2026-03-25 10:04:37,694: INFO: action_dispatcher: Added UpdateAttentionMaterializedViewAction to actions]
[2026-03-25 10:04:37,703: INFO: action_dispatcher: Added autoalign_factcheck_output_api to actions]
[2026-03-25 10:04:37,704: INFO: action_dispatcher: Added autoalign_groundedness_output_api to actions]
[2026-03-25 10:04:37,704: INFO: action_dispatcher: Added autoalign_input_api to actions]
[2026-03-25 10:04:37,704: INFO: action_dispatcher: Added autoalign_output_api to actions]
[2026-03-25 10:04:37,724: INFO: action_dispatcher: Added ClavataCheckAction to actions]
[2026-03-25 10:04:37,728: INFO: action_dispatcher: Added call cleanlab api to actions]
[2026-03-25 10:04:37,732: INFO: action_dispatcher: Added content_safety_check_input to actions]
[2026-03-25 10:04:37,732: INFO: action_dispatcher: Added content_safety_check_output to actions]
[2026-03-25 10:04:37,732: INFO: action_dispatcher: Added detect_language to actions]
[2026-03-25 10:04:37,739: INFO: action_dispatcher: Added crowdstrike_aidr_guard to actions]
[2026-03-25 10:04:37,748: INFO: action_dispatcher: Added alignscore_check_facts to actions]
[2026-03-25 10:04:37,748: INFO: action_dispatcher: Added alignscore request to actions]
[2026-03-25 10:04:37,748: INFO: action_dispatcher: Added self_check_facts to actions]
[2026-03-25 10:04:37,751: INFO: action_dispatcher: Added call fiddler faithfulness to actions]
[2026-03-25 10:04:37,752: INFO: action_dispatcher: Added call fiddler safety on bot message to actions]
[2026-03-25 10:04:37,752: INFO: action_dispatcher: Added call fiddler safety on user message to actions]
[2026-03-25 10:04:37,753: INFO: action_dispatcher: Added call gcpnlp api to actions]
[2026-03-25 10:04:37,759: INFO: action_dispatcher: Added gliner_detect_pii to actions]
[2026-03-25 10:04:37,759: INFO: action_dispatcher: Added gliner_mask_pii to actions]
[2026-03-25 10:04:37,781: INFO: action_dispatcher: Added validate_guardrails_ai_input to actions]
[2026-03-25 10:04:37,781: INFO: action_dispatcher: Added validate_guardrails_ai_output to actions]
[2026-03-25 10:04:37,784: INFO: action_dispatcher: Added self_check_hallucination to actions]
[2026-03-25 10:04:37,788: INFO: action_dispatcher: Added injection_detection to actions]
[2026-03-25 10:04:37,797: INFO: action_dispatcher: Added jailbreak_detection_heuristics to actions]
[2026-03-25 10:04:37,797: INFO: action_dispatcher: Added jailbreak_detection_model to actions]
[2026-03-25 10:04:37,801: INFO: action_dispatcher: Added llama_guard_check_input to actions]
[2026-03-25 10:04:37,801: INFO: action_dispatcher: Added llama_guard_check_output to actions]
[2026-03-25 10:04:37,810: INFO: action_dispatcher: Added pangea_ai_guard to actions]
[2026-03-25 10:04:37,812: INFO: action_dispatcher: Added patronus_api_check_output to actions]
[2026-03-25 10:04:37,814: INFO: action_dispatcher: Added patronus_lynx_check_output_hallucination to actions]
[2026-03-25 10:04:37,815: INFO: action_dispatcher: Added call_policyai_api to actions]
[2026-03-25 10:04:37,818: INFO: action_dispatcher: Added detect_pii to actions]
[2026-03-25 10:04:37,818: INFO: action_dispatcher: Added mask_pii to actions]
[2026-03-25 10:04:37,821: INFO: action_dispatcher: Added protect_text to actions]
[2026-03-25 10:04:37,829: INFO: action_dispatcher: Added detect_regex_pattern to actions]
[2026-03-25 10:04:37,831: INFO: action_dispatcher: Added self_check_facts to actions]
[2026-03-25 10:04:37,832: INFO: action_dispatcher: Added self_check_input to actions]
[2026-03-25 10:04:37,832: INFO: action_dispatcher: Added self_check_output to actions]
[2026-03-25 10:04:37,832: INFO: action_dispatcher: Added detect_sensitive_data to actions]
[2026-03-25 10:04:37,832: INFO: action_dispatcher: Added mask_sensitive_data to actions]
[2026-03-25 10:04:37,832: INFO: action_dispatcher: Added topic_safety_check_input to actions]
[2026-03-25 10:04:37,847: INFO: action_dispatcher: Added trend_ai_guard to actions]
[2026-03-25 10:04:37,849: INFO: action_dispatcher: Added GetCurrentDateTimeAction to actions]
[2026-03-25 10:04:37,851: INFO: action_dispatcher: Registered Actions :: ['ClavataCheckAction', 'GetAttentionPercentageAction', 'GetCurrentDateTimeAction', 'UpdateAttentionMaterializedViewAction', 'ai_defense_inspect', 'alignscore request', 'alignscore_check_facts', 'autoalign_factcheck_output_api', 'autoalign_groundedness_output_api', 'autoalign_input_api', 'autoalign_output_api', 'call cleanlab api', 'call fiddler faithfulness', 'call fiddler safety on bot message', 'call fiddler safety on user message', 'call gcpnlp api', 'call_activefence_api', 'call_policyai_api', 'content_safety_check_input', 'content_safety_check_output', 'create_event', 'crowdstrike_aidr_guard', 'detect_language', 'detect_pii', 'detect_regex_pattern', 'detect_sensitive_data', 'gliner_detect_pii', 'gliner_mask_pii', 'injection_detection', 'jailbreak_detection_heuristics', 'jailbreak_detection_model', 'llama_guard_check_input', 'llama_guard_check_output', 'mask_pii', 'mask_sensitive_data', 'pangea_ai_guard', 'patronus_api_check_output', 'patronus_lynx_check_output_hallucination', 'protect_text', 'retrieve_relevant_chunks', 'self_check_facts', 'self_check_hallucination', 'self_check_input', 'self_check_output', 'topic_safety_check_input', 'trend_ai_guard', 'validate_guardrails_ai_input', 'validate_guardrails_ai_output', 'wolfram alpha request']]
[2026-03-25 10:04:37,851: INFO: action_dispatcher: Action dispatcher initialized]
[2026-03-25 10:04:37,912: WARNING: llmrails: Both an LLM was provided via constructor and a main LLM is specified in the config. The LLM provided via constructor will be used and the main LLM from config will be ignored.]
[2026-03-25 10:04:49,757: INFO: runtime: Processing event: {'type': 'UtteranceUserActionFinished', 'final_transcript': 'hi'}]
[2026-03-25 10:04:49,761: INFO: runtime: Event :: ContextUpdate {'uid': 'a1b27392-c704-491d-b77e-368c7ca1cdde', 'event_created_at': '2026-03-25T04:34:49.761826+00:00', 'source_uid': 'NeMoGuardrails', 'data': {'user_message': 'hi'}}]
[2026-03-25 10:04:49,762: INFO: runtime: Event :: StartInternalSystemAction {'uid': '19292a8c-4731-4fa5-9d1e-09f45e51fb75', 'event_created_at': '2026-03-25T04:34:49.761826+00:00', 'source_uid': 'NeMoGuardrails', 'action_name': 'create_event', 'action_params': {'event': {'_type': 'StartInputRails'}}, 'action_result_key': None, 'action_uid': 'bae78240-a3f0-4c4a-93d4-00bd2a45e359', 'is_system_action': True}]
[2026-03-25 10:04:49,763: INFO: runtime: Processing event: {'type': 'StartInternalSystemAction', 'uid': '19292a8c-4731-4fa5-9d1e-09f45e51fb75', 'event_created_at': '2026-03-25T04:34:49.761826+00:00', 'source_uid': 'NeMoGuardrails', 'action_name': 'create_event', 'action_params': {'event': {'_type': 'StartInputRails'}}, 'action_result_key': None, 'action_uid': 'bae78240-a3f0-4c4a-93d4-00bd2a45e359', 'is_system_action': True}]
[2026-03-25 10:04:49,765: INFO: runtime: Executing action :: create_event]
[2026-03-25 10:04:49,766: INFO: action_dispatcher: Executing registered action: create_event]
[2026-03-25 10:04:49,769: INFO: runtime: Event :: InternalSystemActionFinished {'uid': 'dd0027d9-fe72-4ad5-bee0-c8304dc67a98', 'event_created_at': '2026-03-25T04:34:49.769245+00:00', 'source_uid': 'NeMoGuardrails', 'action_uid': 'bae78240-a3f0-4c4a-93d4-00bd2a45e359', 'action_name': 'create_event', 'action_params': {'event': {'_type': 'StartInputRails'}}, 'action_result_key': None, 'status': 'success', 'is_success': True, 'return_value': None, 'events': [{'type': 'StartInputRails', 'uid': '6af60eb3-1dec-4017-ab67-53a8351ba191', 'event_created_at': '2026-03-25T04:34:49.769245+00:00', 'source_uid': 'NeMoGuardrails'}], 'is_system_action': True, 'action_finished_at': '2026-03-25T04:34:49.769245+00:00'}]
[2026-03-25 10:04:49,770: INFO: runtime: Event :: StartInputRails {'uid': '6af60eb3-1dec-4017-ab67-53a8351ba191', 'event_created_at': '2026-03-25T04:34:49.769245+00:00', 'source_uid': 'NeMoGuardrails'}]
[2026-03-25 10:04:49,772: INFO: runtime: Processing event: {'type': 'StartInputRails', 'uid': '6af60eb3-1dec-4017-ab67-53a8351ba191', 'event_created_at': '2026-03-25T04:34:49.769245+00:00', 'source_uid': 'NeMoGuardrails'}]
[2026-03-25 10:04:49,779: INFO: runtime: Event :: ContextUpdate {'uid': '41dfb949-9fc8-4dfc-8656-b480ed32019c', 'event_created_at': '2026-03-25T04:34:49.779565+00:00', 'source_uid': 'NeMoGuardrails', 'data': {'input_flows': ['check_dangerous_content', 'check_code_content', 'check_unrelated_content'], 'i': 0, 'triggered_input_rail': 'check_dangerous_content'}}]
[2026-03-25 10:04:49,780: INFO: runtime: Event :: StartInternalSystemAction {'uid': '5c5642f9-09ff-4f1f-81a0-9d2264c3fdc2', 'event_created_at': '2026-03-25T04:34:49.779565+00:00', 'source_uid': 'NeMoGuardrails', 'action_name': 'create_event', 'action_params': {'event': {'_type': 'StartInputRail', 'flow_id': '$triggered_input_rail'}}, 'action_result_key': None, 'action_uid': 'ebffbe6b-079b-4fa3-8417-c7491cd0918d', 'is_system_action': True}]
[2026-03-25 10:04:49,784: INFO: runtime: Processing event: {'type': 'StartInternalSystemAction', 'uid': '5c5642f9-09ff-4f1f-81a0-9d2264c3fdc2', 'event_created_at': '2026-03-25T04:34:49.779565+00:00', 'source_uid': 'NeMoGuardrails', 'action_name': 'create_event', 'action_params': {'event': {'_type': 'StartInputRail', 'flow_id': '$triggered_input_rail'}}, 'action_result_key': None, 'action_uid': 'ebffbe6b-079b-4fa3-8417-c7491cd0918d', 'is_system_action': True}]
[2026-03-25 10:04:49,785: INFO: runtime: Executing action :: create_event]
[2026-03-25 10:04:49,787: INFO: action_dispatcher: Executing registered action: create_event]
[2026-03-25 10:04:49,787: INFO: runtime: Event :: InternalSystemActionFinished {'uid': 'b03f9862-9484-48a9-a59a-2c6c00a726ac', 'event_created_at': '2026-03-25T04:34:49.787957+00:00', 'source_uid': 'NeMoGuardrails', 'action_uid': 'ebffbe6b-079b-4fa3-8417-c7491cd0918d', 'action_name': 'create_event', 'action_params': {'event': {'_type': 'StartInputRail', 'flow_id': '$triggered_input_rail'}}, 'action_result_key': None, 'status': 'success', 'is_success': True, 'return_value': None, 'events': [{'type': 'StartInputRail', 'uid': '5d82f6a6-3edc-43e6-9998-9d69859950dd', 'event_created_at': '2026-03-25T04:34:49.787957+00:00', 'source_uid': 'NeMoGuardrails', 'flow_id': 'check_dangerous_content'}], 'is_system_action': True, 'action_finished_at': '2026-03-25T04:34:49.787957+00:00'}]
[2026-03-25 10:04:49,789: INFO: runtime: Event :: StartInputRail {'uid': '5d82f6a6-3edc-43e6-9998-9d69859950dd', 'event_created_at': '2026-03-25T04:34:49.787957+00:00', 'source_uid': 'NeMoGuardrails', 'flow_id': 'check_dangerous_content'}]
[2026-03-25 10:04:49,790: INFO: runtime: Processing event: {'type': 'StartInputRail', 'uid': '5d82f6a6-3edc-43e6-9998-9d69859950dd', 'event_created_at': '2026-03-25T04:34:49.787957+00:00', 'source_uid': 'NeMoGuardrails', 'flow_id': 'check_dangerous_content'}]
[2026-03-25 10:04:49,795: INFO: runtime: Event :: Listen {'uid': 'bed7abff-33eb-4449-9eeb-a9f0e2240246', 'event_created_at': '2026-03-25T04:34:49.795939+00:00', 'source_uid': 'NeMoGuardrails'}]
[2026-03-25 10:04:49,795: INFO: llmrails: --- :: Total processing took 0.04 seconds. Stats: 0 total calls, 0 total time, 0 total tokens, 0 total prompt tokens, 0 total completion tokens, [] as latencies]
[2026-03-25 10:09:18,222: INFO: utils: NumExpr defaulting to 8 threads.]
[2026-03-25 10:09:25,742: INFO: common: yaml file: config\config.yaml loaded successfully]
[2026-03-25 10:09:26,313: INFO: _client: HTTP Request: GET http://10.192.5.51:8000/api/v2/auth/identity "HTTP/1.1 200 OK"]
[2026-03-25 10:09:26,374: INFO: _client: HTTP Request: GET http://10.192.5.51:8000/api/v2/tenants/default_tenant "HTTP/1.1 200 OK"]
[2026-03-25 10:09:26,390: INFO: _client: HTTP Request: GET http://10.192.5.51:8000/api/v2/tenants/default_tenant/databases/default_database "HTTP/1.1 200 OK"]
[2026-03-25 10:09:30,313: INFO: gcp: Attempt 1: GCP default credentials loaded and project 'macomai-441611' obtained.]
[2026-03-25 10:09:32,441: INFO: Login: Entering the login process function]
[2026-03-25 10:09:32,798: INFO: Login: Token and session updated for user: 101373]
[2026-03-25 10:09:38,372: INFO: chatprocess: Initializing vector store with collection]
[2026-03-25 10:09:38,470: INFO: _client: HTTP Request: POST http://10.192.5.51:8000/api/v2/tenants/default_tenant/databases/default_database/collections "HTTP/1.1 200 OK"]
[2026-03-25 10:09:38,499: INFO: _client: HTTP Request: GET http://10.192.5.51:8000/api/v2/tenants/default_tenant/databases/default_database/collections/91518b3b-a2d1-4c38-b8df-01b360936d38/count?read_level=index_and_wal "HTTP/1.1 200 OK"]
[2026-03-25 10:09:38,499: INFO: chatprocess: Connected to Chroma server - Collection 'langchain' has 3764 documents]
[2026-03-25 10:09:38,949: INFO: _client: HTTP Request: HEAD https://huggingface.co/cross-encoder/ms-marco-MiniLM-L-6-v2/resolve/main/config.json "HTTP/1.1 307 Temporary Redirect"]
[2026-03-25 10:09:39,197: INFO: _client: HTTP Request: HEAD https://huggingface.co/cross-encoder/ms-marco-MiniLM-L6-v2/resolve/main/config.json "HTTP/1.1 307 Temporary Redirect"]
[2026-03-25 10:09:39,251: INFO: _client: HTTP Request: HEAD https://huggingface.co/api/resolve-cache/models/cross-encoder/ms-marco-MiniLM-L6-v2/c5ee24cb16019beea0893ab7796b1df96625c6b8/config.json "HTTP/1.1 200 OK"]
[2026-03-25 10:09:40,234: INFO: _client: HTTP Request: HEAD https://huggingface.co/cross-encoder/ms-marco-MiniLM-L-6-v2/resolve/main/config.json "HTTP/1.1 307 Temporary Redirect"]
[2026-03-25 10:09:40,496: INFO: _client: HTTP Request: HEAD https://huggingface.co/cross-encoder/ms-marco-MiniLM-L6-v2/resolve/main/config.json "HTTP/1.1 307 Temporary Redirect"]
[2026-03-25 10:09:40,541: INFO: _client: HTTP Request: HEAD https://huggingface.co/api/resolve-cache/models/cross-encoder/ms-marco-MiniLM-L6-v2/c5ee24cb16019beea0893ab7796b1df96625c6b8/config.json "HTTP/1.1 200 OK"]
[2026-03-25 10:09:40,829: INFO: _client: HTTP Request: HEAD https://huggingface.co/cross-encoder/ms-marco-MiniLM-L-6-v2/resolve/main/tokenizer_config.json "HTTP/1.1 307 Temporary Redirect"]
[2026-03-25 10:09:41,076: INFO: _client: HTTP Request: HEAD https://huggingface.co/cross-encoder/ms-marco-MiniLM-L6-v2/resolve/main/tokenizer_config.json "HTTP/1.1 307 Temporary Redirect"]
[2026-03-25 10:09:41,079: WARNING: _http: Warning: You are sending unauthenticated requests to the HF Hub. Please set a HF_TOKEN to enable higher rate limits and faster downloads.]
[2026-03-25 10:09:41,114: INFO: _client: HTTP Request: HEAD https://huggingface.co/api/resolve-cache/models/cross-encoder/ms-marco-MiniLM-L6-v2/c5ee24cb16019beea0893ab7796b1df96625c6b8/tokenizer_config.json "HTTP/1.1 200 OK"]
[2026-03-25 10:09:41,378: INFO: _client: HTTP Request: GET https://huggingface.co/api/models/cross-encoder/ms-marco-MiniLM-L-6-v2/tree/main/additional_chat_templates?recursive=false&expand=false "HTTP/1.1 307 Temporary Redirect"]
[2026-03-25 10:09:41,635: INFO: _client: HTTP Request: GET https://huggingface.co/api/models/cross-encoder/ms-marco-MiniLM-L6-v2/tree/main/additional_chat_templates?recursive=false&expand=false "HTTP/1.1 404 Not Found"]
[2026-03-25 10:09:41,890: INFO: _client: HTTP Request: GET https://huggingface.co/api/models/cross-encoder/ms-marco-MiniLM-L-6-v2/tree/main?recursive=true&expand=false "HTTP/1.1 307 Temporary Redirect"]
[2026-03-25 10:09:42,142: INFO: _client: HTTP Request: GET https://huggingface.co/api/models/cross-encoder/ms-marco-MiniLM-L6-v2/tree/main?recursive=true&expand=false "HTTP/1.1 200 OK"]
[2026-03-25 10:09:42,477: INFO: _client: HTTP Request: HEAD https://huggingface.co/cross-encoder/ms-marco-MiniLM-L-6-v2/resolve/main/README.md "HTTP/1.1 307 Temporary Redirect"]
[2026-03-25 10:09:42,723: INFO: _client: HTTP Request: HEAD https://huggingface.co/cross-encoder/ms-marco-MiniLM-L6-v2/resolve/main/README.md "HTTP/1.1 307 Temporary Redirect"]
[2026-03-25 10:09:42,768: INFO: _client: HTTP Request: HEAD https://huggingface.co/api/resolve-cache/models/cross-encoder/ms-marco-MiniLM-L6-v2/c5ee24cb16019beea0893ab7796b1df96625c6b8/README.md "HTTP/1.1 200 OK"]
[2026-03-25 10:09:42,771: INFO: CrossEncoder: Use pytorch device: cpu]
[2026-03-25 10:09:43,022: INFO: _client: HTTP Request: GET https://huggingface.co/api/models/cross-encoder/ms-marco-MiniLM-L-6-v2 "HTTP/1.1 307 Temporary Redirect"]
[2026-03-25 10:09:43,271: INFO: _client: HTTP Request: GET https://huggingface.co/api/models/cross-encoder/ms-marco-MiniLM-L6-v2 "HTTP/1.1 200 OK"]
[2026-03-25 10:09:43,285: INFO: token: Entering access token validation method ]
[2026-03-25 10:09:43,320: INFO: guardrails_check: NeMo Guardrails loaded successfully.]
[2026-03-25 10:11:30,764: INFO: action_dispatcher: Initializing action dispatcher]
[2026-03-25 10:11:30,764: INFO: action_dispatcher: Added create_event to actions]
[2026-03-25 10:11:30,773: INFO: action_dispatcher: Added wolfram alpha request to actions]
[2026-03-25 10:11:30,777: INFO: action_dispatcher: Added retrieve_relevant_chunks to actions]
[2026-03-25 10:11:30,862: INFO: action_dispatcher: Added call_activefence_api to actions]
[2026-03-25 10:11:30,862: INFO: action_dispatcher: Added ai_defense_inspect to actions]
[2026-03-25 10:11:30,862: INFO: action_dispatcher: Added GetAttentionPercentageAction to actions]
[2026-03-25 10:11:30,862: INFO: action_dispatcher: Added UpdateAttentionMaterializedViewAction to actions]
[2026-03-25 10:11:30,862: INFO: action_dispatcher: Added autoalign_factcheck_output_api to actions]
[2026-03-25 10:11:30,862: INFO: action_dispatcher: Added autoalign_groundedness_output_api to actions]
[2026-03-25 10:11:30,862: INFO: action_dispatcher: Added autoalign_input_api to actions]
[2026-03-25 10:11:30,862: INFO: action_dispatcher: Added autoalign_output_api to actions]
[2026-03-25 10:11:30,893: INFO: action_dispatcher: Added ClavataCheckAction to actions]
[2026-03-25 10:11:30,893: INFO: action_dispatcher: Added call cleanlab api to actions]
[2026-03-25 10:11:30,893: INFO: action_dispatcher: Added content_safety_check_input to actions]
[2026-03-25 10:11:30,893: INFO: action_dispatcher: Added content_safety_check_output to actions]
[2026-03-25 10:11:30,893: INFO: action_dispatcher: Added detect_language to actions]
[2026-03-25 10:11:30,908: INFO: action_dispatcher: Added crowdstrike_aidr_guard to actions]
[2026-03-25 10:11:30,916: INFO: action_dispatcher: Added alignscore_check_facts to actions]
[2026-03-25 10:11:30,916: INFO: action_dispatcher: Added alignscore request to actions]
[2026-03-25 10:11:30,916: INFO: action_dispatcher: Added self_check_facts to actions]
[2026-03-25 10:11:30,920: INFO: action_dispatcher: Added call fiddler faithfulness to actions]
[2026-03-25 10:11:30,921: INFO: action_dispatcher: Added call fiddler safety on bot message to actions]
[2026-03-25 10:11:30,921: INFO: action_dispatcher: Added call fiddler safety on user message to actions]
[2026-03-25 10:11:30,922: INFO: action_dispatcher: Added call gcpnlp api to actions]
[2026-03-25 10:11:30,941: INFO: action_dispatcher: Added gliner_detect_pii to actions]
[2026-03-25 10:11:30,942: INFO: action_dispatcher: Added gliner_mask_pii to actions]
[2026-03-25 10:11:30,949: INFO: action_dispatcher: Added validate_guardrails_ai_input to actions]
[2026-03-25 10:11:30,949: INFO: action_dispatcher: Added validate_guardrails_ai_output to actions]
[2026-03-25 10:11:30,951: INFO: action_dispatcher: Added self_check_hallucination to actions]
[2026-03-25 10:11:30,955: INFO: action_dispatcher: Added injection_detection to actions]
[2026-03-25 10:11:30,963: INFO: action_dispatcher: Added jailbreak_detection_heuristics to actions]
[2026-03-25 10:11:30,963: INFO: action_dispatcher: Added jailbreak_detection_model to actions]
[2026-03-25 10:11:30,972: INFO: action_dispatcher: Added llama_guard_check_input to actions]
[2026-03-25 10:11:30,972: INFO: action_dispatcher: Added llama_guard_check_output to actions]
[2026-03-25 10:11:30,976: INFO: action_dispatcher: Added pangea_ai_guard to actions]
[2026-03-25 10:11:30,982: INFO: action_dispatcher: Added patronus_api_check_output to actions]
[2026-03-25 10:11:30,982: INFO: action_dispatcher: Added patronus_lynx_check_output_hallucination to actions]
[2026-03-25 10:11:30,984: INFO: action_dispatcher: Added call_policyai_api to actions]
[2026-03-25 10:11:30,987: INFO: action_dispatcher: Added detect_pii to actions]
[2026-03-25 10:11:30,987: INFO: action_dispatcher: Added mask_pii to actions]
[2026-03-25 10:11:30,990: INFO: action_dispatcher: Added protect_text to actions]
[2026-03-25 10:11:30,998: INFO: action_dispatcher: Added detect_regex_pattern to actions]
[2026-03-25 10:11:30,998: INFO: action_dispatcher: Added self_check_facts to actions]
[2026-03-25 10:11:30,998: INFO: action_dispatcher: Added self_check_input to actions]
[2026-03-25 10:11:30,998: INFO: action_dispatcher: Added self_check_output to actions]
[2026-03-25 10:11:31,006: INFO: action_dispatcher: Added detect_sensitive_data to actions]
[2026-03-25 10:11:31,007: INFO: action_dispatcher: Added mask_sensitive_data to actions]
[2026-03-25 10:11:31,011: INFO: action_dispatcher: Added topic_safety_check_input to actions]
[2026-03-25 10:11:31,019: INFO: action_dispatcher: Added trend_ai_guard to actions]
[2026-03-25 10:11:31,021: INFO: action_dispatcher: Added GetCurrentDateTimeAction to actions]
[2026-03-25 10:11:31,021: INFO: action_dispatcher: Registered Actions :: ['ClavataCheckAction', 'GetAttentionPercentageAction', 'GetCurrentDateTimeAction', 'UpdateAttentionMaterializedViewAction', 'ai_defense_inspect', 'alignscore request', 'alignscore_check_facts', 'autoalign_factcheck_output_api', 'autoalign_groundedness_output_api', 'autoalign_input_api', 'autoalign_output_api', 'call cleanlab api', 'call fiddler faithfulness', 'call fiddler safety on bot message', 'call fiddler safety on user message', 'call gcpnlp api', 'call_activefence_api', 'call_policyai_api', 'content_safety_check_input', 'content_safety_check_output', 'create_event', 'crowdstrike_aidr_guard', 'detect_language', 'detect_pii', 'detect_regex_pattern', 'detect_sensitive_data', 'gliner_detect_pii', 'gliner_mask_pii', 'injection_detection', 'jailbreak_detection_heuristics', 'jailbreak_detection_model', 'llama_guard_check_input', 'llama_guard_check_output', 'mask_pii', 'mask_sensitive_data', 'pangea_ai_guard', 'patronus_api_check_output', 'patronus_lynx_check_output_hallucination', 'protect_text', 'retrieve_relevant_chunks', 'self_check_facts', 'self_check_hallucination', 'self_check_input', 'self_check_output', 'topic_safety_check_input', 'trend_ai_guard', 'validate_guardrails_ai_input', 'validate_guardrails_ai_output', 'wolfram alpha request']]
[2026-03-25 10:11:31,021: INFO: action_dispatcher: Action dispatcher initialized]
[2026-03-25 10:11:35,758: INFO: runtime: Processing event: {'type': 'UtteranceUserActionFinished', 'final_transcript': 'hi'}]
[2026-03-25 10:11:35,758: INFO: runtime: Event :: ContextUpdate {'uid': '80999bd4-9595-41bd-95c6-93aa4e526dc1', 'event_created_at': '2026-03-25T04:41:35.758773+00:00', 'source_uid': 'NeMoGuardrails', 'data': {'user_message': 'hi'}}]
[2026-03-25 10:11:35,758: INFO: runtime: Event :: StartInternalSystemAction {'uid': '642949b8-ed0c-4518-947d-f11cd64c554a', 'event_created_at': '2026-03-25T04:41:35.758773+00:00', 'source_uid': 'NeMoGuardrails', 'action_name': 'create_event', 'action_params': {'event': {'_type': 'StartInputRails'}}, 'action_result_key': None, 'action_uid': '6cb6a784-6439-401f-b217-4b56d90b30aa', 'is_system_action': True}]
[2026-03-25 10:11:35,758: INFO: runtime: Processing event: {'type': 'StartInternalSystemAction', 'uid': '642949b8-ed0c-4518-947d-f11cd64c554a', 'event_created_at': '2026-03-25T04:41:35.758773+00:00', 'source_uid': 'NeMoGuardrails', 'action_name': 'create_event', 'action_params': {'event': {'_type': 'StartInputRails'}}, 'action_result_key': None, 'action_uid': '6cb6a784-6439-401f-b217-4b56d90b30aa', 'is_system_action': True}]
[2026-03-25 10:11:35,758: INFO: runtime: Executing action :: create_event]
[2026-03-25 10:11:35,758: INFO: action_dispatcher: Executing registered action: create_event]
[2026-03-25 10:11:35,758: INFO: runtime: Event :: InternalSystemActionFinished {'uid': 'b900e4b7-2673-4e59-8edd-1c5b68b1b9f3', 'event_created_at': '2026-03-25T04:41:35.758773+00:00', 'source_uid': 'NeMoGuardrails', 'action_uid': '6cb6a784-6439-401f-b217-4b56d90b30aa', 'action_name': 'create_event', 'action_params': {'event': {'_type': 'StartInputRails'}}, 'action_result_key': None, 'status': 'success', 'is_success': True, 'return_value': None, 'events': [{'type': 'StartInputRails', 'uid': 'db5a834f-d630-4b72-b064-77409a82bbcc', 'event_created_at': '2026-03-25T04:41:35.758773+00:00', 'source_uid': 'NeMoGuardrails'}], 'is_system_action': True, 'action_finished_at': '2026-03-25T04:41:35.758773+00:00'}]
[2026-03-25 10:11:35,758: INFO: runtime: Event :: StartInputRails {'uid': 'db5a834f-d630-4b72-b064-77409a82bbcc', 'event_created_at': '2026-03-25T04:41:35.758773+00:00', 'source_uid': 'NeMoGuardrails'}]
[2026-03-25 10:11:35,758: INFO: runtime: Processing event: {'type': 'StartInputRails', 'uid': 'db5a834f-d630-4b72-b064-77409a82bbcc', 'event_created_at': '2026-03-25T04:41:35.758773+00:00', 'source_uid': 'NeMoGuardrails'}]
[2026-03-25 10:11:35,767: INFO: runtime: Event :: ContextUpdate {'uid': 'd4d4936c-603e-4f74-abbc-7db89c8c7dd9', 'event_created_at': '2026-03-25T04:41:35.767135+00:00', 'source_uid': 'NeMoGuardrails', 'data': {'input_flows': ['check_dangerous_content', 'check_code_content', 'check_unrelated_content'], 'i': 0, 'triggered_input_rail': 'check_dangerous_content'}}]
[2026-03-25 10:11:35,767: INFO: runtime: Event :: StartInternalSystemAction {'uid': '8646b821-7739-4a1e-9a9c-ec6f7aca0411', 'event_created_at': '2026-03-25T04:41:35.767135+00:00', 'source_uid': 'NeMoGuardrails', 'action_name': 'create_event', 'action_params': {'event': {'_type': 'StartInputRail', 'flow_id': '$triggered_input_rail'}}, 'action_result_key': None, 'action_uid': '66ea912c-82e2-4d2b-89ea-83a4f3418c6e', 'is_system_action': True}]
[2026-03-25 10:11:35,767: INFO: runtime: Processing event: {'type': 'StartInternalSystemAction', 'uid': '8646b821-7739-4a1e-9a9c-ec6f7aca0411', 'event_created_at': '2026-03-25T04:41:35.767135+00:00', 'source_uid': 'NeMoGuardrails', 'action_name': 'create_event', 'action_params': {'event': {'_type': 'StartInputRail', 'flow_id': '$triggered_input_rail'}}, 'action_result_key': None, 'action_uid': '66ea912c-82e2-4d2b-89ea-83a4f3418c6e', 'is_system_action': True}]
[2026-03-25 10:11:35,768: INFO: runtime: Executing action :: create_event]
[2026-03-25 10:11:35,768: INFO: action_dispatcher: Executing registered action: create_event]
[2026-03-25 10:11:35,768: INFO: runtime: Event :: InternalSystemActionFinished {'uid': '3c1d5b5a-b7b7-4491-94f5-6134e52f1191', 'event_created_at': '2026-03-25T04:41:35.768133+00:00', 'source_uid': 'NeMoGuardrails', 'action_uid': '66ea912c-82e2-4d2b-89ea-83a4f3418c6e', 'action_name': 'create_event', 'action_params': {'event': {'_type': 'StartInputRail', 'flow_id': '$triggered_input_rail'}}, 'action_result_key': None, 'status': 'success', 'is_success': True, 'return_value': None, 'events': [{'type': 'StartInputRail', 'uid': 'b74253cb-ec10-4ed5-b3a9-2221a10efdb5', 'event_created_at': '2026-03-25T04:41:35.768133+00:00', 'source_uid': 'NeMoGuardrails', 'flow_id': 'check_dangerous_content'}], 'is_system_action': True, 'action_finished_at': '2026-03-25T04:41:35.768133+00:00'}]
[2026-03-25 10:11:35,768: INFO: runtime: Event :: StartInputRail {'uid': 'b74253cb-ec10-4ed5-b3a9-2221a10efdb5', 'event_created_at': '2026-03-25T04:41:35.768133+00:00', 'source_uid': 'NeMoGuardrails', 'flow_id': 'check_dangerous_content'}]
[2026-03-25 10:11:35,769: INFO: runtime: Processing event: {'type': 'StartInputRail', 'uid': 'b74253cb-ec10-4ed5-b3a9-2221a10efdb5', 'event_created_at': '2026-03-25T04:41:35.768133+00:00', 'source_uid': 'NeMoGuardrails', 'flow_id': 'check_dangerous_content'}]
[2026-03-25 10:11:35,770: INFO: runtime: Event :: Listen {'uid': '808d742c-e76a-4d8b-8005-c3b009c5bb35', 'event_created_at': '2026-03-25T04:41:35.770184+00:00', 'source_uid': 'NeMoGuardrails'}]
[2026-03-25 10:11:35,771: INFO: llmrails: --- :: Total processing took 0.01 seconds. Stats: 0 total calls, 0 total time, 0 total tokens, 0 total prompt tokens, 0 total completion tokens, [] as latencies]
[2026-03-25 10:18:48,970: INFO: utils: NumExpr defaulting to 8 threads.]
[2026-03-25 10:19:03,443: INFO: common: yaml file: config\config.yaml loaded successfully]
[2026-03-25 10:19:04,010: INFO: _client: HTTP Request: GET http://10.192.5.51:8000/api/v2/auth/identity "HTTP/1.1 200 OK"]
[2026-03-25 10:19:04,105: INFO: _client: HTTP Request: GET http://10.192.5.51:8000/api/v2/tenants/default_tenant "HTTP/1.1 200 OK"]
[2026-03-25 10:19:04,128: INFO: _client: HTTP Request: GET http://10.192.5.51:8000/api/v2/tenants/default_tenant/databases/default_database "HTTP/1.1 200 OK"]
[2026-03-25 10:19:07,875: INFO: gcp: Attempt 1: GCP default credentials loaded and project 'macomai-441611' obtained.]
[2026-03-25 10:19:10,191: INFO: Login: Entering the login process function]
[2026-03-25 10:19:10,756: INFO: Login: Token and session updated for user: 101373]
[2026-03-25 10:19:14,407: INFO: chatprocess: Initializing vector store with collection]
[2026-03-25 10:19:14,510: INFO: _client: HTTP Request: POST http://10.192.5.51:8000/api/v2/tenants/default_tenant/databases/default_database/collections "HTTP/1.1 200 OK"]
[2026-03-25 10:19:14,774: INFO: _client: HTTP Request: GET http://10.192.5.51:8000/api/v2/tenants/default_tenant/databases/default_database/collections/91518b3b-a2d1-4c38-b8df-01b360936d38/count?read_level=index_and_wal "HTTP/1.1 200 OK"]
[2026-03-25 10:19:14,776: INFO: chatprocess: Connected to Chroma server - Collection 'langchain' has 3764 documents]
[2026-03-25 10:19:15,226: INFO: _client: HTTP Request: HEAD https://huggingface.co/cross-encoder/ms-marco-MiniLM-L-6-v2/resolve/main/config.json "HTTP/1.1 307 Temporary Redirect"]
[2026-03-25 10:19:15,479: INFO: _client: HTTP Request: HEAD https://huggingface.co/cross-encoder/ms-marco-MiniLM-L6-v2/resolve/main/config.json "HTTP/1.1 307 Temporary Redirect"]
[2026-03-25 10:19:15,479: WARNING: _http: Warning: You are sending unauthenticated requests to the HF Hub. Please set a HF_TOKEN to enable higher rate limits and faster downloads.]
[2026-03-25 10:19:15,511: INFO: _client: HTTP Request: HEAD https://huggingface.co/api/resolve-cache/models/cross-encoder/ms-marco-MiniLM-L6-v2/c5ee24cb16019beea0893ab7796b1df96625c6b8/config.json "HTTP/1.1 200 OK"]
[2026-03-25 10:19:16,317: INFO: _client: HTTP Request: HEAD https://huggingface.co/cross-encoder/ms-marco-MiniLM-L-6-v2/resolve/main/config.json "HTTP/1.1 307 Temporary Redirect"]
[2026-03-25 10:19:16,560: INFO: _client: HTTP Request: HEAD https://huggingface.co/cross-encoder/ms-marco-MiniLM-L6-v2/resolve/main/config.json "HTTP/1.1 307 Temporary Redirect"]
[2026-03-25 10:19:16,612: INFO: _client: HTTP Request: HEAD https://huggingface.co/api/resolve-cache/models/cross-encoder/ms-marco-MiniLM-L6-v2/c5ee24cb16019beea0893ab7796b1df96625c6b8/config.json "HTTP/1.1 200 OK"]
[2026-03-25 10:19:16,860: INFO: _client: HTTP Request: HEAD https://huggingface.co/cross-encoder/ms-marco-MiniLM-L-6-v2/resolve/main/tokenizer_config.json "HTTP/1.1 307 Temporary Redirect"]
[2026-03-25 10:19:17,109: INFO: _client: HTTP Request: HEAD https://huggingface.co/cross-encoder/ms-marco-MiniLM-L6-v2/resolve/main/tokenizer_config.json "HTTP/1.1 307 Temporary Redirect"]
[2026-03-25 10:19:17,162: INFO: _client: HTTP Request: HEAD https://huggingface.co/api/resolve-cache/models/cross-encoder/ms-marco-MiniLM-L6-v2/c5ee24cb16019beea0893ab7796b1df96625c6b8/tokenizer_config.json "HTTP/1.1 200 OK"]
[2026-03-25 10:19:17,441: INFO: _client: HTTP Request: GET https://huggingface.co/api/models/cross-encoder/ms-marco-MiniLM-L-6-v2/tree/main/additional_chat_templates?recursive=false&expand=false "HTTP/1.1 307 Temporary Redirect"]
[2026-03-25 10:19:17,700: INFO: _client: HTTP Request: GET https://huggingface.co/api/models/cross-encoder/ms-marco-MiniLM-L6-v2/tree/main/additional_chat_templates?recursive=false&expand=false "HTTP/1.1 404 Not Found"]
[2026-03-25 10:19:17,953: INFO: _client: HTTP Request: GET https://huggingface.co/api/models/cross-encoder/ms-marco-MiniLM-L-6-v2/tree/main?recursive=true&expand=false "HTTP/1.1 307 Temporary Redirect"]
[2026-03-25 10:19:18,202: INFO: _client: HTTP Request: GET https://huggingface.co/api/models/cross-encoder/ms-marco-MiniLM-L6-v2/tree/main?recursive=true&expand=false "HTTP/1.1 200 OK"]
[2026-03-25 10:19:18,559: INFO: _client: HTTP Request: HEAD https://huggingface.co/cross-encoder/ms-marco-MiniLM-L-6-v2/resolve/main/README.md "HTTP/1.1 307 Temporary Redirect"]
[2026-03-25 10:19:18,810: INFO: _client: HTTP Request: HEAD https://huggingface.co/cross-encoder/ms-marco-MiniLM-L6-v2/resolve/main/README.md "HTTP/1.1 307 Temporary Redirect"]
[2026-03-25 10:19:18,849: INFO: _client: HTTP Request: HEAD https://huggingface.co/api/resolve-cache/models/cross-encoder/ms-marco-MiniLM-L6-v2/c5ee24cb16019beea0893ab7796b1df96625c6b8/README.md "HTTP/1.1 200 OK"]
[2026-03-25 10:19:18,857: INFO: CrossEncoder: Use pytorch device: cpu]
[2026-03-25 10:19:19,107: INFO: _client: HTTP Request: GET https://huggingface.co/api/models/cross-encoder/ms-marco-MiniLM-L-6-v2 "HTTP/1.1 307 Temporary Redirect"]
[2026-03-25 10:19:19,357: INFO: _client: HTTP Request: GET https://huggingface.co/api/models/cross-encoder/ms-marco-MiniLM-L6-v2 "HTTP/1.1 200 OK"]
[2026-03-25 10:19:19,375: INFO: token: Entering access token validation method ]
[2026-03-25 10:19:19,423: INFO: guardrails_check: NeMo Guardrails loaded successfully.]
[2026-03-25 10:21:15,917: INFO: action_dispatcher: Initializing action dispatcher]
[2026-03-25 10:21:15,917: INFO: action_dispatcher: Added create_event to actions]
[2026-03-25 10:21:15,917: INFO: action_dispatcher: Added wolfram alpha request to actions]
[2026-03-25 10:21:15,932: INFO: action_dispatcher: Added retrieve_relevant_chunks to actions]
[2026-03-25 10:21:16,012: INFO: action_dispatcher: Added call_activefence_api to actions]
[2026-03-25 10:21:16,012: INFO: action_dispatcher: Added ai_defense_inspect to actions]
[2026-03-25 10:21:16,012: INFO: action_dispatcher: Added GetAttentionPercentageAction to actions]
[2026-03-25 10:21:16,012: INFO: action_dispatcher: Added UpdateAttentionMaterializedViewAction to actions]
[2026-03-25 10:21:16,023: INFO: action_dispatcher: Added autoalign_factcheck_output_api to actions]
[2026-03-25 10:21:16,023: INFO: action_dispatcher: Added autoalign_groundedness_output_api to actions]
[2026-03-25 10:21:16,025: INFO: action_dispatcher: Added autoalign_input_api to actions]
[2026-03-25 10:21:16,025: INFO: action_dispatcher: Added autoalign_output_api to actions]
[2026-03-25 10:21:16,042: INFO: action_dispatcher: Added ClavataCheckAction to actions]
[2026-03-25 10:21:16,045: INFO: action_dispatcher: Added call cleanlab api to actions]
[2026-03-25 10:21:16,045: INFO: action_dispatcher: Added content_safety_check_input to actions]
[2026-03-25 10:21:16,045: INFO: action_dispatcher: Added content_safety_check_output to actions]
[2026-03-25 10:21:16,045: INFO: action_dispatcher: Added detect_language to actions]
[2026-03-25 10:21:16,060: INFO: action_dispatcher: Added crowdstrike_aidr_guard to actions]
[2026-03-25 10:21:16,068: INFO: action_dispatcher: Added alignscore_check_facts to actions]
[2026-03-25 10:21:16,068: INFO: action_dispatcher: Added alignscore request to actions]
[2026-03-25 10:21:16,068: INFO: action_dispatcher: Added self_check_facts to actions]
[2026-03-25 10:21:16,071: INFO: action_dispatcher: Added call fiddler faithfulness to actions]
[2026-03-25 10:21:16,071: INFO: action_dispatcher: Added call fiddler safety on bot message to actions]
[2026-03-25 10:21:16,071: INFO: action_dispatcher: Added call fiddler safety on user message to actions]
[2026-03-25 10:21:16,075: INFO: action_dispatcher: Added call gcpnlp api to actions]
[2026-03-25 10:21:16,088: INFO: action_dispatcher: Added gliner_detect_pii to actions]
[2026-03-25 10:21:16,088: INFO: action_dispatcher: Added gliner_mask_pii to actions]
[2026-03-25 10:21:16,099: INFO: action_dispatcher: Added validate_guardrails_ai_input to actions]
[2026-03-25 10:21:16,100: INFO: action_dispatcher: Added validate_guardrails_ai_output to actions]
[2026-03-25 10:21:16,102: INFO: action_dispatcher: Added self_check_hallucination to actions]
[2026-03-25 10:21:16,109: INFO: action_dispatcher: Added injection_detection to actions]
[2026-03-25 10:21:16,117: INFO: action_dispatcher: Added jailbreak_detection_heuristics to actions]
[2026-03-25 10:21:16,117: INFO: action_dispatcher: Added jailbreak_detection_model to actions]
[2026-03-25 10:21:16,120: INFO: action_dispatcher: Added llama_guard_check_input to actions]
[2026-03-25 10:21:16,121: INFO: action_dispatcher: Added llama_guard_check_output to actions]
[2026-03-25 10:21:16,124: INFO: action_dispatcher: Added pangea_ai_guard to actions]
[2026-03-25 10:21:16,130: INFO: action_dispatcher: Added patronus_api_check_output to actions]
[2026-03-25 10:21:16,131: INFO: action_dispatcher: Added patronus_lynx_check_output_hallucination to actions]
[2026-03-25 10:21:16,133: INFO: action_dispatcher: Added call_policyai_api to actions]
[2026-03-25 10:21:16,136: INFO: action_dispatcher: Added detect_pii to actions]
[2026-03-25 10:21:16,136: INFO: action_dispatcher: Added mask_pii to actions]
[2026-03-25 10:21:16,140: INFO: action_dispatcher: Added protect_text to actions]
[2026-03-25 10:21:16,144: INFO: action_dispatcher: Added detect_regex_pattern to actions]
[2026-03-25 10:21:16,148: INFO: action_dispatcher: Added self_check_facts to actions]
[2026-03-25 10:21:16,151: INFO: action_dispatcher: Added self_check_input to actions]
[2026-03-25 10:21:16,152: INFO: action_dispatcher: Added self_check_output to actions]
[2026-03-25 10:21:16,157: INFO: action_dispatcher: Added detect_sensitive_data to actions]
[2026-03-25 10:21:16,157: INFO: action_dispatcher: Added mask_sensitive_data to actions]
[2026-03-25 10:21:16,159: INFO: action_dispatcher: Added topic_safety_check_input to actions]
[2026-03-25 10:21:16,161: INFO: action_dispatcher: Added trend_ai_guard to actions]
[2026-03-25 10:21:16,166: INFO: action_dispatcher: Added GetCurrentDateTimeAction to actions]
[2026-03-25 10:21:16,167: INFO: action_dispatcher: Registered Actions :: ['ClavataCheckAction', 'GetAttentionPercentageAction', 'GetCurrentDateTimeAction', 'UpdateAttentionMaterializedViewAction', 'ai_defense_inspect', 'alignscore request', 'alignscore_check_facts', 'autoalign_factcheck_output_api', 'autoalign_groundedness_output_api', 'autoalign_input_api', 'autoalign_output_api', 'call cleanlab api', 'call fiddler faithfulness', 'call fiddler safety on bot message', 'call fiddler safety on user message', 'call gcpnlp api', 'call_activefence_api', 'call_policyai_api', 'content_safety_check_input', 'content_safety_check_output', 'create_event', 'crowdstrike_aidr_guard', 'detect_language', 'detect_pii', 'detect_regex_pattern', 'detect_sensitive_data', 'gliner_detect_pii', 'gliner_mask_pii', 'injection_detection', 'jailbreak_detection_heuristics', 'jailbreak_detection_model', 'llama_guard_check_input', 'llama_guard_check_output', 'mask_pii', 'mask_sensitive_data', 'pangea_ai_guard', 'patronus_api_check_output', 'patronus_lynx_check_output_hallucination', 'protect_text', 'retrieve_relevant_chunks', 'self_check_facts', 'self_check_hallucination', 'self_check_input', 'self_check_output', 'topic_safety_check_input', 'trend_ai_guard', 'validate_guardrails_ai_input', 'validate_guardrails_ai_output', 'wolfram alpha request']]
[2026-03-25 10:21:16,167: INFO: action_dispatcher: Action dispatcher initialized]
[2026-03-25 10:22:03,253: INFO: runtime: Processing event: {'type': 'UtteranceUserActionFinished', 'final_transcript': 'hi'}]
[2026-03-25 10:22:03,259: INFO: runtime: Event :: ContextUpdate {'uid': '5c6accf6-2d36-416f-9b33-c67dfa55607a', 'event_created_at': '2026-03-25T04:52:03.258123+00:00', 'source_uid': 'NeMoGuardrails', 'data': {'user_message': 'hi'}}]
[2026-03-25 10:22:03,259: INFO: runtime: Event :: StartInternalSystemAction {'uid': '76db1076-c771-49bb-9753-8378479f5568', 'event_created_at': '2026-03-25T04:52:03.258123+00:00', 'source_uid': 'NeMoGuardrails', 'action_name': 'create_event', 'action_params': {'event': {'_type': 'StartInputRails'}}, 'action_result_key': None, 'action_uid': '9608eb85-95a1-4fd1-b92a-7386a3e39e06', 'is_system_action': True}]
[2026-03-25 10:22:03,259: INFO: runtime: Processing event: {'type': 'StartInternalSystemAction', 'uid': '76db1076-c771-49bb-9753-8378479f5568', 'event_created_at': '2026-03-25T04:52:03.258123+00:00', 'source_uid': 'NeMoGuardrails', 'action_name': 'create_event', 'action_params': {'event': {'_type': 'StartInputRails'}}, 'action_result_key': None, 'action_uid': '9608eb85-95a1-4fd1-b92a-7386a3e39e06', 'is_system_action': True}]
[2026-03-25 10:22:03,263: INFO: runtime: Executing action :: create_event]
[2026-03-25 10:22:03,263: INFO: action_dispatcher: Executing registered action: create_event]
[2026-03-25 10:22:03,264: INFO: runtime: Event :: InternalSystemActionFinished {'uid': '1520a645-96b0-4bac-8802-bf20dd22ca69', 'event_created_at': '2026-03-25T04:52:03.264970+00:00', 'source_uid': 'NeMoGuardrails', 'action_uid': '9608eb85-95a1-4fd1-b92a-7386a3e39e06', 'action_name': 'create_event', 'action_params': {'event': {'_type': 'StartInputRails'}}, 'action_result_key': None, 'status': 'success', 'is_success': True, 'return_value': None, 'events': [{'type': 'StartInputRails', 'uid': 'd9aa6884-6b91-4124-a8ba-0cbec14db267', 'event_created_at': '2026-03-25T04:52:03.264970+00:00', 'source_uid': 'NeMoGuardrails'}], 'is_system_action': True, 'action_finished_at': '2026-03-25T04:52:03.264970+00:00'}]
[2026-03-25 10:22:03,268: INFO: runtime: Event :: StartInputRails {'uid': 'd9aa6884-6b91-4124-a8ba-0cbec14db267', 'event_created_at': '2026-03-25T04:52:03.264970+00:00', 'source_uid': 'NeMoGuardrails'}]
[2026-03-25 10:22:03,268: INFO: runtime: Processing event: {'type': 'StartInputRails', 'uid': 'd9aa6884-6b91-4124-a8ba-0cbec14db267', 'event_created_at': '2026-03-25T04:52:03.264970+00:00', 'source_uid': 'NeMoGuardrails'}]
[2026-03-25 10:22:03,274: INFO: runtime: Event :: ContextUpdate {'uid': 'e6805841-48c0-4677-a76d-660075f85cb1', 'event_created_at': '2026-03-25T04:52:03.274554+00:00', 'source_uid': 'NeMoGuardrails', 'data': {'input_flows': ['check_dangerous_content', 'check_code_content', 'check_unrelated_content'], 'i': 0, 'triggered_input_rail': 'check_dangerous_content'}}]
[2026-03-25 10:22:03,275: INFO: runtime: Event :: StartInternalSystemAction {'uid': '6467128a-68d0-4d42-a2a3-d7d142f3bc85', 'event_created_at': '2026-03-25T04:52:03.274554+00:00', 'source_uid': 'NeMoGuardrails', 'action_name': 'create_event', 'action_params': {'event': {'_type': 'StartInputRail', 'flow_id': '$triggered_input_rail'}}, 'action_result_key': None, 'action_uid': '174c1024-aa73-4f81-9553-7571a3c98f46', 'is_system_action': True}]
[2026-03-25 10:22:03,276: INFO: runtime: Processing event: {'type': 'StartInternalSystemAction', 'uid': '6467128a-68d0-4d42-a2a3-d7d142f3bc85', 'event_created_at': '2026-03-25T04:52:03.274554+00:00', 'source_uid': 'NeMoGuardrails', 'action_name': 'create_event', 'action_params': {'event': {'_type': 'StartInputRail', 'flow_id': '$triggered_input_rail'}}, 'action_result_key': None, 'action_uid': '174c1024-aa73-4f81-9553-7571a3c98f46', 'is_system_action': True}]
[2026-03-25 10:22:03,276: INFO: runtime: Executing action :: create_event]
[2026-03-25 10:22:03,276: INFO: action_dispatcher: Executing registered action: create_event]
[2026-03-25 10:22:03,276: INFO: runtime: Event :: InternalSystemActionFinished {'uid': '48623f02-e952-4c7b-98de-8e3e2f3225c3', 'event_created_at': '2026-03-25T04:52:03.276467+00:00', 'source_uid': 'NeMoGuardrails', 'action_uid': '174c1024-aa73-4f81-9553-7571a3c98f46', 'action_name': 'create_event', 'action_params': {'event': {'_type': 'StartInputRail', 'flow_id': '$triggered_input_rail'}}, 'action_result_key': None, 'status': 'success', 'is_success': True, 'return_value': None, 'events': [{'type': 'StartInputRail', 'uid': 'ad2ef7a4-2f3f-4e5d-b874-23953b8a9fe4', 'event_created_at': '2026-03-25T04:52:03.276467+00:00', 'source_uid': 'NeMoGuardrails', 'flow_id': 'check_dangerous_content'}], 'is_system_action': True, 'action_finished_at': '2026-03-25T04:52:03.276467+00:00'}]
[2026-03-25 10:22:03,276: INFO: runtime: Event :: StartInputRail {'uid': 'ad2ef7a4-2f3f-4e5d-b874-23953b8a9fe4', 'event_created_at': '2026-03-25T04:52:03.276467+00:00', 'source_uid': 'NeMoGuardrails', 'flow_id': 'check_dangerous_content'}]
[2026-03-25 10:22:03,276: INFO: runtime: Processing event: {'type': 'StartInputRail', 'uid': 'ad2ef7a4-2f3f-4e5d-b874-23953b8a9fe4', 'event_created_at': '2026-03-25T04:52:03.276467+00:00', 'source_uid': 'NeMoGuardrails', 'flow_id': 'check_dangerous_content'}]
[2026-03-25 10:22:03,276: INFO: runtime: Event :: Listen {'uid': 'e60ded49-2fb2-4b91-a492-72fdec0a9f7b', 'event_created_at': '2026-03-25T04:52:03.276467+00:00', 'source_uid': 'NeMoGuardrails'}]
[2026-03-25 10:22:03,276: INFO: llmrails: --- :: Total processing took 0.02 seconds. Stats: 0 total calls, 0 total time, 0 total tokens, 0 total prompt tokens, 0 total completion tokens, [] as latencies]
[2026-03-25 10:22:10,183: INFO: guardrails_check: Guardrails bot reply: '']
[2026-03-25 10:22:10,317: INFO: models: AFC is enabled with max remote calls: 10.]
[2026-03-25 10:22:11,668: INFO: _client: HTTP Request: POST https://aiplatform.googleapis.com/v1beta1/projects/macomai-441611/locations/global/publishers/google/models/gemini-2.5-flash:generateContent "HTTP/1.1 200 OK"]
[2026-03-25 10:22:24,165: INFO: _client: HTTP Request: POST https://aiplatform.googleapis.com/v1beta1/projects/macomai-441611/locations/global/publishers/google/models/text-embedding-004:predict "HTTP/1.1 200 OK"]
[2026-03-25 10:22:24,226: INFO: _client: HTTP Request: POST http://10.192.5.51:8000/api/v2/tenants/default_tenant/databases/default_database/collections/91518b3b-a2d1-4c38-b8df-01b360936d38/query "HTTP/1.1 200 OK"]
[2026-03-25 10:22:24,863: INFO: chatprocess: Formatting 5 documents]
[2026-03-25 10:22:24,867: INFO: models: AFC is enabled with max remote calls: 10.]
[2026-03-25 10:22:26,215: INFO: _client: HTTP Request: POST https://aiplatform.googleapis.com/v1beta1/projects/macomai-441611/locations/global/publishers/google/models/gemini-2.5-flash:generateContent "HTTP/1.1 200 OK"]
[2026-03-25 10:22:26,239: INFO: app: Chat request completed]
[2026-03-25 11:06:10,129: INFO: utils: NumExpr defaulting to 8 threads.]
[2026-03-25 11:06:34,723: INFO: common: yaml file: config\config.yaml loaded successfully]
[2026-03-25 11:06:35,220: INFO: _client: HTTP Request: GET http://10.192.5.51:8000/api/v2/auth/identity "HTTP/1.1 200 OK"]
[2026-03-25 11:06:35,291: INFO: _client: HTTP Request: GET http://10.192.5.51:8000/api/v2/tenants/default_tenant "HTTP/1.1 200 OK"]
[2026-03-25 11:06:35,316: INFO: _client: HTTP Request: GET http://10.192.5.51:8000/api/v2/tenants/default_tenant/databases/default_database "HTTP/1.1 200 OK"]
[2026-03-25 11:06:39,473: INFO: gcp: Attempt 1: GCP default credentials loaded and project 'macomai-441611' obtained.]
[2026-03-25 11:06:42,833: INFO: Login: Entering the login process function]
[2026-03-25 11:06:43,218: INFO: Login: Token and session updated for user: 101373]
[2026-03-25 11:06:51,652: INFO: chatprocess: Initializing vector store with collection]
[2026-03-25 11:06:51,706: INFO: _client: HTTP Request: POST http://10.192.5.51:8000/api/v2/tenants/default_tenant/databases/default_database/collections "HTTP/1.1 200 OK"]
[2026-03-25 11:06:51,743: INFO: _client: HTTP Request: GET http://10.192.5.51:8000/api/v2/tenants/default_tenant/databases/default_database/collections/91518b3b-a2d1-4c38-b8df-01b360936d38/count?read_level=index_and_wal "HTTP/1.1 200 OK"]
[2026-03-25 11:06:51,743: INFO: chatprocess: Connected to Chroma server - Collection 'langchain' has 3764 documents]
[2026-03-25 11:06:52,333: INFO: _client: HTTP Request: HEAD https://huggingface.co/cross-encoder/ms-marco-MiniLM-L-6-v2/resolve/main/config.json "HTTP/1.1 307 Temporary Redirect"]
[2026-03-25 11:06:52,633: INFO: _client: HTTP Request: HEAD https://huggingface.co/cross-encoder/ms-marco-MiniLM-L6-v2/resolve/main/config.json "HTTP/1.1 307 Temporary Redirect"]
[2026-03-25 11:06:52,718: INFO: _client: HTTP Request: HEAD https://huggingface.co/api/resolve-cache/models/cross-encoder/ms-marco-MiniLM-L6-v2/c5ee24cb16019beea0893ab7796b1df96625c6b8/config.json "HTTP/1.1 200 OK"]
[2026-03-25 11:06:53,705: INFO: _client: HTTP Request: HEAD https://huggingface.co/cross-encoder/ms-marco-MiniLM-L-6-v2/resolve/main/config.json "HTTP/1.1 307 Temporary Redirect"]
[2026-03-25 11:06:54,000: INFO: _client: HTTP Request: HEAD https://huggingface.co/cross-encoder/ms-marco-MiniLM-L6-v2/resolve/main/config.json "HTTP/1.1 307 Temporary Redirect"]
[2026-03-25 11:06:54,000: WARNING: _http: Warning: You are sending unauthenticated requests to the HF Hub. Please set a HF_TOKEN to enable higher rate limits and faster downloads.]
[2026-03-25 11:06:54,071: INFO: _client: HTTP Request: HEAD https://huggingface.co/api/resolve-cache/models/cross-encoder/ms-marco-MiniLM-L6-v2/c5ee24cb16019beea0893ab7796b1df96625c6b8/config.json "HTTP/1.1 200 OK"]
[2026-03-25 11:06:54,398: INFO: _client: HTTP Request: HEAD https://huggingface.co/cross-encoder/ms-marco-MiniLM-L-6-v2/resolve/main/tokenizer_config.json "HTTP/1.1 307 Temporary Redirect"]
[2026-03-25 11:06:54,697: INFO: _client: HTTP Request: HEAD https://huggingface.co/cross-encoder/ms-marco-MiniLM-L6-v2/resolve/main/tokenizer_config.json "HTTP/1.1 307 Temporary Redirect"]
[2026-03-25 11:06:54,772: INFO: _client: HTTP Request: HEAD https://huggingface.co/api/resolve-cache/models/cross-encoder/ms-marco-MiniLM-L6-v2/c5ee24cb16019beea0893ab7796b1df96625c6b8/tokenizer_config.json "HTTP/1.1 200 OK"]
[2026-03-25 11:06:55,078: INFO: _client: HTTP Request: GET https://huggingface.co/api/models/cross-encoder/ms-marco-MiniLM-L-6-v2/tree/main/additional_chat_templates?recursive=false&expand=false "HTTP/1.1 307 Temporary Redirect"]
[2026-03-25 11:06:55,372: INFO: _client: HTTP Request: GET https://huggingface.co/api/models/cross-encoder/ms-marco-MiniLM-L6-v2/tree/main/additional_chat_templates?recursive=false&expand=false "HTTP/1.1 404 Not Found"]
[2026-03-25 11:06:55,657: INFO: _client: HTTP Request: GET https://huggingface.co/api/models/cross-encoder/ms-marco-MiniLM-L-6-v2/tree/main?recursive=true&expand=false "HTTP/1.1 307 Temporary Redirect"]
[2026-03-25 11:06:55,954: INFO: _client: HTTP Request: GET https://huggingface.co/api/models/cross-encoder/ms-marco-MiniLM-L6-v2/tree/main?recursive=true&expand=false "HTTP/1.1 200 OK"]
[2026-03-25 11:06:56,308: INFO: _client: HTTP Request: HEAD https://huggingface.co/cross-encoder/ms-marco-MiniLM-L-6-v2/resolve/main/README.md "HTTP/1.1 307 Temporary Redirect"]
[2026-03-25 11:06:56,631: INFO: _client: HTTP Request: HEAD https://huggingface.co/cross-encoder/ms-marco-MiniLM-L6-v2/resolve/main/README.md "HTTP/1.1 307 Temporary Redirect"]
[2026-03-25 11:06:56,716: INFO: _client: HTTP Request: HEAD https://huggingface.co/api/resolve-cache/models/cross-encoder/ms-marco-MiniLM-L6-v2/c5ee24cb16019beea0893ab7796b1df96625c6b8/README.md "HTTP/1.1 200 OK"]
[2026-03-25 11:06:56,732: INFO: CrossEncoder: Use pytorch device: cpu]
[2026-03-25 11:06:57,022: INFO: _client: HTTP Request: GET https://huggingface.co/api/models/cross-encoder/ms-marco-MiniLM-L-6-v2 "HTTP/1.1 307 Temporary Redirect"]
[2026-03-25 11:06:57,309: INFO: _client: HTTP Request: GET https://huggingface.co/api/models/cross-encoder/ms-marco-MiniLM-L6-v2 "HTTP/1.1 200 OK"]
[2026-03-25 11:06:57,309: INFO: token: Entering access token validation method ]
[2026-03-25 11:06:57,356: ERROR: guardrails_check: Guardrails check failed: 1 validation error for RailsConfig
models.0
  Value error, Model name must be specified in exactly one place: either the `model` field, or in `parameters` (`parameters.model` or `parameters.model_name`). [type=value_error, input_value={'type': 'main', 'engine'...ttp://localhost:11434'}}, input_type=dict]
    For further information visit https://errors.pydantic.dev/2.12/v/value_error]
Traceback (most recent call last):
  File "d:\guardrail_implementation_test\guardrails_check.py", line 40, in check_guardrails
    rails = get_rails()
            ^^^^^^^^^^^
  File "d:\guardrail_implementation_test\guardrails_check.py", line 24, in get_rails
    config = RailsConfig.from_content(
             ^^^^^^^^^^^^^^^^^^^^^^^^^
  File "c:\Users\101373\AppData\Local\anaconda3\envs\nemo_env\Lib\site-packages\nemoguardrails\rails\llm\config.py", line 1899, in from_content
    return cls.parse_object(raw_config)
           ^^^^^^^^^^^^^^^^^^^^^^^^^^^^
  File "c:\Users\101373\AppData\Local\anaconda3\envs\nemo_env\Lib\site-packages\nemoguardrails\rails\llm\config.py", line 1913, in parse_object
    return cls.parse_obj(obj)
           ^^^^^^^^^^^^^^^^^^
  File "c:\Users\101373\AppData\Local\anaconda3\envs\nemo_env\Lib\site-packages\pydantic\main.py", line 1370, in parse_obj
    return cls.model_validate(obj)
           ^^^^^^^^^^^^^^^^^^^^^^^
  File "c:\Users\101373\AppData\Local\anaconda3\envs\nemo_env\Lib\site-packages\pydantic\main.py", line 716, in model_validate
    return cls.__pydantic_validator__.validate_python(
           ^^^^^^^^^^^^^^^^^^^^^^^^^^^^^^^^^^^^^^^^^^^
pydantic_core._pydantic_core.ValidationError: 1 validation error for RailsConfig
models.0
  Value error, Model name must be specified in exactly one place: either the `model` field, or in `parameters` (`parameters.model` or `parameters.model_name`). [type=value_error, input_value={'type': 'main', 'engine'...ttp://localhost:11434'}}, input_type=dict]
    For further information visit https://errors.pydantic.dev/2.12/v/value_error
[2026-03-25 11:06:57,464: INFO: models: AFC is enabled with max remote calls: 10.]
[2026-03-25 11:06:59,676: INFO: _client: HTTP Request: POST https://aiplatform.googleapis.com/v1beta1/projects/macomai-441611/locations/global/publishers/google/models/gemini-2.5-flash:generateContent "HTTP/1.1 200 OK"]
[2026-03-25 11:07:11,449: INFO: _client: HTTP Request: POST https://aiplatform.googleapis.com/v1beta1/projects/macomai-441611/locations/global/publishers/google/models/text-embedding-004:predict "HTTP/1.1 200 OK"]
[2026-03-25 11:07:11,484: INFO: _client: HTTP Request: POST http://10.192.5.51:8000/api/v2/tenants/default_tenant/databases/default_database/collections/91518b3b-a2d1-4c38-b8df-01b360936d38/query "HTTP/1.1 200 OK"]
[2026-03-25 11:07:12,281: INFO: chatprocess: Formatting 5 documents]
[2026-03-25 11:07:12,293: INFO: models: AFC is enabled with max remote calls: 10.]
[2026-03-25 11:07:13,351: INFO: _client: HTTP Request: POST https://aiplatform.googleapis.com/v1beta1/projects/macomai-441611/locations/global/publishers/google/models/gemini-2.5-flash:generateContent "HTTP/1.1 200 OK"]
[2026-03-25 11:07:13,370: INFO: app: Chat request completed]
[2026-03-25 11:08:50,887: INFO: utils: NumExpr defaulting to 8 threads.]
[2026-03-25 11:09:00,336: INFO: common: yaml file: config\config.yaml loaded successfully]
[2026-03-25 11:09:00,814: INFO: _client: HTTP Request: GET http://10.192.5.51:8000/api/v2/auth/identity "HTTP/1.1 200 OK"]
[2026-03-25 11:09:00,870: INFO: _client: HTTP Request: GET http://10.192.5.51:8000/api/v2/tenants/default_tenant "HTTP/1.1 200 OK"]
[2026-03-25 11:09:00,884: INFO: _client: HTTP Request: GET http://10.192.5.51:8000/api/v2/tenants/default_tenant/databases/default_database "HTTP/1.1 200 OK"]
[2026-03-25 11:09:05,265: INFO: gcp: Attempt 1: GCP default credentials loaded and project 'macomai-441611' obtained.]
[2026-03-25 11:09:07,671: INFO: Login: Entering the login process function]
[2026-03-25 11:09:08,086: INFO: Login: Token and session updated for user: 101373]
[2026-03-25 11:09:13,362: INFO: chatprocess: Initializing vector store with collection]
[2026-03-25 11:09:13,462: INFO: _client: HTTP Request: POST http://10.192.5.51:8000/api/v2/tenants/default_tenant/databases/default_database/collections "HTTP/1.1 200 OK"]
[2026-03-25 11:09:13,495: INFO: _client: HTTP Request: GET http://10.192.5.51:8000/api/v2/tenants/default_tenant/databases/default_database/collections/91518b3b-a2d1-4c38-b8df-01b360936d38/count?read_level=index_and_wal "HTTP/1.1 200 OK"]
[2026-03-25 11:09:13,497: INFO: chatprocess: Connected to Chroma server - Collection 'langchain' has 3764 documents]
[2026-03-25 11:09:14,048: INFO: _client: HTTP Request: HEAD https://huggingface.co/cross-encoder/ms-marco-MiniLM-L-6-v2/resolve/main/config.json "HTTP/1.1 307 Temporary Redirect"]
[2026-03-25 11:09:14,330: INFO: _client: HTTP Request: HEAD https://huggingface.co/cross-encoder/ms-marco-MiniLM-L6-v2/resolve/main/config.json "HTTP/1.1 307 Temporary Redirect"]
[2026-03-25 11:09:14,345: WARNING: _http: Warning: You are sending unauthenticated requests to the HF Hub. Please set a HF_TOKEN to enable higher rate limits and faster downloads.]
[2026-03-25 11:09:14,436: INFO: _client: HTTP Request: HEAD https://huggingface.co/api/resolve-cache/models/cross-encoder/ms-marco-MiniLM-L6-v2/c5ee24cb16019beea0893ab7796b1df96625c6b8/config.json "HTTP/1.1 200 OK"]
[2026-03-25 11:09:15,059: INFO: _client: HTTP Request: HEAD https://huggingface.co/cross-encoder/ms-marco-MiniLM-L-6-v2/resolve/main/config.json "HTTP/1.1 307 Temporary Redirect"]
[2026-03-25 11:09:15,350: INFO: _client: HTTP Request: HEAD https://huggingface.co/cross-encoder/ms-marco-MiniLM-L6-v2/resolve/main/config.json "HTTP/1.1 307 Temporary Redirect"]
[2026-03-25 11:09:15,421: INFO: _client: HTTP Request: HEAD https://huggingface.co/api/resolve-cache/models/cross-encoder/ms-marco-MiniLM-L6-v2/c5ee24cb16019beea0893ab7796b1df96625c6b8/config.json "HTTP/1.1 200 OK"]
[2026-03-25 11:09:15,712: INFO: _client: HTTP Request: HEAD https://huggingface.co/cross-encoder/ms-marco-MiniLM-L-6-v2/resolve/main/tokenizer_config.json "HTTP/1.1 307 Temporary Redirect"]
[2026-03-25 11:09:15,992: INFO: _client: HTTP Request: HEAD https://huggingface.co/cross-encoder/ms-marco-MiniLM-L6-v2/resolve/main/tokenizer_config.json "HTTP/1.1 307 Temporary Redirect"]
[2026-03-25 11:09:16,080: INFO: _client: HTTP Request: HEAD https://huggingface.co/api/resolve-cache/models/cross-encoder/ms-marco-MiniLM-L6-v2/c5ee24cb16019beea0893ab7796b1df96625c6b8/tokenizer_config.json "HTTP/1.1 200 OK"]
[2026-03-25 11:09:16,374: INFO: _client: HTTP Request: GET https://huggingface.co/api/models/cross-encoder/ms-marco-MiniLM-L-6-v2/tree/main/additional_chat_templates?recursive=false&expand=false "HTTP/1.1 307 Temporary Redirect"]
[2026-03-25 11:09:16,667: INFO: _client: HTTP Request: GET https://huggingface.co/api/models/cross-encoder/ms-marco-MiniLM-L6-v2/tree/main/additional_chat_templates?recursive=false&expand=false "HTTP/1.1 404 Not Found"]
[2026-03-25 11:09:16,967: INFO: _client: HTTP Request: GET https://huggingface.co/api/models/cross-encoder/ms-marco-MiniLM-L-6-v2/tree/main?recursive=true&expand=false "HTTP/1.1 307 Temporary Redirect"]
[2026-03-25 11:09:17,263: INFO: _client: HTTP Request: GET https://huggingface.co/api/models/cross-encoder/ms-marco-MiniLM-L6-v2/tree/main?recursive=true&expand=false "HTTP/1.1 200 OK"]
[2026-03-25 11:09:17,625: INFO: _client: HTTP Request: HEAD https://huggingface.co/cross-encoder/ms-marco-MiniLM-L-6-v2/resolve/main/README.md "HTTP/1.1 307 Temporary Redirect"]
[2026-03-25 11:09:17,913: INFO: _client: HTTP Request: HEAD https://huggingface.co/cross-encoder/ms-marco-MiniLM-L6-v2/resolve/main/README.md "HTTP/1.1 307 Temporary Redirect"]
[2026-03-25 11:09:17,978: INFO: _client: HTTP Request: HEAD https://huggingface.co/api/resolve-cache/models/cross-encoder/ms-marco-MiniLM-L6-v2/c5ee24cb16019beea0893ab7796b1df96625c6b8/README.md "HTTP/1.1 200 OK"]
[2026-03-25 11:09:17,988: INFO: CrossEncoder: Use pytorch device: cpu]
[2026-03-25 11:09:18,279: INFO: _client: HTTP Request: GET https://huggingface.co/api/models/cross-encoder/ms-marco-MiniLM-L-6-v2 "HTTP/1.1 307 Temporary Redirect"]
[2026-03-25 11:09:18,562: INFO: _client: HTTP Request: GET https://huggingface.co/api/models/cross-encoder/ms-marco-MiniLM-L6-v2 "HTTP/1.1 200 OK"]
[2026-03-25 11:09:18,580: INFO: token: Entering access token validation method ]
[2026-03-25 11:09:18,618: INFO: guardrails_check: NeMo Guardrails loaded successfully.]
[2026-03-25 11:09:24,786: INFO: action_dispatcher: Initializing action dispatcher]
[2026-03-25 11:09:24,795: INFO: action_dispatcher: Added create_event to actions]
[2026-03-25 11:09:24,798: INFO: action_dispatcher: Added wolfram alpha request to actions]
[2026-03-25 11:09:24,801: INFO: action_dispatcher: Added retrieve_relevant_chunks to actions]
[2026-03-25 11:09:24,881: INFO: action_dispatcher: Added call_activefence_api to actions]
[2026-03-25 11:09:24,881: INFO: action_dispatcher: Added ai_defense_inspect to actions]
[2026-03-25 11:09:24,881: INFO: action_dispatcher: Added GetAttentionPercentageAction to actions]
[2026-03-25 11:09:24,881: INFO: action_dispatcher: Added UpdateAttentionMaterializedViewAction to actions]
[2026-03-25 11:09:24,891: INFO: action_dispatcher: Added autoalign_factcheck_output_api to actions]
[2026-03-25 11:09:24,891: INFO: action_dispatcher: Added autoalign_groundedness_output_api to actions]
[2026-03-25 11:09:24,891: INFO: action_dispatcher: Added autoalign_input_api to actions]
[2026-03-25 11:09:24,891: INFO: action_dispatcher: Added autoalign_output_api to actions]
[2026-03-25 11:09:24,917: INFO: action_dispatcher: Added ClavataCheckAction to actions]
[2026-03-25 11:09:24,917: INFO: action_dispatcher: Added call cleanlab api to actions]
[2026-03-25 11:09:24,924: INFO: action_dispatcher: Added content_safety_check_input to actions]
[2026-03-25 11:09:24,924: INFO: action_dispatcher: Added content_safety_check_output to actions]
[2026-03-25 11:09:24,924: INFO: action_dispatcher: Added detect_language to actions]
[2026-03-25 11:09:24,934: INFO: action_dispatcher: Added crowdstrike_aidr_guard to actions]
[2026-03-25 11:09:24,942: INFO: action_dispatcher: Added alignscore_check_facts to actions]
[2026-03-25 11:09:24,942: INFO: action_dispatcher: Added alignscore request to actions]
[2026-03-25 11:09:24,942: INFO: action_dispatcher: Added self_check_facts to actions]
[2026-03-25 11:09:24,945: INFO: action_dispatcher: Added call fiddler faithfulness to actions]
[2026-03-25 11:09:24,946: INFO: action_dispatcher: Added call fiddler safety on bot message to actions]
[2026-03-25 11:09:24,946: INFO: action_dispatcher: Added call fiddler safety on user message to actions]
[2026-03-25 11:09:24,946: INFO: action_dispatcher: Added call gcpnlp api to actions]
[2026-03-25 11:09:24,969: INFO: action_dispatcher: Added gliner_detect_pii to actions]
[2026-03-25 11:09:24,969: INFO: action_dispatcher: Added gliner_mask_pii to actions]
[2026-03-25 11:09:24,977: INFO: action_dispatcher: Added validate_guardrails_ai_input to actions]
[2026-03-25 11:09:24,979: INFO: action_dispatcher: Added validate_guardrails_ai_output to actions]
[2026-03-25 11:09:24,983: INFO: action_dispatcher: Added self_check_hallucination to actions]
[2026-03-25 11:09:24,989: INFO: action_dispatcher: Added injection_detection to actions]
[2026-03-25 11:09:25,003: INFO: action_dispatcher: Added jailbreak_detection_heuristics to actions]
[2026-03-25 11:09:25,004: INFO: action_dispatcher: Added jailbreak_detection_model to actions]
[2026-03-25 11:09:25,007: INFO: action_dispatcher: Added llama_guard_check_input to actions]
[2026-03-25 11:09:25,007: INFO: action_dispatcher: Added llama_guard_check_output to actions]
[2026-03-25 11:09:25,019: INFO: action_dispatcher: Added pangea_ai_guard to actions]
[2026-03-25 11:09:25,022: INFO: action_dispatcher: Added patronus_api_check_output to actions]
[2026-03-25 11:09:25,022: INFO: action_dispatcher: Added patronus_lynx_check_output_hallucination to actions]
[2026-03-25 11:09:25,024: INFO: action_dispatcher: Added call_policyai_api to actions]
[2026-03-25 11:09:25,029: INFO: action_dispatcher: Added detect_pii to actions]
[2026-03-25 11:09:25,030: INFO: action_dispatcher: Added mask_pii to actions]
[2026-03-25 11:09:25,035: INFO: action_dispatcher: Added protect_text to actions]
[2026-03-25 11:09:25,036: INFO: action_dispatcher: Added detect_regex_pattern to actions]
[2026-03-25 11:09:25,043: INFO: action_dispatcher: Added self_check_facts to actions]
[2026-03-25 11:09:25,045: INFO: action_dispatcher: Added self_check_input to actions]
[2026-03-25 11:09:25,048: INFO: action_dispatcher: Added self_check_output to actions]
[2026-03-25 11:09:25,053: INFO: action_dispatcher: Added detect_sensitive_data to actions]
[2026-03-25 11:09:25,054: INFO: action_dispatcher: Added mask_sensitive_data to actions]
[2026-03-25 11:09:25,055: INFO: action_dispatcher: Added topic_safety_check_input to actions]
[2026-03-25 11:09:25,057: INFO: action_dispatcher: Added trend_ai_guard to actions]
[2026-03-25 11:09:25,063: INFO: action_dispatcher: Added GetCurrentDateTimeAction to actions]
[2026-03-25 11:09:25,064: INFO: action_dispatcher: Registered Actions :: ['ClavataCheckAction', 'GetAttentionPercentageAction', 'GetCurrentDateTimeAction', 'UpdateAttentionMaterializedViewAction', 'ai_defense_inspect', 'alignscore request', 'alignscore_check_facts', 'autoalign_factcheck_output_api', 'autoalign_groundedness_output_api', 'autoalign_input_api', 'autoalign_output_api', 'call cleanlab api', 'call fiddler faithfulness', 'call fiddler safety on bot message', 'call fiddler safety on user message', 'call gcpnlp api', 'call_activefence_api', 'call_policyai_api', 'content_safety_check_input', 'content_safety_check_output', 'create_event', 'crowdstrike_aidr_guard', 'detect_language', 'detect_pii', 'detect_regex_pattern', 'detect_sensitive_data', 'gliner_detect_pii', 'gliner_mask_pii', 'injection_detection', 'jailbreak_detection_heuristics', 'jailbreak_detection_model', 'llama_guard_check_input', 'llama_guard_check_output', 'mask_pii', 'mask_sensitive_data', 'pangea_ai_guard', 'patronus_api_check_output', 'patronus_lynx_check_output_hallucination', 'protect_text', 'retrieve_relevant_chunks', 'self_check_facts', 'self_check_hallucination', 'self_check_input', 'self_check_output', 'topic_safety_check_input', 'trend_ai_guard', 'validate_guardrails_ai_input', 'validate_guardrails_ai_output', 'wolfram alpha request']]
[2026-03-25 11:09:25,064: INFO: action_dispatcher: Action dispatcher initialized]
[2026-03-25 11:09:29,018: INFO: runtime: Processing event: {'type': 'UtteranceUserActionFinished', 'final_transcript': 'hi'}]
[2026-03-25 11:09:29,020: INFO: runtime: Event :: ContextUpdate {'uid': '1e049177-a600-429d-a62d-82a289a2e043', 'event_created_at': '2026-03-25T05:39:29.020805+00:00', 'source_uid': 'NeMoGuardrails', 'data': {'user_message': 'hi'}}]
[2026-03-25 11:09:29,020: INFO: runtime: Event :: StartInternalSystemAction {'uid': '09bb2af7-7796-4375-b8ba-dbb15c373a1e', 'event_created_at': '2026-03-25T05:39:29.020805+00:00', 'source_uid': 'NeMoGuardrails', 'action_name': 'create_event', 'action_params': {'event': {'_type': 'StartInputRails'}}, 'action_result_key': None, 'action_uid': '0c6ca077-2f24-4afa-85f9-0c40d00931e1', 'is_system_action': True}]
[2026-03-25 11:09:29,020: INFO: runtime: Processing event: {'type': 'StartInternalSystemAction', 'uid': '09bb2af7-7796-4375-b8ba-dbb15c373a1e', 'event_created_at': '2026-03-25T05:39:29.020805+00:00', 'source_uid': 'NeMoGuardrails', 'action_name': 'create_event', 'action_params': {'event': {'_type': 'StartInputRails'}}, 'action_result_key': None, 'action_uid': '0c6ca077-2f24-4afa-85f9-0c40d00931e1', 'is_system_action': True}]
[2026-03-25 11:09:29,020: INFO: runtime: Executing action :: create_event]
[2026-03-25 11:09:29,020: INFO: action_dispatcher: Executing registered action: create_event]
[2026-03-25 11:09:29,020: INFO: runtime: Event :: InternalSystemActionFinished {'uid': '5ebaf90a-33b4-4bd4-a97d-200f993bf48a', 'event_created_at': '2026-03-25T05:39:29.020805+00:00', 'source_uid': 'NeMoGuardrails', 'action_uid': '0c6ca077-2f24-4afa-85f9-0c40d00931e1', 'action_name': 'create_event', 'action_params': {'event': {'_type': 'StartInputRails'}}, 'action_result_key': None, 'status': 'success', 'is_success': True, 'return_value': None, 'events': [{'type': 'StartInputRails', 'uid': 'a3214f2f-ffba-4395-973a-820bce47112d', 'event_created_at': '2026-03-25T05:39:29.020805+00:00', 'source_uid': 'NeMoGuardrails'}], 'is_system_action': True, 'action_finished_at': '2026-03-25T05:39:29.020805+00:00'}]
[2026-03-25 11:09:29,020: INFO: runtime: Event :: StartInputRails {'uid': 'a3214f2f-ffba-4395-973a-820bce47112d', 'event_created_at': '2026-03-25T05:39:29.020805+00:00', 'source_uid': 'NeMoGuardrails'}]
[2026-03-25 11:09:29,020: INFO: runtime: Processing event: {'type': 'StartInputRails', 'uid': 'a3214f2f-ffba-4395-973a-820bce47112d', 'event_created_at': '2026-03-25T05:39:29.020805+00:00', 'source_uid': 'NeMoGuardrails'}]
[2026-03-25 11:09:29,030: INFO: runtime: Event :: ContextUpdate {'uid': 'b4aba041-192c-47fe-a576-f20ac9f0d015', 'event_created_at': '2026-03-25T05:39:29.030807+00:00', 'source_uid': 'NeMoGuardrails', 'data': {'input_flows': ['check_dangerous_content', 'check_code_content', 'check_unrelated_content'], 'i': 0, 'triggered_input_rail': 'check_dangerous_content'}}]
[2026-03-25 11:09:29,030: INFO: runtime: Event :: StartInternalSystemAction {'uid': '5267c792-1e74-4f3e-8ab2-25757018445c', 'event_created_at': '2026-03-25T05:39:29.030807+00:00', 'source_uid': 'NeMoGuardrails', 'action_name': 'create_event', 'action_params': {'event': {'_type': 'StartInputRail', 'flow_id': '$triggered_input_rail'}}, 'action_result_key': None, 'action_uid': '2ea94b82-053e-4fbf-8024-5fe51a08a579', 'is_system_action': True}]
[2026-03-25 11:09:29,032: INFO: runtime: Processing event: {'type': 'StartInternalSystemAction', 'uid': '5267c792-1e74-4f3e-8ab2-25757018445c', 'event_created_at': '2026-03-25T05:39:29.030807+00:00', 'source_uid': 'NeMoGuardrails', 'action_name': 'create_event', 'action_params': {'event': {'_type': 'StartInputRail', 'flow_id': '$triggered_input_rail'}}, 'action_result_key': None, 'action_uid': '2ea94b82-053e-4fbf-8024-5fe51a08a579', 'is_system_action': True}]
[2026-03-25 11:09:29,034: INFO: runtime: Executing action :: create_event]
[2026-03-25 11:09:29,036: INFO: action_dispatcher: Executing registered action: create_event]
[2026-03-25 11:09:29,036: INFO: runtime: Event :: InternalSystemActionFinished {'uid': '22fe5386-bccd-42a7-b35b-d531f62c3ce0', 'event_created_at': '2026-03-25T05:39:29.036131+00:00', 'source_uid': 'NeMoGuardrails', 'action_uid': '2ea94b82-053e-4fbf-8024-5fe51a08a579', 'action_name': 'create_event', 'action_params': {'event': {'_type': 'StartInputRail', 'flow_id': '$triggered_input_rail'}}, 'action_result_key': None, 'status': 'success', 'is_success': True, 'return_value': None, 'events': [{'type': 'StartInputRail', 'uid': 'e09b5a85-98f1-4bab-ad5e-16c00e819037', 'event_created_at': '2026-03-25T05:39:29.036131+00:00', 'source_uid': 'NeMoGuardrails', 'flow_id': 'check_dangerous_content'}], 'is_system_action': True, 'action_finished_at': '2026-03-25T05:39:29.036131+00:00'}]
[2026-03-25 11:09:29,038: INFO: runtime: Event :: StartInputRail {'uid': 'e09b5a85-98f1-4bab-ad5e-16c00e819037', 'event_created_at': '2026-03-25T05:39:29.036131+00:00', 'source_uid': 'NeMoGuardrails', 'flow_id': 'check_dangerous_content'}]
[2026-03-25 11:09:29,038: INFO: runtime: Processing event: {'type': 'StartInputRail', 'uid': 'e09b5a85-98f1-4bab-ad5e-16c00e819037', 'event_created_at': '2026-03-25T05:39:29.036131+00:00', 'source_uid': 'NeMoGuardrails', 'flow_id': 'check_dangerous_content'}]
[2026-03-25 11:09:29,040: INFO: runtime: Event :: Listen {'uid': '8c752480-3b91-44f3-84cb-211e69cbe869', 'event_created_at': '2026-03-25T05:39:29.040913+00:00', 'source_uid': 'NeMoGuardrails'}]
[2026-03-25 11:09:29,042: INFO: llmrails: --- :: Total processing took 0.02 seconds. Stats: 0 total calls, 0 total time, 0 total tokens, 0 total prompt tokens, 0 total completion tokens, [] as latencies]
[2026-03-25 11:09:49,056: INFO: guardrails_check: Guardrails bot reply: '']
[2026-03-25 11:09:59,538: INFO: models: AFC is enabled with max remote calls: 10.]
[2026-03-25 11:10:01,786: INFO: _client: HTTP Request: POST https://aiplatform.googleapis.com/v1beta1/projects/macomai-441611/locations/global/publishers/google/models/gemini-2.5-flash:generateContent "HTTP/1.1 200 OK"]
[2026-03-25 11:10:13,527: INFO: _client: HTTP Request: POST https://aiplatform.googleapis.com/v1beta1/projects/macomai-441611/locations/global/publishers/google/models/text-embedding-004:predict "HTTP/1.1 200 OK"]
[2026-03-25 11:10:13,744: INFO: _client: HTTP Request: POST http://10.192.5.51:8000/api/v2/tenants/default_tenant/databases/default_database/collections/91518b3b-a2d1-4c38-b8df-01b360936d38/query "HTTP/1.1 200 OK"]
[2026-03-25 11:10:15,035: INFO: chatprocess: Formatting 5 documents]
[2026-03-25 11:10:15,057: INFO: models: AFC is enabled with max remote calls: 10.]
[2026-03-25 11:10:17,249: INFO: _client: HTTP Request: POST https://aiplatform.googleapis.com/v1beta1/projects/macomai-441611/locations/global/publishers/google/models/gemini-2.5-flash:generateContent "HTTP/1.1 200 OK"]
[2026-03-25 11:10:17,609: INFO: app: Chat request completed]
[2026-03-25 11:14:32,950: INFO: utils: NumExpr defaulting to 8 threads.]
[2026-03-25 11:14:41,249: INFO: common: yaml file: config\config.yaml loaded successfully]
[2026-03-25 11:14:41,763: INFO: _client: HTTP Request: GET http://10.192.5.51:8000/api/v2/auth/identity "HTTP/1.1 200 OK"]
[2026-03-25 11:14:41,837: INFO: _client: HTTP Request: GET http://10.192.5.51:8000/api/v2/tenants/default_tenant "HTTP/1.1 200 OK"]
[2026-03-25 11:14:41,849: INFO: _client: HTTP Request: GET http://10.192.5.51:8000/api/v2/tenants/default_tenant/databases/default_database "HTTP/1.1 200 OK"]
[2026-03-25 11:14:45,753: INFO: gcp: Attempt 1: GCP default credentials loaded and project 'macomai-441611' obtained.]
[2026-03-25 11:14:48,049: INFO: Login: Entering the login process function]
[2026-03-25 11:14:48,477: INFO: Login: Token and session updated for user: 101373]
[2026-03-25 11:14:54,150: INFO: chatprocess: Initializing vector store with collection]
[2026-03-25 11:14:54,222: INFO: _client: HTTP Request: POST http://10.192.5.51:8000/api/v2/tenants/default_tenant/databases/default_database/collections "HTTP/1.1 200 OK"]
[2026-03-25 11:14:54,252: INFO: _client: HTTP Request: GET http://10.192.5.51:8000/api/v2/tenants/default_tenant/databases/default_database/collections/91518b3b-a2d1-4c38-b8df-01b360936d38/count?read_level=index_and_wal "HTTP/1.1 200 OK"]
[2026-03-25 11:14:54,252: INFO: chatprocess: Connected to Chroma server - Collection 'langchain' has 3764 documents]
[2026-03-25 11:14:54,852: INFO: _client: HTTP Request: HEAD https://huggingface.co/cross-encoder/ms-marco-MiniLM-L-6-v2/resolve/main/config.json "HTTP/1.1 307 Temporary Redirect"]
[2026-03-25 11:14:55,153: INFO: _client: HTTP Request: HEAD https://huggingface.co/cross-encoder/ms-marco-MiniLM-L6-v2/resolve/main/config.json "HTTP/1.1 307 Temporary Redirect"]
[2026-03-25 11:14:55,236: INFO: _client: HTTP Request: HEAD https://huggingface.co/api/resolve-cache/models/cross-encoder/ms-marco-MiniLM-L6-v2/c5ee24cb16019beea0893ab7796b1df96625c6b8/config.json "HTTP/1.1 200 OK"]
[2026-03-25 11:14:55,995: INFO: _client: HTTP Request: HEAD https://huggingface.co/cross-encoder/ms-marco-MiniLM-L-6-v2/resolve/main/config.json "HTTP/1.1 307 Temporary Redirect"]
[2026-03-25 11:14:56,283: INFO: _client: HTTP Request: HEAD https://huggingface.co/cross-encoder/ms-marco-MiniLM-L6-v2/resolve/main/config.json "HTTP/1.1 307 Temporary Redirect"]
[2026-03-25 11:14:56,358: INFO: _client: HTTP Request: HEAD https://huggingface.co/api/resolve-cache/models/cross-encoder/ms-marco-MiniLM-L6-v2/c5ee24cb16019beea0893ab7796b1df96625c6b8/config.json "HTTP/1.1 200 OK"]
[2026-03-25 11:14:56,649: INFO: _client: HTTP Request: HEAD https://huggingface.co/cross-encoder/ms-marco-MiniLM-L-6-v2/resolve/main/tokenizer_config.json "HTTP/1.1 307 Temporary Redirect"]
[2026-03-25 11:14:56,938: INFO: _client: HTTP Request: HEAD https://huggingface.co/cross-encoder/ms-marco-MiniLM-L6-v2/resolve/main/tokenizer_config.json "HTTP/1.1 307 Temporary Redirect"]
[2026-03-25 11:14:57,017: INFO: _client: HTTP Request: HEAD https://huggingface.co/api/resolve-cache/models/cross-encoder/ms-marco-MiniLM-L6-v2/c5ee24cb16019beea0893ab7796b1df96625c6b8/tokenizer_config.json "HTTP/1.1 200 OK"]
[2026-03-25 11:14:57,323: INFO: _client: HTTP Request: GET https://huggingface.co/api/models/cross-encoder/ms-marco-MiniLM-L-6-v2/tree/main/additional_chat_templates?recursive=false&expand=false "HTTP/1.1 307 Temporary Redirect"]
[2026-03-25 11:14:57,613: INFO: _client: HTTP Request: GET https://huggingface.co/api/models/cross-encoder/ms-marco-MiniLM-L6-v2/tree/main/additional_chat_templates?recursive=false&expand=false "HTTP/1.1 404 Not Found"]
[2026-03-25 11:14:57,903: INFO: _client: HTTP Request: GET https://huggingface.co/api/models/cross-encoder/ms-marco-MiniLM-L-6-v2/tree/main?recursive=true&expand=false "HTTP/1.1 307 Temporary Redirect"]
[2026-03-25 11:14:58,180: INFO: _client: HTTP Request: GET https://huggingface.co/api/models/cross-encoder/ms-marco-MiniLM-L6-v2/tree/main?recursive=true&expand=false "HTTP/1.1 200 OK"]
[2026-03-25 11:14:58,548: INFO: _client: HTTP Request: HEAD https://huggingface.co/cross-encoder/ms-marco-MiniLM-L-6-v2/resolve/main/README.md "HTTP/1.1 307 Temporary Redirect"]
[2026-03-25 11:14:58,843: INFO: _client: HTTP Request: HEAD https://huggingface.co/cross-encoder/ms-marco-MiniLM-L6-v2/resolve/main/README.md "HTTP/1.1 307 Temporary Redirect"]
[2026-03-25 11:14:58,918: INFO: _client: HTTP Request: HEAD https://huggingface.co/api/resolve-cache/models/cross-encoder/ms-marco-MiniLM-L6-v2/c5ee24cb16019beea0893ab7796b1df96625c6b8/README.md "HTTP/1.1 200 OK"]
[2026-03-25 11:14:58,922: INFO: CrossEncoder: Use pytorch device: cpu]
[2026-03-25 11:14:59,215: INFO: _client: HTTP Request: GET https://huggingface.co/api/models/cross-encoder/ms-marco-MiniLM-L-6-v2 "HTTP/1.1 307 Temporary Redirect"]
[2026-03-25 11:14:59,521: INFO: _client: HTTP Request: GET https://huggingface.co/api/models/cross-encoder/ms-marco-MiniLM-L6-v2 "HTTP/1.1 200 OK"]
[2026-03-25 11:14:59,529: INFO: token: Entering access token validation method ]
[2026-03-25 11:14:59,567: INFO: guardrails_check: NeMo Guardrails loaded successfully.]
[2026-03-25 11:14:59,919: INFO: action_dispatcher: Initializing action dispatcher]
[2026-03-25 11:14:59,925: INFO: action_dispatcher: Added create_event to actions]
[2026-03-25 11:14:59,925: INFO: action_dispatcher: Added wolfram alpha request to actions]
[2026-03-25 11:14:59,941: INFO: action_dispatcher: Added retrieve_relevant_chunks to actions]
[2026-03-25 11:15:00,053: INFO: action_dispatcher: Added call_activefence_api to actions]
[2026-03-25 11:15:00,053: INFO: action_dispatcher: Added ai_defense_inspect to actions]
[2026-03-25 11:15:00,053: INFO: action_dispatcher: Added GetAttentionPercentageAction to actions]
[2026-03-25 11:15:00,053: INFO: action_dispatcher: Added UpdateAttentionMaterializedViewAction to actions]
[2026-03-25 11:15:00,064: INFO: action_dispatcher: Added autoalign_factcheck_output_api to actions]
[2026-03-25 11:15:00,064: INFO: action_dispatcher: Added autoalign_groundedness_output_api to actions]
[2026-03-25 11:15:00,066: INFO: action_dispatcher: Added autoalign_input_api to actions]
[2026-03-25 11:15:00,067: INFO: action_dispatcher: Added autoalign_output_api to actions]
[2026-03-25 11:15:00,093: INFO: action_dispatcher: Added ClavataCheckAction to actions]
[2026-03-25 11:15:00,105: INFO: action_dispatcher: Added call cleanlab api to actions]
[2026-03-25 11:15:00,109: INFO: action_dispatcher: Added content_safety_check_input to actions]
[2026-03-25 11:15:00,109: INFO: action_dispatcher: Added content_safety_check_output to actions]
[2026-03-25 11:15:00,109: INFO: action_dispatcher: Added detect_language to actions]
[2026-03-25 11:15:00,123: INFO: action_dispatcher: Added crowdstrike_aidr_guard to actions]
[2026-03-25 11:15:00,134: INFO: action_dispatcher: Added alignscore_check_facts to actions]
[2026-03-25 11:15:00,134: INFO: action_dispatcher: Added alignscore request to actions]
[2026-03-25 11:15:00,136: INFO: action_dispatcher: Added self_check_facts to actions]
[2026-03-25 11:15:00,137: INFO: action_dispatcher: Added call fiddler faithfulness to actions]
[2026-03-25 11:15:00,137: INFO: action_dispatcher: Added call fiddler safety on bot message to actions]
[2026-03-25 11:15:00,137: INFO: action_dispatcher: Added call fiddler safety on user message to actions]
[2026-03-25 11:15:00,144: INFO: action_dispatcher: Added call gcpnlp api to actions]
[2026-03-25 11:15:00,171: INFO: action_dispatcher: Added gliner_detect_pii to actions]
[2026-03-25 11:15:00,171: INFO: action_dispatcher: Added gliner_mask_pii to actions]
[2026-03-25 11:15:00,175: INFO: action_dispatcher: Added validate_guardrails_ai_input to actions]
[2026-03-25 11:15:00,175: INFO: action_dispatcher: Added validate_guardrails_ai_output to actions]
[2026-03-25 11:15:00,181: INFO: action_dispatcher: Added self_check_hallucination to actions]
[2026-03-25 11:15:00,190: INFO: action_dispatcher: Added injection_detection to actions]
[2026-03-25 11:15:00,210: INFO: action_dispatcher: Added jailbreak_detection_heuristics to actions]
[2026-03-25 11:15:00,210: INFO: action_dispatcher: Added jailbreak_detection_model to actions]
[2026-03-25 11:15:00,214: INFO: action_dispatcher: Added llama_guard_check_input to actions]
[2026-03-25 11:15:00,215: INFO: action_dispatcher: Added llama_guard_check_output to actions]
[2026-03-25 11:15:00,229: INFO: action_dispatcher: Added pangea_ai_guard to actions]
[2026-03-25 11:15:00,232: INFO: action_dispatcher: Added patronus_api_check_output to actions]
[2026-03-25 11:15:00,234: INFO: action_dispatcher: Added patronus_lynx_check_output_hallucination to actions]
[2026-03-25 11:15:00,237: INFO: action_dispatcher: Added call_policyai_api to actions]
[2026-03-25 11:15:00,244: INFO: action_dispatcher: Added detect_pii to actions]
[2026-03-25 11:15:00,244: INFO: action_dispatcher: Added mask_pii to actions]
[2026-03-25 11:15:00,247: INFO: action_dispatcher: Added protect_text to actions]
[2026-03-25 11:15:00,258: INFO: action_dispatcher: Added detect_regex_pattern to actions]
[2026-03-25 11:15:00,258: INFO: action_dispatcher: Added self_check_facts to actions]
[2026-03-25 11:15:00,262: INFO: action_dispatcher: Added self_check_input to actions]
[2026-03-25 11:15:00,268: INFO: action_dispatcher: Added self_check_output to actions]
[2026-03-25 11:15:00,275: INFO: action_dispatcher: Added detect_sensitive_data to actions]
[2026-03-25 11:15:00,275: INFO: action_dispatcher: Added mask_sensitive_data to actions]
[2026-03-25 11:15:00,278: INFO: action_dispatcher: Added topic_safety_check_input to actions]
[2026-03-25 11:15:00,285: INFO: action_dispatcher: Added trend_ai_guard to actions]
[2026-03-25 11:15:00,289: INFO: action_dispatcher: Added GetCurrentDateTimeAction to actions]
[2026-03-25 11:15:00,290: INFO: action_dispatcher: Registered Actions :: ['ClavataCheckAction', 'GetAttentionPercentageAction', 'GetCurrentDateTimeAction', 'UpdateAttentionMaterializedViewAction', 'ai_defense_inspect', 'alignscore request', 'alignscore_check_facts', 'autoalign_factcheck_output_api', 'autoalign_groundedness_output_api', 'autoalign_input_api', 'autoalign_output_api', 'call cleanlab api', 'call fiddler faithfulness', 'call fiddler safety on bot message', 'call fiddler safety on user message', 'call gcpnlp api', 'call_activefence_api', 'call_policyai_api', 'content_safety_check_input', 'content_safety_check_output', 'create_event', 'crowdstrike_aidr_guard', 'detect_language', 'detect_pii', 'detect_regex_pattern', 'detect_sensitive_data', 'gliner_detect_pii', 'gliner_mask_pii', 'injection_detection', 'jailbreak_detection_heuristics', 'jailbreak_detection_model', 'llama_guard_check_input', 'llama_guard_check_output', 'mask_pii', 'mask_sensitive_data', 'pangea_ai_guard', 'patronus_api_check_output', 'patronus_lynx_check_output_hallucination', 'protect_text', 'retrieve_relevant_chunks', 'self_check_facts', 'self_check_hallucination', 'self_check_input', 'self_check_output', 'topic_safety_check_input', 'trend_ai_guard', 'validate_guardrails_ai_input', 'validate_guardrails_ai_output', 'wolfram alpha request']]
[2026-03-25 11:15:00,290: INFO: action_dispatcher: Action dispatcher initialized]
[2026-03-25 11:15:00,375: INFO: runtime: Processing event: {'type': 'UtteranceUserActionFinished', 'final_transcript': 'hi'}]
[2026-03-25 11:15:00,377: INFO: runtime: Event :: ContextUpdate {'uid': '07aa1a76-eff4-45d2-9d33-ed79f2b67454', 'event_created_at': '2026-03-25T05:45:00.376393+00:00', 'source_uid': 'NeMoGuardrails', 'data': {'user_message': 'hi'}}]
[2026-03-25 11:15:00,377: INFO: runtime: Event :: StartInternalSystemAction {'uid': 'b109f1a9-3f5e-4e7f-a188-3f61c4e0da3c', 'event_created_at': '2026-03-25T05:45:00.376393+00:00', 'source_uid': 'NeMoGuardrails', 'action_name': 'create_event', 'action_params': {'event': {'_type': 'StartInputRails'}}, 'action_result_key': None, 'action_uid': '450da562-c4aa-421f-beab-d1372b5194b7', 'is_system_action': True}]
[2026-03-25 11:15:00,378: INFO: runtime: Processing event: {'type': 'StartInternalSystemAction', 'uid': 'b109f1a9-3f5e-4e7f-a188-3f61c4e0da3c', 'event_created_at': '2026-03-25T05:45:00.376393+00:00', 'source_uid': 'NeMoGuardrails', 'action_name': 'create_event', 'action_params': {'event': {'_type': 'StartInputRails'}}, 'action_result_key': None, 'action_uid': '450da562-c4aa-421f-beab-d1372b5194b7', 'is_system_action': True}]
[2026-03-25 11:15:00,378: INFO: runtime: Executing action :: create_event]
[2026-03-25 11:15:00,379: INFO: action_dispatcher: Executing registered action: create_event]
[2026-03-25 11:15:00,381: INFO: runtime: Event :: InternalSystemActionFinished {'uid': 'd78f8055-24bf-44b9-b531-dda6a5868eeb', 'event_created_at': '2026-03-25T05:45:00.379808+00:00', 'source_uid': 'NeMoGuardrails', 'action_uid': '450da562-c4aa-421f-beab-d1372b5194b7', 'action_name': 'create_event', 'action_params': {'event': {'_type': 'StartInputRails'}}, 'action_result_key': None, 'status': 'success', 'is_success': True, 'return_value': None, 'events': [{'type': 'StartInputRails', 'uid': '64a08df1-6322-4b00-94a0-f58172114824', 'event_created_at': '2026-03-25T05:45:00.379808+00:00', 'source_uid': 'NeMoGuardrails'}], 'is_system_action': True, 'action_finished_at': '2026-03-25T05:45:00.379808+00:00'}]
[2026-03-25 11:15:00,381: INFO: runtime: Event :: StartInputRails {'uid': '64a08df1-6322-4b00-94a0-f58172114824', 'event_created_at': '2026-03-25T05:45:00.379808+00:00', 'source_uid': 'NeMoGuardrails'}]
[2026-03-25 11:15:00,382: INFO: runtime: Processing event: {'type': 'StartInputRails', 'uid': '64a08df1-6322-4b00-94a0-f58172114824', 'event_created_at': '2026-03-25T05:45:00.379808+00:00', 'source_uid': 'NeMoGuardrails'}]
[2026-03-25 11:15:00,384: INFO: runtime: Event :: ContextUpdate {'uid': '851b2bf5-4160-4685-beb6-361a7d33aeea', 'event_created_at': '2026-03-25T05:45:00.384443+00:00', 'source_uid': 'NeMoGuardrails', 'data': {'input_flows': ['check_greeting', 'check_dangerous_content', 'check_code_content', 'check_unrelated_content'], 'i': 0, 'triggered_input_rail': 'check_greeting'}}]
[2026-03-25 11:15:00,385: INFO: runtime: Event :: StartInternalSystemAction {'uid': '7c356630-cd7a-47b5-a62f-c2108a2c33df', 'event_created_at': '2026-03-25T05:45:00.384443+00:00', 'source_uid': 'NeMoGuardrails', 'action_name': 'create_event', 'action_params': {'event': {'_type': 'StartInputRail', 'flow_id': '$triggered_input_rail'}}, 'action_result_key': None, 'action_uid': 'f60ba1e7-6606-488f-8554-7e090272f3af', 'is_system_action': True}]
[2026-03-25 11:15:00,386: INFO: runtime: Processing event: {'type': 'StartInternalSystemAction', 'uid': '7c356630-cd7a-47b5-a62f-c2108a2c33df', 'event_created_at': '2026-03-25T05:45:00.384443+00:00', 'source_uid': 'NeMoGuardrails', 'action_name': 'create_event', 'action_params': {'event': {'_type': 'StartInputRail', 'flow_id': '$triggered_input_rail'}}, 'action_result_key': None, 'action_uid': 'f60ba1e7-6606-488f-8554-7e090272f3af', 'is_system_action': True}]
[2026-03-25 11:15:00,387: INFO: runtime: Executing action :: create_event]
[2026-03-25 11:15:00,387: INFO: action_dispatcher: Executing registered action: create_event]
[2026-03-25 11:15:00,387: INFO: runtime: Event :: InternalSystemActionFinished {'uid': 'd26c5f3d-0bc9-4a10-a092-fa3c4de43ce7', 'event_created_at': '2026-03-25T05:45:00.387891+00:00', 'source_uid': 'NeMoGuardrails', 'action_uid': 'f60ba1e7-6606-488f-8554-7e090272f3af', 'action_name': 'create_event', 'action_params': {'event': {'_type': 'StartInputRail', 'flow_id': '$triggered_input_rail'}}, 'action_result_key': None, 'status': 'success', 'is_success': True, 'return_value': None, 'events': [{'type': 'StartInputRail', 'uid': '76310ea1-4dd0-43b1-a71e-bfd96760dd43', 'event_created_at': '2026-03-25T05:45:00.387891+00:00', 'source_uid': 'NeMoGuardrails', 'flow_id': 'check_greeting'}], 'is_system_action': True, 'action_finished_at': '2026-03-25T05:45:00.387891+00:00'}]
[2026-03-25 11:15:00,391: INFO: runtime: Event :: StartInputRail {'uid': '76310ea1-4dd0-43b1-a71e-bfd96760dd43', 'event_created_at': '2026-03-25T05:45:00.387891+00:00', 'source_uid': 'NeMoGuardrails', 'flow_id': 'check_greeting'}]
[2026-03-25 11:15:00,391: INFO: runtime: Processing event: {'type': 'StartInputRail', 'uid': '76310ea1-4dd0-43b1-a71e-bfd96760dd43', 'event_created_at': '2026-03-25T05:45:00.387891+00:00', 'source_uid': 'NeMoGuardrails', 'flow_id': 'check_greeting'}]
[2026-03-25 11:15:00,391: INFO: runtime: Event :: Listen {'uid': '73f986e5-dcfe-4188-81a4-771f0c842875', 'event_created_at': '2026-03-25T05:45:00.391188+00:00', 'source_uid': 'NeMoGuardrails'}]
[2026-03-25 11:15:00,391: INFO: llmrails: --- :: Total processing took 0.02 seconds. Stats: 0 total calls, 0 total time, 0 total tokens, 0 total prompt tokens, 0 total completion tokens, [] as latencies]
[2026-03-25 11:15:34,679: INFO: guardrails_check: Guardrails NeMo reply: '']
[2026-03-25 11:18:38,890: INFO: utils: NumExpr defaulting to 8 threads.]
[2026-03-25 11:18:48,787: INFO: common: yaml file: config\config.yaml loaded successfully]
[2026-03-25 11:18:49,224: INFO: _client: HTTP Request: GET http://10.192.5.51:8000/api/v2/auth/identity "HTTP/1.1 200 OK"]
[2026-03-25 11:18:49,261: INFO: _client: HTTP Request: GET http://10.192.5.51:8000/api/v2/tenants/default_tenant "HTTP/1.1 200 OK"]
[2026-03-25 11:18:49,272: INFO: _client: HTTP Request: GET http://10.192.5.51:8000/api/v2/tenants/default_tenant/databases/default_database "HTTP/1.1 200 OK"]
[2026-03-25 11:18:52,777: INFO: gcp: Attempt 1: GCP default credentials loaded and project 'macomai-441611' obtained.]
[2026-03-25 11:18:54,975: INFO: Login: Entering the login process function]
[2026-03-25 11:18:55,334: INFO: Login: Token and session updated for user: 101373]
[2026-03-25 11:19:02,296: INFO: chatprocess: Initializing vector store with collection]
[2026-03-25 11:19:02,355: INFO: _client: HTTP Request: POST http://10.192.5.51:8000/api/v2/tenants/default_tenant/databases/default_database/collections "HTTP/1.1 200 OK"]
[2026-03-25 11:19:02,362: INFO: _client: HTTP Request: GET http://10.192.5.51:8000/api/v2/tenants/default_tenant/databases/default_database/collections/91518b3b-a2d1-4c38-b8df-01b360936d38/count?read_level=index_and_wal "HTTP/1.1 200 OK"]
[2026-03-25 11:19:02,382: INFO: chatprocess: Connected to Chroma server - Collection 'langchain' has 3764 documents]
[2026-03-25 11:19:02,877: INFO: _client: HTTP Request: HEAD https://huggingface.co/cross-encoder/ms-marco-MiniLM-L-6-v2/resolve/main/config.json "HTTP/1.1 307 Temporary Redirect"]
[2026-03-25 11:19:03,146: INFO: _client: HTTP Request: HEAD https://huggingface.co/cross-encoder/ms-marco-MiniLM-L6-v2/resolve/main/config.json "HTTP/1.1 307 Temporary Redirect"]
[2026-03-25 11:19:03,201: INFO: _client: HTTP Request: HEAD https://huggingface.co/api/resolve-cache/models/cross-encoder/ms-marco-MiniLM-L6-v2/c5ee24cb16019beea0893ab7796b1df96625c6b8/config.json "HTTP/1.1 200 OK"]
[2026-03-25 11:19:04,047: INFO: _client: HTTP Request: HEAD https://huggingface.co/cross-encoder/ms-marco-MiniLM-L-6-v2/resolve/main/config.json "HTTP/1.1 307 Temporary Redirect"]
[2026-03-25 11:19:04,294: INFO: _client: HTTP Request: HEAD https://huggingface.co/cross-encoder/ms-marco-MiniLM-L6-v2/resolve/main/config.json "HTTP/1.1 307 Temporary Redirect"]
[2026-03-25 11:19:04,330: INFO: _client: HTTP Request: HEAD https://huggingface.co/api/resolve-cache/models/cross-encoder/ms-marco-MiniLM-L6-v2/c5ee24cb16019beea0893ab7796b1df96625c6b8/config.json "HTTP/1.1 200 OK"]
[2026-03-25 11:19:04,652: INFO: _client: HTTP Request: HEAD https://huggingface.co/cross-encoder/ms-marco-MiniLM-L-6-v2/resolve/main/tokenizer_config.json "HTTP/1.1 307 Temporary Redirect"]
[2026-03-25 11:19:04,899: INFO: _client: HTTP Request: HEAD https://huggingface.co/cross-encoder/ms-marco-MiniLM-L6-v2/resolve/main/tokenizer_config.json "HTTP/1.1 307 Temporary Redirect"]
[2026-03-25 11:19:04,900: WARNING: _http: Warning: You are sending unauthenticated requests to the HF Hub. Please set a HF_TOKEN to enable higher rate limits and faster downloads.]
[2026-03-25 11:19:04,936: INFO: _client: HTTP Request: HEAD https://huggingface.co/api/resolve-cache/models/cross-encoder/ms-marco-MiniLM-L6-v2/c5ee24cb16019beea0893ab7796b1df96625c6b8/tokenizer_config.json "HTTP/1.1 200 OK"]
[2026-03-25 11:19:05,226: INFO: _client: HTTP Request: GET https://huggingface.co/api/models/cross-encoder/ms-marco-MiniLM-L-6-v2/tree/main/additional_chat_templates?recursive=false&expand=false "HTTP/1.1 307 Temporary Redirect"]
[2026-03-25 11:19:05,470: INFO: _client: HTTP Request: GET https://huggingface.co/api/models/cross-encoder/ms-marco-MiniLM-L6-v2/tree/main/additional_chat_templates?recursive=false&expand=false "HTTP/1.1 404 Not Found"]
[2026-03-25 11:19:05,723: INFO: _client: HTTP Request: GET https://huggingface.co/api/models/cross-encoder/ms-marco-MiniLM-L-6-v2/tree/main?recursive=true&expand=false "HTTP/1.1 307 Temporary Redirect"]
[2026-03-25 11:19:05,999: INFO: _client: HTTP Request: GET https://huggingface.co/api/models/cross-encoder/ms-marco-MiniLM-L6-v2/tree/main?recursive=true&expand=false "HTTP/1.1 200 OK"]
[2026-03-25 11:19:06,415: INFO: _client: HTTP Request: HEAD https://huggingface.co/cross-encoder/ms-marco-MiniLM-L-6-v2/resolve/main/README.md "HTTP/1.1 307 Temporary Redirect"]
[2026-03-25 11:19:06,789: INFO: _client: HTTP Request: HEAD https://huggingface.co/cross-encoder/ms-marco-MiniLM-L6-v2/resolve/main/README.md "HTTP/1.1 307 Temporary Redirect"]
[2026-03-25 11:19:06,835: INFO: _client: HTTP Request: HEAD https://huggingface.co/api/resolve-cache/models/cross-encoder/ms-marco-MiniLM-L6-v2/c5ee24cb16019beea0893ab7796b1df96625c6b8/README.md "HTTP/1.1 200 OK"]
[2026-03-25 11:19:06,838: INFO: CrossEncoder: Use pytorch device: cpu]
[2026-03-25 11:19:07,094: INFO: _client: HTTP Request: GET https://huggingface.co/api/models/cross-encoder/ms-marco-MiniLM-L-6-v2 "HTTP/1.1 307 Temporary Redirect"]
[2026-03-25 11:19:07,338: INFO: _client: HTTP Request: GET https://huggingface.co/api/models/cross-encoder/ms-marco-MiniLM-L6-v2 "HTTP/1.1 200 OK"]
[2026-03-25 11:19:07,358: INFO: token: Entering access token validation method ]
[2026-03-25 11:19:07,381: INFO: guardrails_check: NeMo Guardrails loaded successfully.]
[2026-03-25 11:19:07,704: INFO: action_dispatcher: Initializing action dispatcher]
[2026-03-25 11:19:07,710: INFO: action_dispatcher: Added create_event to actions]
[2026-03-25 11:19:07,713: INFO: action_dispatcher: Added wolfram alpha request to actions]
[2026-03-25 11:19:07,716: INFO: action_dispatcher: Added retrieve_relevant_chunks to actions]
[2026-03-25 11:19:07,779: INFO: action_dispatcher: Added call_activefence_api to actions]
[2026-03-25 11:19:07,794: INFO: action_dispatcher: Added ai_defense_inspect to actions]
[2026-03-25 11:19:07,797: INFO: action_dispatcher: Added GetAttentionPercentageAction to actions]
[2026-03-25 11:19:07,797: INFO: action_dispatcher: Added UpdateAttentionMaterializedViewAction to actions]
[2026-03-25 11:19:07,799: INFO: action_dispatcher: Added autoalign_factcheck_output_api to actions]
[2026-03-25 11:19:07,799: INFO: action_dispatcher: Added autoalign_groundedness_output_api to actions]
[2026-03-25 11:19:07,801: INFO: action_dispatcher: Added autoalign_input_api to actions]
[2026-03-25 11:19:07,801: INFO: action_dispatcher: Added autoalign_output_api to actions]
[2026-03-25 11:19:07,818: INFO: action_dispatcher: Added ClavataCheckAction to actions]
[2026-03-25 11:19:07,822: INFO: action_dispatcher: Added call cleanlab api to actions]
[2026-03-25 11:19:07,825: INFO: action_dispatcher: Added content_safety_check_input to actions]
[2026-03-25 11:19:07,825: INFO: action_dispatcher: Added content_safety_check_output to actions]
[2026-03-25 11:19:07,826: INFO: action_dispatcher: Added detect_language to actions]
[2026-03-25 11:19:07,835: INFO: action_dispatcher: Added crowdstrike_aidr_guard to actions]
[2026-03-25 11:19:07,842: INFO: action_dispatcher: Added alignscore_check_facts to actions]
[2026-03-25 11:19:07,843: INFO: action_dispatcher: Added alignscore request to actions]
[2026-03-25 11:19:07,843: INFO: action_dispatcher: Added self_check_facts to actions]
[2026-03-25 11:19:07,845: INFO: action_dispatcher: Added call fiddler faithfulness to actions]
[2026-03-25 11:19:07,845: INFO: action_dispatcher: Added call fiddler safety on bot message to actions]
[2026-03-25 11:19:07,845: INFO: action_dispatcher: Added call fiddler safety on user message to actions]
[2026-03-25 11:19:07,851: INFO: action_dispatcher: Added call gcpnlp api to actions]
[2026-03-25 11:19:07,868: INFO: action_dispatcher: Added gliner_detect_pii to actions]
[2026-03-25 11:19:07,868: INFO: action_dispatcher: Added gliner_mask_pii to actions]
[2026-03-25 11:19:07,883: INFO: action_dispatcher: Added validate_guardrails_ai_input to actions]
[2026-03-25 11:19:07,884: INFO: action_dispatcher: Added validate_guardrails_ai_output to actions]
[2026-03-25 11:19:07,886: INFO: action_dispatcher: Added self_check_hallucination to actions]
[2026-03-25 11:19:07,886: INFO: action_dispatcher: Added injection_detection to actions]
[2026-03-25 11:19:07,899: INFO: action_dispatcher: Added jailbreak_detection_heuristics to actions]
[2026-03-25 11:19:07,899: INFO: action_dispatcher: Added jailbreak_detection_model to actions]
[2026-03-25 11:19:07,905: INFO: action_dispatcher: Added llama_guard_check_input to actions]
[2026-03-25 11:19:07,906: INFO: action_dispatcher: Added llama_guard_check_output to actions]
[2026-03-25 11:19:07,910: INFO: action_dispatcher: Added pangea_ai_guard to actions]
[2026-03-25 11:19:07,916: INFO: action_dispatcher: Added patronus_api_check_output to actions]
[2026-03-25 11:19:07,916: INFO: action_dispatcher: Added patronus_lynx_check_output_hallucination to actions]
[2026-03-25 11:19:07,920: INFO: action_dispatcher: Added call_policyai_api to actions]
[2026-03-25 11:19:07,923: INFO: action_dispatcher: Added detect_pii to actions]
[2026-03-25 11:19:07,923: INFO: action_dispatcher: Added mask_pii to actions]
[2026-03-25 11:19:07,927: INFO: action_dispatcher: Added protect_text to actions]
[2026-03-25 11:19:07,929: INFO: action_dispatcher: Added detect_regex_pattern to actions]
[2026-03-25 11:19:07,937: INFO: action_dispatcher: Added self_check_facts to actions]
[2026-03-25 11:19:07,938: INFO: action_dispatcher: Added self_check_input to actions]
[2026-03-25 11:19:07,941: INFO: action_dispatcher: Added self_check_output to actions]
[2026-03-25 11:19:07,944: INFO: action_dispatcher: Added detect_sensitive_data to actions]
[2026-03-25 11:19:07,944: INFO: action_dispatcher: Added mask_sensitive_data to actions]
[2026-03-25 11:19:07,950: INFO: action_dispatcher: Added topic_safety_check_input to actions]
[2026-03-25 11:19:07,953: INFO: action_dispatcher: Added trend_ai_guard to actions]
[2026-03-25 11:19:07,957: INFO: action_dispatcher: Added GetCurrentDateTimeAction to actions]
[2026-03-25 11:19:07,958: INFO: action_dispatcher: Registered Actions :: ['ClavataCheckAction', 'GetAttentionPercentageAction', 'GetCurrentDateTimeAction', 'UpdateAttentionMaterializedViewAction', 'ai_defense_inspect', 'alignscore request', 'alignscore_check_facts', 'autoalign_factcheck_output_api', 'autoalign_groundedness_output_api', 'autoalign_input_api', 'autoalign_output_api', 'call cleanlab api', 'call fiddler faithfulness', 'call fiddler safety on bot message', 'call fiddler safety on user message', 'call gcpnlp api', 'call_activefence_api', 'call_policyai_api', 'content_safety_check_input', 'content_safety_check_output', 'create_event', 'crowdstrike_aidr_guard', 'detect_language', 'detect_pii', 'detect_regex_pattern', 'detect_sensitive_data', 'gliner_detect_pii', 'gliner_mask_pii', 'injection_detection', 'jailbreak_detection_heuristics', 'jailbreak_detection_model', 'llama_guard_check_input', 'llama_guard_check_output', 'mask_pii', 'mask_sensitive_data', 'pangea_ai_guard', 'patronus_api_check_output', 'patronus_lynx_check_output_hallucination', 'protect_text', 'retrieve_relevant_chunks', 'self_check_facts', 'self_check_hallucination', 'self_check_input', 'self_check_output', 'topic_safety_check_input', 'trend_ai_guard', 'validate_guardrails_ai_input', 'validate_guardrails_ai_output', 'wolfram alpha request']]
[2026-03-25 11:19:07,958: INFO: action_dispatcher: Action dispatcher initialized]
[2026-03-25 11:19:08,041: INFO: runtime: Processing event: {'type': 'UtteranceUserActionFinished', 'final_transcript': 'hi'}]
[2026-03-25 11:19:08,043: INFO: runtime: Event :: ContextUpdate {'uid': 'a92765ca-eff2-4bf4-9f00-1543c62c2492', 'event_created_at': '2026-03-25T05:49:08.041133+00:00', 'source_uid': 'NeMoGuardrails', 'data': {'user_message': 'hi'}}]
[2026-03-25 11:19:08,044: INFO: runtime: Event :: StartInternalSystemAction {'uid': '6baf68ee-169f-4c40-93cd-b184fc713b3d', 'event_created_at': '2026-03-25T05:49:08.043826+00:00', 'source_uid': 'NeMoGuardrails', 'action_name': 'create_event', 'action_params': {'event': {'_type': 'StartInputRails'}}, 'action_result_key': None, 'action_uid': '93d536a1-e2f8-45df-aad6-939d60cf3a84', 'is_system_action': True}]
[2026-03-25 11:19:08,044: INFO: runtime: Processing event: {'type': 'StartInternalSystemAction', 'uid': '6baf68ee-169f-4c40-93cd-b184fc713b3d', 'event_created_at': '2026-03-25T05:49:08.043826+00:00', 'source_uid': 'NeMoGuardrails', 'action_name': 'create_event', 'action_params': {'event': {'_type': 'StartInputRails'}}, 'action_result_key': None, 'action_uid': '93d536a1-e2f8-45df-aad6-939d60cf3a84', 'is_system_action': True}]
[2026-03-25 11:19:08,045: INFO: runtime: Executing action :: create_event]
[2026-03-25 11:19:08,045: INFO: action_dispatcher: Executing registered action: create_event]
[2026-03-25 11:19:08,048: INFO: runtime: Event :: InternalSystemActionFinished {'uid': '2018ffa6-df6b-4545-845b-e7ac0ee5adf0', 'event_created_at': '2026-03-25T05:49:08.047241+00:00', 'source_uid': 'NeMoGuardrails', 'action_uid': '93d536a1-e2f8-45df-aad6-939d60cf3a84', 'action_name': 'create_event', 'action_params': {'event': {'_type': 'StartInputRails'}}, 'action_result_key': None, 'status': 'success', 'is_success': True, 'return_value': None, 'events': [{'type': 'StartInputRails', 'uid': '017a13c5-d6ec-49c8-b9c0-7b82a6f21902', 'event_created_at': '2026-03-25T05:49:08.047241+00:00', 'source_uid': 'NeMoGuardrails'}], 'is_system_action': True, 'action_finished_at': '2026-03-25T05:49:08.048620+00:00'}]
[2026-03-25 11:19:08,048: INFO: runtime: Event :: StartInputRails {'uid': '017a13c5-d6ec-49c8-b9c0-7b82a6f21902', 'event_created_at': '2026-03-25T05:49:08.047241+00:00', 'source_uid': 'NeMoGuardrails'}]
[2026-03-25 11:19:08,049: INFO: runtime: Processing event: {'type': 'StartInputRails', 'uid': '017a13c5-d6ec-49c8-b9c0-7b82a6f21902', 'event_created_at': '2026-03-25T05:49:08.047241+00:00', 'source_uid': 'NeMoGuardrails'}]
[2026-03-25 11:19:08,053: INFO: runtime: Event :: ContextUpdate {'uid': '8a1987a4-8e2a-4cc1-bdab-2a3a1444a668', 'event_created_at': '2026-03-25T05:49:08.053052+00:00', 'source_uid': 'NeMoGuardrails', 'data': {'input_flows': ['check_greeting', 'check_dangerous_content', 'check_code_content', 'check_unrelated_content'], 'i': 0, 'triggered_input_rail': 'check_greeting'}}]
[2026-03-25 11:19:08,053: INFO: runtime: Event :: StartInternalSystemAction {'uid': 'e3b5c99d-e769-47a6-96c4-bd9e8ac1c301', 'event_created_at': '2026-03-25T05:49:08.053949+00:00', 'source_uid': 'NeMoGuardrails', 'action_name': 'create_event', 'action_params': {'event': {'_type': 'StartInputRail', 'flow_id': '$triggered_input_rail'}}, 'action_result_key': None, 'action_uid': '0c1cc60b-2779-4473-8d65-a58a166339b8', 'is_system_action': True}]
[2026-03-25 11:19:08,053: INFO: runtime: Processing event: {'type': 'StartInternalSystemAction', 'uid': 'e3b5c99d-e769-47a6-96c4-bd9e8ac1c301', 'event_created_at': '2026-03-25T05:49:08.053949+00:00', 'source_uid': 'NeMoGuardrails', 'action_name': 'create_event', 'action_params': {'event': {'_type': 'StartInputRail', 'flow_id': '$triggered_input_rail'}}, 'action_result_key': None, 'action_uid': '0c1cc60b-2779-4473-8d65-a58a166339b8', 'is_system_action': True}]
[2026-03-25 11:19:08,055: INFO: runtime: Executing action :: create_event]
[2026-03-25 11:19:08,055: INFO: action_dispatcher: Executing registered action: create_event]
[2026-03-25 11:19:08,055: INFO: runtime: Event :: InternalSystemActionFinished {'uid': '16897eb5-3d3e-4947-9a53-45c5c04d41d6', 'event_created_at': '2026-03-25T05:49:08.055968+00:00', 'source_uid': 'NeMoGuardrails', 'action_uid': '0c1cc60b-2779-4473-8d65-a58a166339b8', 'action_name': 'create_event', 'action_params': {'event': {'_type': 'StartInputRail', 'flow_id': '$triggered_input_rail'}}, 'action_result_key': None, 'status': 'success', 'is_success': True, 'return_value': None, 'events': [{'type': 'StartInputRail', 'uid': '0dbd1f3b-0185-4a1f-ac5c-ad935f9cb263', 'event_created_at': '2026-03-25T05:49:08.055968+00:00', 'source_uid': 'NeMoGuardrails', 'flow_id': 'check_greeting'}], 'is_system_action': True, 'action_finished_at': '2026-03-25T05:49:08.055968+00:00'}]
[2026-03-25 11:19:08,055: INFO: runtime: Event :: StartInputRail {'uid': '0dbd1f3b-0185-4a1f-ac5c-ad935f9cb263', 'event_created_at': '2026-03-25T05:49:08.055968+00:00', 'source_uid': 'NeMoGuardrails', 'flow_id': 'check_greeting'}]
[2026-03-25 11:19:08,055: INFO: runtime: Processing event: {'type': 'StartInputRail', 'uid': '0dbd1f3b-0185-4a1f-ac5c-ad935f9cb263', 'event_created_at': '2026-03-25T05:49:08.055968+00:00', 'source_uid': 'NeMoGuardrails', 'flow_id': 'check_greeting'}]
[2026-03-25 11:19:08,055: INFO: runtime: Event :: Listen {'uid': '4ba53958-5053-4cca-b83a-83b8fa118185', 'event_created_at': '2026-03-25T05:49:08.055968+00:00', 'source_uid': 'NeMoGuardrails'}]
[2026-03-25 11:19:08,060: INFO: llmrails: --- :: Total processing took 0.02 seconds. Stats: 0 total calls, 0 total time, 0 total tokens, 0 total prompt tokens, 0 total completion tokens, [] as latencies]
[2026-03-25 11:25:25,441: INFO: utils: NumExpr defaulting to 8 threads.]
[2026-03-25 11:26:22,034: INFO: common: yaml file: config\config.yaml loaded successfully]
[2026-03-25 11:26:22,591: INFO: _client: HTTP Request: GET http://10.192.5.51:8000/api/v2/auth/identity "HTTP/1.1 200 OK"]
[2026-03-25 11:26:22,666: INFO: _client: HTTP Request: GET http://10.192.5.51:8000/api/v2/tenants/default_tenant "HTTP/1.1 200 OK"]
[2026-03-25 11:26:22,687: INFO: _client: HTTP Request: GET http://10.192.5.51:8000/api/v2/tenants/default_tenant/databases/default_database "HTTP/1.1 200 OK"]
[2026-03-25 11:26:26,484: INFO: gcp: Attempt 1: GCP default credentials loaded and project 'macomai-441611' obtained.]
[2026-03-25 11:26:28,814: INFO: Login: Entering the login process function]
[2026-03-25 11:26:29,429: INFO: Login: Token and session updated for user: 101373]
[2026-03-25 11:26:40,782: INFO: chatprocess: Initializing vector store with collection]
[2026-03-25 11:26:40,849: INFO: _client: HTTP Request: POST http://10.192.5.51:8000/api/v2/tenants/default_tenant/databases/default_database/collections "HTTP/1.1 200 OK"]
[2026-03-25 11:26:40,886: INFO: _client: HTTP Request: GET http://10.192.5.51:8000/api/v2/tenants/default_tenant/databases/default_database/collections/91518b3b-a2d1-4c38-b8df-01b360936d38/count?read_level=index_and_wal "HTTP/1.1 200 OK"]
[2026-03-25 11:26:40,888: INFO: chatprocess: Connected to Chroma server - Collection 'langchain' has 3764 documents]
[2026-03-25 11:26:43,366: INFO: _client: HTTP Request: HEAD https://huggingface.co/cross-encoder/ms-marco-MiniLM-L-6-v2/resolve/main/config.json "HTTP/1.1 307 Temporary Redirect"]
[2026-03-25 11:26:44,320: INFO: _client: HTTP Request: HEAD https://huggingface.co/cross-encoder/ms-marco-MiniLM-L6-v2/resolve/main/config.json "HTTP/1.1 307 Temporary Redirect"]
[2026-03-25 11:26:45,063: INFO: _client: HTTP Request: HEAD https://huggingface.co/api/resolve-cache/models/cross-encoder/ms-marco-MiniLM-L6-v2/c5ee24cb16019beea0893ab7796b1df96625c6b8/config.json "HTTP/1.1 200 OK"]
[2026-03-25 11:26:46,304: INFO: _client: HTTP Request: HEAD https://huggingface.co/cross-encoder/ms-marco-MiniLM-L-6-v2/resolve/main/config.json "HTTP/1.1 307 Temporary Redirect"]
[2026-03-25 11:26:47,256: INFO: _client: HTTP Request: HEAD https://huggingface.co/cross-encoder/ms-marco-MiniLM-L6-v2/resolve/main/config.json "HTTP/1.1 307 Temporary Redirect"]
[2026-03-25 11:26:47,981: INFO: _client: HTTP Request: HEAD https://huggingface.co/api/resolve-cache/models/cross-encoder/ms-marco-MiniLM-L6-v2/c5ee24cb16019beea0893ab7796b1df96625c6b8/config.json "HTTP/1.1 200 OK"]
[2026-03-25 11:26:48,941: INFO: _client: HTTP Request: HEAD https://huggingface.co/cross-encoder/ms-marco-MiniLM-L-6-v2/resolve/main/tokenizer_config.json "HTTP/1.1 307 Temporary Redirect"]
[2026-03-25 11:26:49,908: INFO: _client: HTTP Request: HEAD https://huggingface.co/cross-encoder/ms-marco-MiniLM-L6-v2/resolve/main/tokenizer_config.json "HTTP/1.1 307 Temporary Redirect"]
[2026-03-25 11:26:50,654: INFO: _client: HTTP Request: HEAD https://huggingface.co/api/resolve-cache/models/cross-encoder/ms-marco-MiniLM-L6-v2/c5ee24cb16019beea0893ab7796b1df96625c6b8/tokenizer_config.json "HTTP/1.1 200 OK"]
[2026-03-25 11:26:51,608: INFO: _client: HTTP Request: GET https://huggingface.co/api/models/cross-encoder/ms-marco-MiniLM-L-6-v2/tree/main/additional_chat_templates?recursive=false&expand=false "HTTP/1.1 307 Temporary Redirect"]
[2026-03-25 11:26:52,567: INFO: _client: HTTP Request: GET https://huggingface.co/api/models/cross-encoder/ms-marco-MiniLM-L6-v2/tree/main/additional_chat_templates?recursive=false&expand=false "HTTP/1.1 404 Not Found"]
[2026-03-25 11:26:53,514: INFO: _client: HTTP Request: GET https://huggingface.co/api/models/cross-encoder/ms-marco-MiniLM-L-6-v2/tree/main?recursive=true&expand=false "HTTP/1.1 307 Temporary Redirect"]
[2026-03-25 11:26:54,481: INFO: _client: HTTP Request: GET https://huggingface.co/api/models/cross-encoder/ms-marco-MiniLM-L6-v2/tree/main?recursive=true&expand=false "HTTP/1.1 200 OK"]
[2026-03-25 11:26:55,544: INFO: _client: HTTP Request: HEAD https://huggingface.co/cross-encoder/ms-marco-MiniLM-L-6-v2/resolve/main/README.md "HTTP/1.1 307 Temporary Redirect"]
[2026-03-25 11:26:56,557: INFO: _client: HTTP Request: HEAD https://huggingface.co/cross-encoder/ms-marco-MiniLM-L6-v2/resolve/main/README.md "HTTP/1.1 307 Temporary Redirect"]
[2026-03-25 11:26:58,295: INFO: _client: HTTP Request: HEAD https://huggingface.co/api/resolve-cache/models/cross-encoder/ms-marco-MiniLM-L6-v2/c5ee24cb16019beea0893ab7796b1df96625c6b8/README.md "HTTP/1.1 200 OK"]
[2026-03-25 11:26:58,303: INFO: CrossEncoder: Use pytorch device: cpu]
[2026-03-25 11:26:59,274: INFO: _client: HTTP Request: GET https://huggingface.co/api/models/cross-encoder/ms-marco-MiniLM-L-6-v2 "HTTP/1.1 307 Temporary Redirect"]
[2026-03-25 11:27:00,225: INFO: _client: HTTP Request: GET https://huggingface.co/api/models/cross-encoder/ms-marco-MiniLM-L6-v2 "HTTP/1.1 200 OK"]
[2026-03-25 11:27:00,252: INFO: token: Entering access token validation method ]
[2026-03-25 11:27:00,287: INFO: guardrails_check: NeMo Guardrails loaded successfully.]
[2026-03-25 11:27:00,287: WARNING: chat_models: Unexpected argument 'temperatur' provided to ChatGoogleGenerativeAI. Did you mean: 'temperature'?]
[2026-03-25 11:27:01,829: INFO: action_dispatcher: Initializing action dispatcher]
[2026-03-25 11:27:01,837: INFO: action_dispatcher: Added create_event to actions]
[2026-03-25 11:27:01,844: INFO: action_dispatcher: Added wolfram alpha request to actions]
[2026-03-25 11:27:01,848: INFO: action_dispatcher: Added retrieve_relevant_chunks to actions]
[2026-03-25 11:27:01,926: INFO: action_dispatcher: Added call_activefence_api to actions]
[2026-03-25 11:27:01,927: INFO: action_dispatcher: Added ai_defense_inspect to actions]
[2026-03-25 11:27:01,930: INFO: action_dispatcher: Added GetAttentionPercentageAction to actions]
[2026-03-25 11:27:01,930: INFO: action_dispatcher: Added UpdateAttentionMaterializedViewAction to actions]
[2026-03-25 11:27:01,933: INFO: action_dispatcher: Added autoalign_factcheck_output_api to actions]
[2026-03-25 11:27:01,934: INFO: action_dispatcher: Added autoalign_groundedness_output_api to actions]
[2026-03-25 11:27:01,934: INFO: action_dispatcher: Added autoalign_input_api to actions]
[2026-03-25 11:27:01,934: INFO: action_dispatcher: Added autoalign_output_api to actions]
[2026-03-25 11:27:01,951: INFO: action_dispatcher: Added ClavataCheckAction to actions]
[2026-03-25 11:27:01,955: INFO: action_dispatcher: Added call cleanlab api to actions]
[2026-03-25 11:27:01,957: INFO: action_dispatcher: Added content_safety_check_input to actions]
[2026-03-25 11:27:01,957: INFO: action_dispatcher: Added content_safety_check_output to actions]
[2026-03-25 11:27:01,957: INFO: action_dispatcher: Added detect_language to actions]
[2026-03-25 11:27:01,966: INFO: action_dispatcher: Added crowdstrike_aidr_guard to actions]
[2026-03-25 11:27:01,976: INFO: action_dispatcher: Added alignscore_check_facts to actions]
[2026-03-25 11:27:01,976: INFO: action_dispatcher: Added alignscore request to actions]
[2026-03-25 11:27:01,977: INFO: action_dispatcher: Added self_check_facts to actions]
[2026-03-25 11:27:01,980: INFO: action_dispatcher: Added call fiddler faithfulness to actions]
[2026-03-25 11:27:01,980: INFO: action_dispatcher: Added call fiddler safety on bot message to actions]
[2026-03-25 11:27:01,980: INFO: action_dispatcher: Added call fiddler safety on user message to actions]
[2026-03-25 11:27:01,982: INFO: action_dispatcher: Added call gcpnlp api to actions]
[2026-03-25 11:27:01,999: INFO: action_dispatcher: Added gliner_detect_pii to actions]
[2026-03-25 11:27:01,999: INFO: action_dispatcher: Added gliner_mask_pii to actions]
[2026-03-25 11:27:02,015: INFO: action_dispatcher: Added validate_guardrails_ai_input to actions]
[2026-03-25 11:27:02,015: INFO: action_dispatcher: Added validate_guardrails_ai_output to actions]
[2026-03-25 11:27:02,023: INFO: action_dispatcher: Added self_check_hallucination to actions]
[2026-03-25 11:27:02,028: INFO: action_dispatcher: Added injection_detection to actions]
[2026-03-25 11:27:02,036: INFO: action_dispatcher: Added jailbreak_detection_heuristics to actions]
[2026-03-25 11:27:02,036: INFO: action_dispatcher: Added jailbreak_detection_model to actions]
[2026-03-25 11:27:02,043: INFO: action_dispatcher: Added llama_guard_check_input to actions]
[2026-03-25 11:27:02,044: INFO: action_dispatcher: Added llama_guard_check_output to actions]
[2026-03-25 11:27:02,053: INFO: action_dispatcher: Added pangea_ai_guard to actions]
[2026-03-25 11:27:02,055: INFO: action_dispatcher: Added patronus_api_check_output to actions]
[2026-03-25 11:27:02,056: INFO: action_dispatcher: Added patronus_lynx_check_output_hallucination to actions]
[2026-03-25 11:27:02,057: INFO: action_dispatcher: Added call_policyai_api to actions]
[2026-03-25 11:27:02,057: INFO: action_dispatcher: Added detect_pii to actions]
[2026-03-25 11:27:02,057: INFO: action_dispatcher: Added mask_pii to actions]
[2026-03-25 11:27:02,062: INFO: action_dispatcher: Added protect_text to actions]
[2026-03-25 11:27:02,073: INFO: action_dispatcher: Added detect_regex_pattern to actions]
[2026-03-25 11:27:02,074: INFO: action_dispatcher: Added self_check_facts to actions]
[2026-03-25 11:27:02,075: INFO: action_dispatcher: Added self_check_input to actions]
[2026-03-25 11:27:02,075: INFO: action_dispatcher: Added self_check_output to actions]
[2026-03-25 11:27:02,080: INFO: action_dispatcher: Added detect_sensitive_data to actions]
[2026-03-25 11:27:02,080: INFO: action_dispatcher: Added mask_sensitive_data to actions]
[2026-03-25 11:27:02,084: INFO: action_dispatcher: Added topic_safety_check_input to actions]
[2026-03-25 11:27:02,091: INFO: action_dispatcher: Added trend_ai_guard to actions]
[2026-03-25 11:27:02,092: INFO: action_dispatcher: Added GetCurrentDateTimeAction to actions]
[2026-03-25 11:27:02,093: INFO: action_dispatcher: Registered Actions :: ['ClavataCheckAction', 'GetAttentionPercentageAction', 'GetCurrentDateTimeAction', 'UpdateAttentionMaterializedViewAction', 'ai_defense_inspect', 'alignscore request', 'alignscore_check_facts', 'autoalign_factcheck_output_api', 'autoalign_groundedness_output_api', 'autoalign_input_api', 'autoalign_output_api', 'call cleanlab api', 'call fiddler faithfulness', 'call fiddler safety on bot message', 'call fiddler safety on user message', 'call gcpnlp api', 'call_activefence_api', 'call_policyai_api', 'content_safety_check_input', 'content_safety_check_output', 'create_event', 'crowdstrike_aidr_guard', 'detect_language', 'detect_pii', 'detect_regex_pattern', 'detect_sensitive_data', 'gliner_detect_pii', 'gliner_mask_pii', 'injection_detection', 'jailbreak_detection_heuristics', 'jailbreak_detection_model', 'llama_guard_check_input', 'llama_guard_check_output', 'mask_pii', 'mask_sensitive_data', 'pangea_ai_guard', 'patronus_api_check_output', 'patronus_lynx_check_output_hallucination', 'protect_text', 'retrieve_relevant_chunks', 'self_check_facts', 'self_check_hallucination', 'self_check_input', 'self_check_output', 'topic_safety_check_input', 'trend_ai_guard', 'validate_guardrails_ai_input', 'validate_guardrails_ai_output', 'wolfram alpha request']]
[2026-03-25 11:27:02,093: INFO: action_dispatcher: Action dispatcher initialized]
[2026-03-25 11:27:02,152: INFO: runtime: Processing event: {'type': 'UtteranceUserActionFinished', 'final_transcript': 'hi'}]
[2026-03-25 11:27:02,166: INFO: runtime: Event :: ContextUpdate {'uid': '04f88e14-2062-4bee-a94a-16e53ced6e00', 'event_created_at': '2026-03-25T05:57:02.166328+00:00', 'source_uid': 'NeMoGuardrails', 'data': {'user_message': 'hi'}}]
[2026-03-25 11:27:02,167: INFO: runtime: Event :: StartInternalSystemAction {'uid': '27f672c0-404e-4145-94ae-999f73936354', 'event_created_at': '2026-03-25T05:57:02.166328+00:00', 'source_uid': 'NeMoGuardrails', 'action_name': 'create_event', 'action_params': {'event': {'_type': 'StartInputRails'}}, 'action_result_key': None, 'action_uid': '77622cd0-b75a-4813-bd9b-3785516e91b5', 'is_system_action': True}]
[2026-03-25 11:27:02,167: INFO: runtime: Processing event: {'type': 'StartInternalSystemAction', 'uid': '27f672c0-404e-4145-94ae-999f73936354', 'event_created_at': '2026-03-25T05:57:02.166328+00:00', 'source_uid': 'NeMoGuardrails', 'action_name': 'create_event', 'action_params': {'event': {'_type': 'StartInputRails'}}, 'action_result_key': None, 'action_uid': '77622cd0-b75a-4813-bd9b-3785516e91b5', 'is_system_action': True}]
[2026-03-25 11:27:02,167: INFO: runtime: Executing action :: create_event]
[2026-03-25 11:27:02,168: INFO: action_dispatcher: Executing registered action: create_event]
[2026-03-25 11:27:02,168: INFO: runtime: Event :: InternalSystemActionFinished {'uid': 'edf94948-7922-4b7b-8184-f0cc6af3503b', 'event_created_at': '2026-03-25T05:57:02.168363+00:00', 'source_uid': 'NeMoGuardrails', 'action_uid': '77622cd0-b75a-4813-bd9b-3785516e91b5', 'action_name': 'create_event', 'action_params': {'event': {'_type': 'StartInputRails'}}, 'action_result_key': None, 'status': 'success', 'is_success': True, 'return_value': None, 'events': [{'type': 'StartInputRails', 'uid': '2c1d09fb-0ee5-48bd-b3e1-29d885678220', 'event_created_at': '2026-03-25T05:57:02.168363+00:00', 'source_uid': 'NeMoGuardrails'}], 'is_system_action': True, 'action_finished_at': '2026-03-25T05:57:02.168363+00:00'}]
[2026-03-25 11:27:02,169: INFO: runtime: Event :: StartInputRails {'uid': '2c1d09fb-0ee5-48bd-b3e1-29d885678220', 'event_created_at': '2026-03-25T05:57:02.168363+00:00', 'source_uid': 'NeMoGuardrails'}]
[2026-03-25 11:27:02,169: INFO: runtime: Processing event: {'type': 'StartInputRails', 'uid': '2c1d09fb-0ee5-48bd-b3e1-29d885678220', 'event_created_at': '2026-03-25T05:57:02.168363+00:00', 'source_uid': 'NeMoGuardrails'}]
[2026-03-25 11:27:02,170: INFO: runtime: Event :: ContextUpdate {'uid': '4ffecdb8-a85a-4f63-8692-defde8a4c82d', 'event_created_at': '2026-03-25T05:57:02.170564+00:00', 'source_uid': 'NeMoGuardrails', 'data': {'input_flows': ['check_greeting', 'check_dangerous_content', 'check_code_content', 'check_unrelated_content'], 'i': 0, 'triggered_input_rail': 'check_greeting'}}]
[2026-03-25 11:27:02,171: INFO: runtime: Event :: StartInternalSystemAction {'uid': 'e4392ba7-a443-4bd9-aef4-0373d83efd7f', 'event_created_at': '2026-03-25T05:57:02.170564+00:00', 'source_uid': 'NeMoGuardrails', 'action_name': 'create_event', 'action_params': {'event': {'_type': 'StartInputRail', 'flow_id': '$triggered_input_rail'}}, 'action_result_key': None, 'action_uid': 'c6e7d605-a0e8-4cae-9dc3-9eadd8df9256', 'is_system_action': True}]
[2026-03-25 11:27:02,172: INFO: runtime: Processing event: {'type': 'StartInternalSystemAction', 'uid': 'e4392ba7-a443-4bd9-aef4-0373d83efd7f', 'event_created_at': '2026-03-25T05:57:02.170564+00:00', 'source_uid': 'NeMoGuardrails', 'action_name': 'create_event', 'action_params': {'event': {'_type': 'StartInputRail', 'flow_id': '$triggered_input_rail'}}, 'action_result_key': None, 'action_uid': 'c6e7d605-a0e8-4cae-9dc3-9eadd8df9256', 'is_system_action': True}]
[2026-03-25 11:27:02,172: INFO: runtime: Executing action :: create_event]
[2026-03-25 11:27:02,172: INFO: action_dispatcher: Executing registered action: create_event]
[2026-03-25 11:27:02,173: INFO: runtime: Event :: InternalSystemActionFinished {'uid': 'd42f1d35-ca9f-4153-bca7-8588462b6b25', 'event_created_at': '2026-03-25T05:57:02.173740+00:00', 'source_uid': 'NeMoGuardrails', 'action_uid': 'c6e7d605-a0e8-4cae-9dc3-9eadd8df9256', 'action_name': 'create_event', 'action_params': {'event': {'_type': 'StartInputRail', 'flow_id': '$triggered_input_rail'}}, 'action_result_key': None, 'status': 'success', 'is_success': True, 'return_value': None, 'events': [{'type': 'StartInputRail', 'uid': '03264d0f-b2cb-4224-a2ce-5a2f97bd0248', 'event_created_at': '2026-03-25T05:57:02.173740+00:00', 'source_uid': 'NeMoGuardrails', 'flow_id': 'check_greeting'}], 'is_system_action': True, 'action_finished_at': '2026-03-25T05:57:02.173740+00:00'}]
[2026-03-25 11:27:02,173: INFO: runtime: Event :: StartInputRail {'uid': '03264d0f-b2cb-4224-a2ce-5a2f97bd0248', 'event_created_at': '2026-03-25T05:57:02.173740+00:00', 'source_uid': 'NeMoGuardrails', 'flow_id': 'check_greeting'}]
[2026-03-25 11:27:02,173: INFO: runtime: Processing event: {'type': 'StartInputRail', 'uid': '03264d0f-b2cb-4224-a2ce-5a2f97bd0248', 'event_created_at': '2026-03-25T05:57:02.173740+00:00', 'source_uid': 'NeMoGuardrails', 'flow_id': 'check_greeting'}]
[2026-03-25 11:27:02,175: INFO: runtime: Event :: Listen {'uid': 'c7b22bbe-7c6a-47bc-99ea-1626e3d82246', 'event_created_at': '2026-03-25T05:57:02.175033+00:00', 'source_uid': 'NeMoGuardrails'}]
[2026-03-25 11:27:02,175: INFO: llmrails: --- :: Total processing took 0.02 seconds. Stats: 0 total calls, 0 total time, 0 total tokens, 0 total prompt tokens, 0 total completion tokens, [] as latencies]
[2026-03-25 11:27:37,896: INFO: guardrails_check: Guardrails NeMo reply: '']
[2026-03-25 11:27:38,047: INFO: models: AFC is enabled with max remote calls: 10.]
[2026-03-25 11:27:40,030: INFO: _client: HTTP Request: POST https://aiplatform.googleapis.com/v1beta1/projects/macomai-441611/locations/global/publishers/google/models/gemini-2.5-flash:generateContent "HTTP/1.1 200 OK"]
[2026-03-25 11:27:52,883: INFO: _client: HTTP Request: POST https://aiplatform.googleapis.com/v1beta1/projects/macomai-441611/locations/global/publishers/google/models/text-embedding-004:predict "HTTP/1.1 200 OK"]
[2026-03-25 11:27:52,946: INFO: _client: HTTP Request: POST http://10.192.5.51:8000/api/v2/tenants/default_tenant/databases/default_database/collections/91518b3b-a2d1-4c38-b8df-01b360936d38/query "HTTP/1.1 200 OK"]
[2026-03-25 11:27:53,622: INFO: chatprocess: Formatting 5 documents]
[2026-03-25 11:27:53,628: INFO: models: AFC is enabled with max remote calls: 10.]
[2026-03-25 11:27:54,799: INFO: _client: HTTP Request: POST https://aiplatform.googleapis.com/v1beta1/projects/macomai-441611/locations/global/publishers/google/models/gemini-2.5-flash:generateContent "HTTP/1.1 200 OK"]
[2026-03-25 11:27:54,829: INFO: app: Chat request completed]
[2026-03-25 11:38:00,806: INFO: utils: NumExpr defaulting to 8 threads.]
[2026-03-25 11:38:09,955: INFO: common: yaml file: config\config.yaml loaded successfully]
[2026-03-25 11:38:10,539: INFO: _client: HTTP Request: GET http://10.192.5.51:8000/api/v2/auth/identity "HTTP/1.1 200 OK"]
[2026-03-25 11:38:10,607: INFO: _client: HTTP Request: GET http://10.192.5.51:8000/api/v2/tenants/default_tenant "HTTP/1.1 200 OK"]
[2026-03-25 11:38:10,626: INFO: _client: HTTP Request: GET http://10.192.5.51:8000/api/v2/tenants/default_tenant/databases/default_database "HTTP/1.1 200 OK"]
[2026-03-25 11:38:15,001: INFO: gcp: Attempt 1: GCP default credentials loaded and project 'macomai-441611' obtained.]
[2026-03-25 11:38:17,202: INFO: Login: Entering the login process function]
[2026-03-25 11:38:17,649: INFO: Login: Token and session updated for user: 101373]
[2026-03-25 11:38:27,371: INFO: chatprocess: Initializing vector store with collection]
[2026-03-25 11:38:27,423: INFO: _client: HTTP Request: POST http://10.192.5.51:8000/api/v2/tenants/default_tenant/databases/default_database/collections "HTTP/1.1 200 OK"]
[2026-03-25 11:38:27,440: INFO: _client: HTTP Request: GET http://10.192.5.51:8000/api/v2/tenants/default_tenant/databases/default_database/collections/91518b3b-a2d1-4c38-b8df-01b360936d38/count?read_level=index_and_wal "HTTP/1.1 200 OK"]
[2026-03-25 11:38:27,440: INFO: chatprocess: Connected to Chroma server - Collection 'langchain' has 3764 documents]
[2026-03-25 11:38:28,693: INFO: _client: HTTP Request: HEAD https://huggingface.co/cross-encoder/ms-marco-MiniLM-L-6-v2/resolve/main/config.json "HTTP/1.1 307 Temporary Redirect"]
[2026-03-25 11:38:29,203: INFO: _client: HTTP Request: HEAD https://huggingface.co/cross-encoder/ms-marco-MiniLM-L6-v2/resolve/main/config.json "HTTP/1.1 307 Temporary Redirect"]
[2026-03-25 11:38:29,205: WARNING: _http: Warning: You are sending unauthenticated requests to the HF Hub. Please set a HF_TOKEN to enable higher rate limits and faster downloads.]
[2026-03-25 11:38:29,484: INFO: _client: HTTP Request: HEAD https://huggingface.co/api/resolve-cache/models/cross-encoder/ms-marco-MiniLM-L6-v2/c5ee24cb16019beea0893ab7796b1df96625c6b8/config.json "HTTP/1.1 200 OK"]
[2026-03-25 11:38:30,305: INFO: _client: HTTP Request: HEAD https://huggingface.co/cross-encoder/ms-marco-MiniLM-L-6-v2/resolve/main/config.json "HTTP/1.1 307 Temporary Redirect"]
[2026-03-25 11:38:30,823: INFO: _client: HTTP Request: HEAD https://huggingface.co/cross-encoder/ms-marco-MiniLM-L6-v2/resolve/main/config.json "HTTP/1.1 307 Temporary Redirect"]
[2026-03-25 11:38:31,108: INFO: _client: HTTP Request: HEAD https://huggingface.co/api/resolve-cache/models/cross-encoder/ms-marco-MiniLM-L6-v2/c5ee24cb16019beea0893ab7796b1df96625c6b8/config.json "HTTP/1.1 200 OK"]
[2026-03-25 11:38:31,606: INFO: _client: HTTP Request: HEAD https://huggingface.co/cross-encoder/ms-marco-MiniLM-L-6-v2/resolve/main/tokenizer_config.json "HTTP/1.1 307 Temporary Redirect"]
[2026-03-25 11:38:32,140: INFO: _client: HTTP Request: HEAD https://huggingface.co/cross-encoder/ms-marco-MiniLM-L6-v2/resolve/main/tokenizer_config.json "HTTP/1.1 307 Temporary Redirect"]
[2026-03-25 11:38:32,473: INFO: _client: HTTP Request: HEAD https://huggingface.co/api/resolve-cache/models/cross-encoder/ms-marco-MiniLM-L6-v2/c5ee24cb16019beea0893ab7796b1df96625c6b8/tokenizer_config.json "HTTP/1.1 200 OK"]
[2026-03-25 11:38:32,995: INFO: _client: HTTP Request: GET https://huggingface.co/api/models/cross-encoder/ms-marco-MiniLM-L-6-v2/tree/main/additional_chat_templates?recursive=false&expand=false "HTTP/1.1 307 Temporary Redirect"]
[2026-03-25 11:38:33,524: INFO: _client: HTTP Request: GET https://huggingface.co/api/models/cross-encoder/ms-marco-MiniLM-L6-v2/tree/main/additional_chat_templates?recursive=false&expand=false "HTTP/1.1 404 Not Found"]
[2026-03-25 11:38:34,035: INFO: _client: HTTP Request: GET https://huggingface.co/api/models/cross-encoder/ms-marco-MiniLM-L-6-v2/tree/main?recursive=true&expand=false "HTTP/1.1 307 Temporary Redirect"]
[2026-03-25 11:38:34,557: INFO: _client: HTTP Request: GET https://huggingface.co/api/models/cross-encoder/ms-marco-MiniLM-L6-v2/tree/main?recursive=true&expand=false "HTTP/1.1 200 OK"]
[2026-03-25 11:38:35,164: INFO: _client: HTTP Request: HEAD https://huggingface.co/cross-encoder/ms-marco-MiniLM-L-6-v2/resolve/main/README.md "HTTP/1.1 307 Temporary Redirect"]
[2026-03-25 11:38:35,730: INFO: _client: HTTP Request: HEAD https://huggingface.co/cross-encoder/ms-marco-MiniLM-L6-v2/resolve/main/README.md "HTTP/1.1 307 Temporary Redirect"]
[2026-03-25 11:38:36,052: INFO: _client: HTTP Request: HEAD https://huggingface.co/api/resolve-cache/models/cross-encoder/ms-marco-MiniLM-L6-v2/c5ee24cb16019beea0893ab7796b1df96625c6b8/README.md "HTTP/1.1 200 OK"]
[2026-03-25 11:38:36,059: INFO: CrossEncoder: Use pytorch device: cpu]
[2026-03-25 11:38:36,587: INFO: _client: HTTP Request: GET https://huggingface.co/api/models/cross-encoder/ms-marco-MiniLM-L-6-v2 "HTTP/1.1 307 Temporary Redirect"]
[2026-03-25 11:38:37,095: INFO: _client: HTTP Request: GET https://huggingface.co/api/models/cross-encoder/ms-marco-MiniLM-L6-v2 "HTTP/1.1 200 OK"]
[2026-03-25 11:38:37,106: INFO: token: Entering access token validation method ]
[2026-03-25 11:38:37,140: INFO: guardrails_check: NeMo Guardrails loaded successfully.]
[2026-03-25 11:38:38,561: INFO: action_dispatcher: Initializing action dispatcher]
[2026-03-25 11:38:38,577: INFO: action_dispatcher: Added create_event to actions]
[2026-03-25 11:38:38,580: INFO: action_dispatcher: Added wolfram alpha request to actions]
[2026-03-25 11:38:38,585: INFO: action_dispatcher: Added retrieve_relevant_chunks to actions]
[2026-03-25 11:38:38,660: INFO: action_dispatcher: Added call_activefence_api to actions]
[2026-03-25 11:38:38,663: INFO: action_dispatcher: Added ai_defense_inspect to actions]
[2026-03-25 11:38:38,665: INFO: action_dispatcher: Added GetAttentionPercentageAction to actions]
[2026-03-25 11:38:38,665: INFO: action_dispatcher: Added UpdateAttentionMaterializedViewAction to actions]
[2026-03-25 11:38:38,669: INFO: action_dispatcher: Added autoalign_factcheck_output_api to actions]
[2026-03-25 11:38:38,669: INFO: action_dispatcher: Added autoalign_groundedness_output_api to actions]
[2026-03-25 11:38:38,669: INFO: action_dispatcher: Added autoalign_input_api to actions]
[2026-03-25 11:38:38,670: INFO: action_dispatcher: Added autoalign_output_api to actions]
[2026-03-25 11:38:38,680: INFO: action_dispatcher: Added ClavataCheckAction to actions]
[2026-03-25 11:38:38,693: INFO: action_dispatcher: Added call cleanlab api to actions]
[2026-03-25 11:38:38,698: INFO: action_dispatcher: Added content_safety_check_input to actions]
[2026-03-25 11:38:38,698: INFO: action_dispatcher: Added content_safety_check_output to actions]
[2026-03-25 11:38:38,698: INFO: action_dispatcher: Added detect_language to actions]
[2026-03-25 11:38:38,705: INFO: action_dispatcher: Added crowdstrike_aidr_guard to actions]
[2026-03-25 11:38:38,714: INFO: action_dispatcher: Added alignscore_check_facts to actions]
[2026-03-25 11:38:38,716: INFO: action_dispatcher: Added alignscore request to actions]
[2026-03-25 11:38:38,716: INFO: action_dispatcher: Added self_check_facts to actions]
[2026-03-25 11:38:38,718: INFO: action_dispatcher: Added call fiddler faithfulness to actions]
[2026-03-25 11:38:38,718: INFO: action_dispatcher: Added call fiddler safety on bot message to actions]
[2026-03-25 11:38:38,719: INFO: action_dispatcher: Added call fiddler safety on user message to actions]
[2026-03-25 11:38:38,720: INFO: action_dispatcher: Added call gcpnlp api to actions]
[2026-03-25 11:38:38,743: INFO: action_dispatcher: Added gliner_detect_pii to actions]
[2026-03-25 11:38:38,743: INFO: action_dispatcher: Added gliner_mask_pii to actions]
[2026-03-25 11:38:38,743: INFO: action_dispatcher: Added validate_guardrails_ai_input to actions]
[2026-03-25 11:38:38,743: INFO: action_dispatcher: Added validate_guardrails_ai_output to actions]
[2026-03-25 11:38:38,753: INFO: action_dispatcher: Added self_check_hallucination to actions]
[2026-03-25 11:38:38,762: INFO: action_dispatcher: Added injection_detection to actions]
[2026-03-25 11:38:38,769: INFO: action_dispatcher: Added jailbreak_detection_heuristics to actions]
[2026-03-25 11:38:38,769: INFO: action_dispatcher: Added jailbreak_detection_model to actions]
[2026-03-25 11:38:38,775: INFO: action_dispatcher: Added llama_guard_check_input to actions]
[2026-03-25 11:38:38,776: INFO: action_dispatcher: Added llama_guard_check_output to actions]
[2026-03-25 11:38:38,781: INFO: action_dispatcher: Added pangea_ai_guard to actions]
[2026-03-25 11:38:38,784: INFO: action_dispatcher: Added patronus_api_check_output to actions]
[2026-03-25 11:38:38,785: INFO: action_dispatcher: Added patronus_lynx_check_output_hallucination to actions]
[2026-03-25 11:38:38,786: INFO: action_dispatcher: Added call_policyai_api to actions]
[2026-03-25 11:38:38,793: INFO: action_dispatcher: Added detect_pii to actions]
[2026-03-25 11:38:38,793: INFO: action_dispatcher: Added mask_pii to actions]
[2026-03-25 11:38:38,807: INFO: action_dispatcher: Added protect_text to actions]
[2026-03-25 11:38:38,843: INFO: action_dispatcher: Added detect_regex_pattern to actions]
[2026-03-25 11:38:38,857: INFO: action_dispatcher: Added self_check_facts to actions]
[2026-03-25 11:38:38,857: INFO: action_dispatcher: Added self_check_input to actions]
[2026-03-25 11:38:38,857: INFO: action_dispatcher: Added self_check_output to actions]
[2026-03-25 11:38:38,876: INFO: action_dispatcher: Added detect_sensitive_data to actions]
[2026-03-25 11:38:38,879: INFO: action_dispatcher: Added mask_sensitive_data to actions]
[2026-03-25 11:38:38,886: INFO: action_dispatcher: Added topic_safety_check_input to actions]
[2026-03-25 11:38:38,893: INFO: action_dispatcher: Added trend_ai_guard to actions]
[2026-03-25 11:38:38,896: INFO: action_dispatcher: Added GetCurrentDateTimeAction to actions]
[2026-03-25 11:38:38,897: INFO: action_dispatcher: Registered Actions :: ['ClavataCheckAction', 'GetAttentionPercentageAction', 'GetCurrentDateTimeAction', 'UpdateAttentionMaterializedViewAction', 'ai_defense_inspect', 'alignscore request', 'alignscore_check_facts', 'autoalign_factcheck_output_api', 'autoalign_groundedness_output_api', 'autoalign_input_api', 'autoalign_output_api', 'call cleanlab api', 'call fiddler faithfulness', 'call fiddler safety on bot message', 'call fiddler safety on user message', 'call gcpnlp api', 'call_activefence_api', 'call_policyai_api', 'content_safety_check_input', 'content_safety_check_output', 'create_event', 'crowdstrike_aidr_guard', 'detect_language', 'detect_pii', 'detect_regex_pattern', 'detect_sensitive_data', 'gliner_detect_pii', 'gliner_mask_pii', 'injection_detection', 'jailbreak_detection_heuristics', 'jailbreak_detection_model', 'llama_guard_check_input', 'llama_guard_check_output', 'mask_pii', 'mask_sensitive_data', 'pangea_ai_guard', 'patronus_api_check_output', 'patronus_lynx_check_output_hallucination', 'protect_text', 'retrieve_relevant_chunks', 'self_check_facts', 'self_check_hallucination', 'self_check_input', 'self_check_output', 'topic_safety_check_input', 'trend_ai_guard', 'validate_guardrails_ai_input', 'validate_guardrails_ai_output', 'wolfram alpha request']]
[2026-03-25 11:38:38,898: INFO: action_dispatcher: Action dispatcher initialized]
[2026-03-25 11:38:38,956: ERROR: guardrails_check: Guardrails check failed: 'RuntimeV1_0' object has no attribute 'recognize_user_intent']
Traceback (most recent call last):
  File "d:\guardrail_implementation_test\guardrails_check.py", line 57, in check_guardrails
    intent = await rails.runtime.recognize_user_intent(
                   ^^^^^^^^^^^^^^^^^^^^^^^^^^^^^^^^^^^
AttributeError: 'RuntimeV1_0' object has no attribute 'recognize_user_intent'
[2026-03-25 11:38:39,088: INFO: models: AFC is enabled with max remote calls: 10.]
[2026-03-25 11:38:40,885: INFO: _client: HTTP Request: POST https://aiplatform.googleapis.com/v1beta1/projects/macomai-441611/locations/global/publishers/google/models/gemini-2.5-flash:generateContent "HTTP/1.1 200 OK"]
[2026-03-25 11:38:52,647: INFO: _client: HTTP Request: POST https://aiplatform.googleapis.com/v1beta1/projects/macomai-441611/locations/global/publishers/google/models/text-embedding-004:predict "HTTP/1.1 200 OK"]
[2026-03-25 11:38:52,754: INFO: _client: HTTP Request: POST http://10.192.5.51:8000/api/v2/tenants/default_tenant/databases/default_database/collections/91518b3b-a2d1-4c38-b8df-01b360936d38/query "HTTP/1.1 200 OK"]
[2026-03-25 11:38:53,237: INFO: chatprocess: Formatting 5 documents]
[2026-03-25 11:38:53,241: INFO: models: AFC is enabled with max remote calls: 10.]
[2026-03-25 11:38:55,123: INFO: _client: HTTP Request: POST https://aiplatform.googleapis.com/v1beta1/projects/macomai-441611/locations/global/publishers/google/models/gemini-2.5-flash:generateContent "HTTP/1.1 200 OK"]
[2026-03-25 11:38:55,145: INFO: app: Chat request completed]
[2026-03-25 11:44:27,458: INFO: utils: NumExpr defaulting to 8 threads.]
[2026-03-25 11:44:40,431: INFO: common: yaml file: config\config.yaml loaded successfully]
[2026-03-25 11:44:41,019: INFO: _client: HTTP Request: GET http://10.192.5.51:8000/api/v2/auth/identity "HTTP/1.1 200 OK"]
[2026-03-25 11:44:41,101: INFO: _client: HTTP Request: GET http://10.192.5.51:8000/api/v2/tenants/default_tenant "HTTP/1.1 200 OK"]
[2026-03-25 11:44:41,112: INFO: _client: HTTP Request: GET http://10.192.5.51:8000/api/v2/tenants/default_tenant/databases/default_database "HTTP/1.1 200 OK"]
[2026-03-25 11:44:45,081: INFO: gcp: Attempt 1: GCP default credentials loaded and project 'macomai-441611' obtained.]
[2026-03-25 11:44:48,016: INFO: Login: Entering the login process function]
[2026-03-25 11:44:48,399: INFO: Login: Token and session updated for user: 101373]
[2026-03-25 11:45:02,097: INFO: chatprocess: Initializing vector store with collection]
[2026-03-25 11:45:02,138: INFO: _client: HTTP Request: POST http://10.192.5.51:8000/api/v2/tenants/default_tenant/databases/default_database/collections "HTTP/1.1 200 OK"]
[2026-03-25 11:45:02,164: INFO: _client: HTTP Request: GET http://10.192.5.51:8000/api/v2/tenants/default_tenant/databases/default_database/collections/91518b3b-a2d1-4c38-b8df-01b360936d38/count?read_level=index_and_wal "HTTP/1.1 200 OK"]
[2026-03-25 11:45:02,164: INFO: chatprocess: Connected to Chroma server - Collection 'langchain' has 3764 documents]
[2026-03-25 11:45:02,579: INFO: _client: HTTP Request: HEAD https://huggingface.co/cross-encoder/ms-marco-MiniLM-L-6-v2/resolve/main/config.json "HTTP/1.1 307 Temporary Redirect"]
[2026-03-25 11:45:02,850: INFO: _client: HTTP Request: HEAD https://huggingface.co/cross-encoder/ms-marco-MiniLM-L6-v2/resolve/main/config.json "HTTP/1.1 307 Temporary Redirect"]
[2026-03-25 11:45:02,850: WARNING: _http: Warning: You are sending unauthenticated requests to the HF Hub. Please set a HF_TOKEN to enable higher rate limits and faster downloads.]
[2026-03-25 11:45:02,883: INFO: _client: HTTP Request: HEAD https://huggingface.co/api/resolve-cache/models/cross-encoder/ms-marco-MiniLM-L6-v2/c5ee24cb16019beea0893ab7796b1df96625c6b8/config.json "HTTP/1.1 200 OK"]
[2026-03-25 11:45:03,763: INFO: _client: HTTP Request: HEAD https://huggingface.co/cross-encoder/ms-marco-MiniLM-L-6-v2/resolve/main/config.json "HTTP/1.1 307 Temporary Redirect"]
[2026-03-25 11:45:04,013: INFO: _client: HTTP Request: HEAD https://huggingface.co/cross-encoder/ms-marco-MiniLM-L6-v2/resolve/main/config.json "HTTP/1.1 307 Temporary Redirect"]
[2026-03-25 11:45:04,050: INFO: _client: HTTP Request: HEAD https://huggingface.co/api/resolve-cache/models/cross-encoder/ms-marco-MiniLM-L6-v2/c5ee24cb16019beea0893ab7796b1df96625c6b8/config.json "HTTP/1.1 200 OK"]
[2026-03-25 11:45:04,322: INFO: _client: HTTP Request: HEAD https://huggingface.co/cross-encoder/ms-marco-MiniLM-L-6-v2/resolve/main/tokenizer_config.json "HTTP/1.1 307 Temporary Redirect"]
[2026-03-25 11:45:04,580: INFO: _client: HTTP Request: HEAD https://huggingface.co/cross-encoder/ms-marco-MiniLM-L6-v2/resolve/main/tokenizer_config.json "HTTP/1.1 307 Temporary Redirect"]
[2026-03-25 11:45:04,632: INFO: _client: HTTP Request: HEAD https://huggingface.co/api/resolve-cache/models/cross-encoder/ms-marco-MiniLM-L6-v2/c5ee24cb16019beea0893ab7796b1df96625c6b8/tokenizer_config.json "HTTP/1.1 200 OK"]
[2026-03-25 11:45:04,925: INFO: _client: HTTP Request: GET https://huggingface.co/api/models/cross-encoder/ms-marco-MiniLM-L-6-v2/tree/main/additional_chat_templates?recursive=false&expand=false "HTTP/1.1 307 Temporary Redirect"]
[2026-03-25 11:45:05,180: INFO: _client: HTTP Request: GET https://huggingface.co/api/models/cross-encoder/ms-marco-MiniLM-L6-v2/tree/main/additional_chat_templates?recursive=false&expand=false "HTTP/1.1 404 Not Found"]
[2026-03-25 11:45:05,447: INFO: _client: HTTP Request: GET https://huggingface.co/api/models/cross-encoder/ms-marco-MiniLM-L-6-v2/tree/main?recursive=true&expand=false "HTTP/1.1 307 Temporary Redirect"]
[2026-03-25 11:45:05,706: INFO: _client: HTTP Request: GET https://huggingface.co/api/models/cross-encoder/ms-marco-MiniLM-L6-v2/tree/main?recursive=true&expand=false "HTTP/1.1 200 OK"]
[2026-03-25 11:45:06,244: INFO: _client: HTTP Request: HEAD https://huggingface.co/cross-encoder/ms-marco-MiniLM-L-6-v2/resolve/main/README.md "HTTP/1.1 307 Temporary Redirect"]
[2026-03-25 11:45:06,502: INFO: _client: HTTP Request: HEAD https://huggingface.co/cross-encoder/ms-marco-MiniLM-L6-v2/resolve/main/README.md "HTTP/1.1 307 Temporary Redirect"]
[2026-03-25 11:45:06,536: INFO: _client: HTTP Request: HEAD https://huggingface.co/api/resolve-cache/models/cross-encoder/ms-marco-MiniLM-L6-v2/c5ee24cb16019beea0893ab7796b1df96625c6b8/README.md "HTTP/1.1 200 OK"]
[2026-03-25 11:45:06,536: INFO: CrossEncoder: Use pytorch device: cpu]
[2026-03-25 11:45:06,812: INFO: _client: HTTP Request: GET https://huggingface.co/api/models/cross-encoder/ms-marco-MiniLM-L-6-v2 "HTTP/1.1 307 Temporary Redirect"]
[2026-03-25 11:45:07,073: INFO: _client: HTTP Request: GET https://huggingface.co/api/models/cross-encoder/ms-marco-MiniLM-L6-v2 "HTTP/1.1 200 OK"]
[2026-03-25 11:45:07,080: INFO: token: Entering access token validation method ]
[2026-03-25 11:45:07,127: INFO: guardrails_check: NeMo Guardrails loaded successfully.]
[2026-03-25 11:45:08,942: INFO: action_dispatcher: Initializing action dispatcher]
[2026-03-25 11:45:08,946: INFO: action_dispatcher: Added create_event to actions]
[2026-03-25 11:45:08,949: INFO: action_dispatcher: Added wolfram alpha request to actions]
[2026-03-25 11:45:08,953: INFO: action_dispatcher: Added retrieve_relevant_chunks to actions]
[2026-03-25 11:45:09,032: INFO: action_dispatcher: Added call_activefence_api to actions]
[2026-03-25 11:45:09,034: INFO: action_dispatcher: Added ai_defense_inspect to actions]
[2026-03-25 11:45:09,037: INFO: action_dispatcher: Added GetAttentionPercentageAction to actions]
[2026-03-25 11:45:09,037: INFO: action_dispatcher: Added UpdateAttentionMaterializedViewAction to actions]
[2026-03-25 11:45:09,038: INFO: action_dispatcher: Added autoalign_factcheck_output_api to actions]
[2026-03-25 11:45:09,038: INFO: action_dispatcher: Added autoalign_groundedness_output_api to actions]
[2026-03-25 11:45:09,039: INFO: action_dispatcher: Added autoalign_input_api to actions]
[2026-03-25 11:45:09,039: INFO: action_dispatcher: Added autoalign_output_api to actions]
[2026-03-25 11:45:09,054: INFO: action_dispatcher: Added ClavataCheckAction to actions]
[2026-03-25 11:45:09,061: INFO: action_dispatcher: Added call cleanlab api to actions]
[2026-03-25 11:45:09,065: INFO: action_dispatcher: Added content_safety_check_input to actions]
[2026-03-25 11:45:09,065: INFO: action_dispatcher: Added content_safety_check_output to actions]
[2026-03-25 11:45:09,065: INFO: action_dispatcher: Added detect_language to actions]
[2026-03-25 11:45:09,075: INFO: action_dispatcher: Added crowdstrike_aidr_guard to actions]
[2026-03-25 11:45:09,084: INFO: action_dispatcher: Added alignscore_check_facts to actions]
[2026-03-25 11:45:09,084: INFO: action_dispatcher: Added alignscore request to actions]
[2026-03-25 11:45:09,085: INFO: action_dispatcher: Added self_check_facts to actions]
[2026-03-25 11:45:09,087: INFO: action_dispatcher: Added call fiddler faithfulness to actions]
[2026-03-25 11:45:09,088: INFO: action_dispatcher: Added call fiddler safety on bot message to actions]
[2026-03-25 11:45:09,088: INFO: action_dispatcher: Added call fiddler safety on user message to actions]
[2026-03-25 11:45:09,090: INFO: action_dispatcher: Added call gcpnlp api to actions]
[2026-03-25 11:45:09,098: INFO: action_dispatcher: Added gliner_detect_pii to actions]
[2026-03-25 11:45:09,098: INFO: action_dispatcher: Added gliner_mask_pii to actions]
[2026-03-25 11:45:09,118: INFO: action_dispatcher: Added validate_guardrails_ai_input to actions]
[2026-03-25 11:45:09,119: INFO: action_dispatcher: Added validate_guardrails_ai_output to actions]
[2026-03-25 11:45:09,121: INFO: action_dispatcher: Added self_check_hallucination to actions]
[2026-03-25 11:45:09,124: INFO: action_dispatcher: Added injection_detection to actions]
[2026-03-25 11:45:09,133: INFO: action_dispatcher: Added jailbreak_detection_heuristics to actions]
[2026-03-25 11:45:09,133: INFO: action_dispatcher: Added jailbreak_detection_model to actions]
[2026-03-25 11:45:09,139: INFO: action_dispatcher: Added llama_guard_check_input to actions]
[2026-03-25 11:45:09,139: INFO: action_dispatcher: Added llama_guard_check_output to actions]
[2026-03-25 11:45:09,144: INFO: action_dispatcher: Added pangea_ai_guard to actions]
[2026-03-25 11:45:09,148: INFO: action_dispatcher: Added patronus_api_check_output to actions]
[2026-03-25 11:45:09,149: INFO: action_dispatcher: Added patronus_lynx_check_output_hallucination to actions]
[2026-03-25 11:45:09,152: INFO: action_dispatcher: Added call_policyai_api to actions]
[2026-03-25 11:45:09,155: INFO: action_dispatcher: Added detect_pii to actions]
[2026-03-25 11:45:09,155: INFO: action_dispatcher: Added mask_pii to actions]
[2026-03-25 11:45:09,157: INFO: action_dispatcher: Added protect_text to actions]
[2026-03-25 11:45:09,164: INFO: action_dispatcher: Added detect_regex_pattern to actions]
[2026-03-25 11:45:09,167: INFO: action_dispatcher: Added self_check_facts to actions]
[2026-03-25 11:45:09,170: INFO: action_dispatcher: Added self_check_input to actions]
[2026-03-25 11:45:09,171: INFO: action_dispatcher: Added self_check_output to actions]
[2026-03-25 11:45:09,171: INFO: action_dispatcher: Added detect_sensitive_data to actions]
[2026-03-25 11:45:09,171: INFO: action_dispatcher: Added mask_sensitive_data to actions]
[2026-03-25 11:45:09,176: INFO: action_dispatcher: Added topic_safety_check_input to actions]
[2026-03-25 11:45:09,181: INFO: action_dispatcher: Added trend_ai_guard to actions]
[2026-03-25 11:45:09,185: INFO: action_dispatcher: Added GetCurrentDateTimeAction to actions]
[2026-03-25 11:45:09,186: INFO: action_dispatcher: Registered Actions :: ['ClavataCheckAction', 'GetAttentionPercentageAction', 'GetCurrentDateTimeAction', 'UpdateAttentionMaterializedViewAction', 'ai_defense_inspect', 'alignscore request', 'alignscore_check_facts', 'autoalign_factcheck_output_api', 'autoalign_groundedness_output_api', 'autoalign_input_api', 'autoalign_output_api', 'call cleanlab api', 'call fiddler faithfulness', 'call fiddler safety on bot message', 'call fiddler safety on user message', 'call gcpnlp api', 'call_activefence_api', 'call_policyai_api', 'content_safety_check_input', 'content_safety_check_output', 'create_event', 'crowdstrike_aidr_guard', 'detect_language', 'detect_pii', 'detect_regex_pattern', 'detect_sensitive_data', 'gliner_detect_pii', 'gliner_mask_pii', 'injection_detection', 'jailbreak_detection_heuristics', 'jailbreak_detection_model', 'llama_guard_check_input', 'llama_guard_check_output', 'mask_pii', 'mask_sensitive_data', 'pangea_ai_guard', 'patronus_api_check_output', 'patronus_lynx_check_output_hallucination', 'protect_text', 'retrieve_relevant_chunks', 'self_check_facts', 'self_check_hallucination', 'self_check_input', 'self_check_output', 'topic_safety_check_input', 'trend_ai_guard', 'validate_guardrails_ai_input', 'validate_guardrails_ai_output', 'wolfram alpha request']]
[2026-03-25 11:45:09,186: INFO: action_dispatcher: Action dispatcher initialized]
[2026-03-25 11:45:09,247: INFO: runtime: Processing event: {'type': 'UtteranceUserActionFinished', 'final_transcript': 'good morning'}]
[2026-03-25 11:45:09,247: INFO: runtime: Event :: ContextUpdate {'uid': '6f501aaa-87e4-47ee-b19a-230b2cbe5647', 'event_created_at': '2026-03-25T06:15:09.247957+00:00', 'source_uid': 'NeMoGuardrails', 'data': {'user_message': 'good morning'}}]
[2026-03-25 11:45:09,247: INFO: runtime: Event :: StartInternalSystemAction {'uid': 'e9f077d1-4d03-404e-b9f0-5f83c76f6a79', 'event_created_at': '2026-03-25T06:15:09.247957+00:00', 'source_uid': 'NeMoGuardrails', 'action_name': 'create_event', 'action_params': {'event': {'_type': 'StartInputRails'}}, 'action_result_key': None, 'action_uid': 'f31656cf-7da6-4e3c-87b9-31f29f4593d0', 'is_system_action': True}]
[2026-03-25 11:45:09,247: INFO: runtime: Processing event: {'type': 'StartInternalSystemAction', 'uid': 'e9f077d1-4d03-404e-b9f0-5f83c76f6a79', 'event_created_at': '2026-03-25T06:15:09.247957+00:00', 'source_uid': 'NeMoGuardrails', 'action_name': 'create_event', 'action_params': {'event': {'_type': 'StartInputRails'}}, 'action_result_key': None, 'action_uid': 'f31656cf-7da6-4e3c-87b9-31f29f4593d0', 'is_system_action': True}]
[2026-03-25 11:45:09,247: INFO: runtime: Executing action :: create_event]
[2026-03-25 11:45:09,247: INFO: action_dispatcher: Executing registered action: create_event]
[2026-03-25 11:45:09,247: INFO: runtime: Event :: InternalSystemActionFinished {'uid': '4cee29da-80ed-4c0d-9fe4-a69862e1c817', 'event_created_at': '2026-03-25T06:15:09.247957+00:00', 'source_uid': 'NeMoGuardrails', 'action_uid': 'f31656cf-7da6-4e3c-87b9-31f29f4593d0', 'action_name': 'create_event', 'action_params': {'event': {'_type': 'StartInputRails'}}, 'action_result_key': None, 'status': 'success', 'is_success': True, 'return_value': None, 'events': [{'type': 'StartInputRails', 'uid': '2aca48e4-62a7-439f-8459-9a6f3fab5ab4', 'event_created_at': '2026-03-25T06:15:09.247957+00:00', 'source_uid': 'NeMoGuardrails'}], 'is_system_action': True, 'action_finished_at': '2026-03-25T06:15:09.247957+00:00'}]
[2026-03-25 11:45:09,247: INFO: runtime: Event :: StartInputRails {'uid': '2aca48e4-62a7-439f-8459-9a6f3fab5ab4', 'event_created_at': '2026-03-25T06:15:09.247957+00:00', 'source_uid': 'NeMoGuardrails'}]
[2026-03-25 11:45:09,247: INFO: runtime: Processing event: {'type': 'StartInputRails', 'uid': '2aca48e4-62a7-439f-8459-9a6f3fab5ab4', 'event_created_at': '2026-03-25T06:15:09.247957+00:00', 'source_uid': 'NeMoGuardrails'}]
[2026-03-25 11:45:09,247: INFO: runtime: Event :: ContextUpdate {'uid': 'f415d4a2-9f5b-4c7d-876a-38d98fdf45e6', 'event_created_at': '2026-03-25T06:15:09.247957+00:00', 'source_uid': 'NeMoGuardrails', 'data': {'input_flows': ['check_greeting', 'check_dangerous_content', 'check_code_content', 'check_unrelated_content'], 'i': 0, 'triggered_input_rail': 'check_greeting'}}]
[2026-03-25 11:45:09,247: INFO: runtime: Event :: StartInternalSystemAction {'uid': '7d036f3f-f6e7-4046-92ee-06bffe95ebd4', 'event_created_at': '2026-03-25T06:15:09.247957+00:00', 'source_uid': 'NeMoGuardrails', 'action_name': 'create_event', 'action_params': {'event': {'_type': 'StartInputRail', 'flow_id': '$triggered_input_rail'}}, 'action_result_key': None, 'action_uid': '87538365-65d2-4fa5-98f5-e959b105e157', 'is_system_action': True}]
[2026-03-25 11:45:09,247: INFO: runtime: Processing event: {'type': 'StartInternalSystemAction', 'uid': '7d036f3f-f6e7-4046-92ee-06bffe95ebd4', 'event_created_at': '2026-03-25T06:15:09.247957+00:00', 'source_uid': 'NeMoGuardrails', 'action_name': 'create_event', 'action_params': {'event': {'_type': 'StartInputRail', 'flow_id': '$triggered_input_rail'}}, 'action_result_key': None, 'action_uid': '87538365-65d2-4fa5-98f5-e959b105e157', 'is_system_action': True}]
[2026-03-25 11:45:09,262: INFO: runtime: Executing action :: create_event]
[2026-03-25 11:45:09,264: INFO: action_dispatcher: Executing registered action: create_event]
[2026-03-25 11:45:09,265: INFO: runtime: Event :: InternalSystemActionFinished {'uid': '905302f1-920b-4395-ab83-85fa13e453d1', 'event_created_at': '2026-03-25T06:15:09.265241+00:00', 'source_uid': 'NeMoGuardrails', 'action_uid': '87538365-65d2-4fa5-98f5-e959b105e157', 'action_name': 'create_event', 'action_params': {'event': {'_type': 'StartInputRail', 'flow_id': '$triggered_input_rail'}}, 'action_result_key': None, 'status': 'success', 'is_success': True, 'return_value': None, 'events': [{'type': 'StartInputRail', 'uid': 'ba6f2841-de11-47a9-add1-6b5d274747d2', 'event_created_at': '2026-03-25T06:15:09.264142+00:00', 'source_uid': 'NeMoGuardrails', 'flow_id': 'check_greeting'}], 'is_system_action': True, 'action_finished_at': '2026-03-25T06:15:09.265241+00:00'}]
[2026-03-25 11:45:09,265: INFO: runtime: Event :: StartInputRail {'uid': 'ba6f2841-de11-47a9-add1-6b5d274747d2', 'event_created_at': '2026-03-25T06:15:09.264142+00:00', 'source_uid': 'NeMoGuardrails', 'flow_id': 'check_greeting'}]
[2026-03-25 11:45:09,265: INFO: runtime: Processing event: {'type': 'StartInputRail', 'uid': 'ba6f2841-de11-47a9-add1-6b5d274747d2', 'event_created_at': '2026-03-25T06:15:09.264142+00:00', 'source_uid': 'NeMoGuardrails', 'flow_id': 'check_greeting'}]
[2026-03-25 11:45:09,268: INFO: runtime: Event :: Listen {'uid': '134cf2fe-dc75-4230-b526-dca70a77e3f7', 'event_created_at': '2026-03-25T06:15:09.267635+00:00', 'source_uid': 'NeMoGuardrails'}]
[2026-03-25 11:45:09,268: INFO: llmrails: --- :: Total processing took 0.02 seconds. Stats: 0 total calls, 0 total time, 0 total tokens, 0 total prompt tokens, 0 total completion tokens, [] as latencies]
[2026-03-25 11:45:52,344: INFO: guardrails_check: Guardrails NeMo reply: '']
[2026-03-25 11:45:52,447: INFO: models: AFC is enabled with max remote calls: 10.]
[2026-03-25 11:45:54,917: INFO: _client: HTTP Request: POST https://aiplatform.googleapis.com/v1beta1/projects/macomai-441611/locations/global/publishers/google/models/gemini-2.5-flash:generateContent "HTTP/1.1 200 OK"]
[2026-03-25 11:46:06,703: INFO: _client: HTTP Request: POST https://aiplatform.googleapis.com/v1beta1/projects/macomai-441611/locations/global/publishers/google/models/text-embedding-004:predict "HTTP/1.1 200 OK"]
[2026-03-25 11:46:06,763: INFO: _client: HTTP Request: POST http://10.192.5.51:8000/api/v2/tenants/default_tenant/databases/default_database/collections/91518b3b-a2d1-4c38-b8df-01b360936d38/query "HTTP/1.1 200 OK"]
[2026-03-25 11:46:07,327: INFO: chatprocess: Formatting 5 documents]
[2026-03-25 11:46:07,333: INFO: models: AFC is enabled with max remote calls: 10.]
[2026-03-25 11:46:09,791: INFO: _client: HTTP Request: POST https://aiplatform.googleapis.com/v1beta1/projects/macomai-441611/locations/global/publishers/google/models/gemini-2.5-flash:generateContent "HTTP/1.1 200 OK"]
[2026-03-25 11:46:09,814: INFO: app: Chat request completed]
[2026-03-25 12:20:24,969: INFO: utils: NumExpr defaulting to 8 threads.]
[2026-03-25 12:20:35,785: INFO: common: yaml file: config\config.yaml loaded successfully]
[2026-03-25 12:20:36,400: INFO: _client: HTTP Request: GET http://10.192.5.51:8000/api/v2/auth/identity "HTTP/1.1 200 OK"]
[2026-03-25 12:20:36,481: INFO: _client: HTTP Request: GET http://10.192.5.51:8000/api/v2/tenants/default_tenant "HTTP/1.1 200 OK"]
[2026-03-25 12:20:36,507: INFO: _client: HTTP Request: GET http://10.192.5.51:8000/api/v2/tenants/default_tenant/databases/default_database "HTTP/1.1 200 OK"]
[2026-03-25 12:20:40,521: INFO: gcp: Attempt 1: GCP default credentials loaded and project 'macomai-441611' obtained.]
[2026-03-25 12:20:42,834: INFO: Login: Entering the login process function]
[2026-03-25 12:20:43,270: INFO: Login: Token and session updated for user: 101373]
[2026-03-25 12:20:50,447: INFO: chatprocess: Initializing vector store with collection]
[2026-03-25 12:20:50,511: INFO: _client: HTTP Request: POST http://10.192.5.51:8000/api/v2/tenants/default_tenant/databases/default_database/collections "HTTP/1.1 200 OK"]
[2026-03-25 12:20:50,549: INFO: _client: HTTP Request: GET http://10.192.5.51:8000/api/v2/tenants/default_tenant/databases/default_database/collections/91518b3b-a2d1-4c38-b8df-01b360936d38/count?read_level=index_and_wal "HTTP/1.1 200 OK"]
[2026-03-25 12:20:50,549: INFO: chatprocess: Connected to Chroma server - Collection 'langchain' has 3764 documents]
[2026-03-25 12:20:50,994: INFO: _client: HTTP Request: HEAD https://huggingface.co/cross-encoder/ms-marco-MiniLM-L-6-v2/resolve/main/config.json "HTTP/1.1 307 Temporary Redirect"]
[2026-03-25 12:20:51,253: INFO: _client: HTTP Request: HEAD https://huggingface.co/cross-encoder/ms-marco-MiniLM-L6-v2/resolve/main/config.json "HTTP/1.1 307 Temporary Redirect"]
[2026-03-25 12:20:51,277: INFO: _client: HTTP Request: HEAD https://huggingface.co/api/resolve-cache/models/cross-encoder/ms-marco-MiniLM-L6-v2/c5ee24cb16019beea0893ab7796b1df96625c6b8/config.json "HTTP/1.1 200 OK"]
[2026-03-25 12:20:52,276: INFO: _client: HTTP Request: HEAD https://huggingface.co/cross-encoder/ms-marco-MiniLM-L-6-v2/resolve/main/config.json "HTTP/1.1 307 Temporary Redirect"]
[2026-03-25 12:20:52,533: INFO: _client: HTTP Request: HEAD https://huggingface.co/cross-encoder/ms-marco-MiniLM-L6-v2/resolve/main/config.json "HTTP/1.1 307 Temporary Redirect"]
[2026-03-25 12:20:52,581: INFO: _client: HTTP Request: HEAD https://huggingface.co/api/resolve-cache/models/cross-encoder/ms-marco-MiniLM-L6-v2/c5ee24cb16019beea0893ab7796b1df96625c6b8/config.json "HTTP/1.1 200 OK"]
[2026-03-25 12:20:52,846: INFO: _client: HTTP Request: HEAD https://huggingface.co/cross-encoder/ms-marco-MiniLM-L-6-v2/resolve/main/tokenizer_config.json "HTTP/1.1 307 Temporary Redirect"]
[2026-03-25 12:20:53,111: INFO: _client: HTTP Request: HEAD https://huggingface.co/cross-encoder/ms-marco-MiniLM-L6-v2/resolve/main/tokenizer_config.json "HTTP/1.1 307 Temporary Redirect"]
[2026-03-25 12:20:53,163: INFO: _client: HTTP Request: HEAD https://huggingface.co/api/resolve-cache/models/cross-encoder/ms-marco-MiniLM-L6-v2/c5ee24cb16019beea0893ab7796b1df96625c6b8/tokenizer_config.json "HTTP/1.1 200 OK"]
[2026-03-25 12:20:53,475: INFO: _client: HTTP Request: GET https://huggingface.co/api/models/cross-encoder/ms-marco-MiniLM-L-6-v2/tree/main/additional_chat_templates?recursive=false&expand=false "HTTP/1.1 307 Temporary Redirect"]
[2026-03-25 12:20:53,725: INFO: _client: HTTP Request: GET https://huggingface.co/api/models/cross-encoder/ms-marco-MiniLM-L6-v2/tree/main/additional_chat_templates?recursive=false&expand=false "HTTP/1.1 404 Not Found"]
[2026-03-25 12:20:53,979: INFO: _client: HTTP Request: GET https://huggingface.co/api/models/cross-encoder/ms-marco-MiniLM-L-6-v2/tree/main?recursive=true&expand=false "HTTP/1.1 307 Temporary Redirect"]
[2026-03-25 12:20:54,243: INFO: _client: HTTP Request: GET https://huggingface.co/api/models/cross-encoder/ms-marco-MiniLM-L6-v2/tree/main?recursive=true&expand=false "HTTP/1.1 200 OK"]
[2026-03-25 12:20:54,643: INFO: _client: HTTP Request: HEAD https://huggingface.co/cross-encoder/ms-marco-MiniLM-L-6-v2/resolve/main/README.md "HTTP/1.1 307 Temporary Redirect"]
[2026-03-25 12:20:54,894: INFO: _client: HTTP Request: HEAD https://huggingface.co/cross-encoder/ms-marco-MiniLM-L6-v2/resolve/main/README.md "HTTP/1.1 307 Temporary Redirect"]
[2026-03-25 12:20:54,897: WARNING: _http: Warning: You are sending unauthenticated requests to the HF Hub. Please set a HF_TOKEN to enable higher rate limits and faster downloads.]
[2026-03-25 12:20:54,939: INFO: _client: HTTP Request: HEAD https://huggingface.co/api/resolve-cache/models/cross-encoder/ms-marco-MiniLM-L6-v2/c5ee24cb16019beea0893ab7796b1df96625c6b8/README.md "HTTP/1.1 200 OK"]
[2026-03-25 12:20:54,945: INFO: CrossEncoder: Use pytorch device: cpu]
[2026-03-25 12:20:55,207: INFO: _client: HTTP Request: GET https://huggingface.co/api/models/cross-encoder/ms-marco-MiniLM-L-6-v2 "HTTP/1.1 307 Temporary Redirect"]
[2026-03-25 12:20:55,469: INFO: _client: HTTP Request: GET https://huggingface.co/api/models/cross-encoder/ms-marco-MiniLM-L6-v2 "HTTP/1.1 200 OK"]
[2026-03-25 12:20:55,481: INFO: token: Entering access token validation method ]
[2026-03-25 12:20:55,520: INFO: guardrails_check: NeMo Guardrails loaded successfully.]
[2026-03-25 12:20:56,880: INFO: action_dispatcher: Initializing action dispatcher]
[2026-03-25 12:20:56,885: INFO: action_dispatcher: Added create_event to actions]
[2026-03-25 12:20:56,889: INFO: action_dispatcher: Added wolfram alpha request to actions]
[2026-03-25 12:20:56,893: INFO: action_dispatcher: Added retrieve_relevant_chunks to actions]
[2026-03-25 12:20:56,973: INFO: action_dispatcher: Added call_activefence_api to actions]
[2026-03-25 12:20:56,976: INFO: action_dispatcher: Added ai_defense_inspect to actions]
[2026-03-25 12:20:56,979: INFO: action_dispatcher: Added GetAttentionPercentageAction to actions]
[2026-03-25 12:20:56,979: INFO: action_dispatcher: Added UpdateAttentionMaterializedViewAction to actions]
[2026-03-25 12:20:56,981: INFO: action_dispatcher: Added autoalign_factcheck_output_api to actions]
[2026-03-25 12:20:56,982: INFO: action_dispatcher: Added autoalign_groundedness_output_api to actions]
[2026-03-25 12:20:56,982: INFO: action_dispatcher: Added autoalign_input_api to actions]
[2026-03-25 12:20:56,982: INFO: action_dispatcher: Added autoalign_output_api to actions]
[2026-03-25 12:20:57,001: INFO: action_dispatcher: Added ClavataCheckAction to actions]
[2026-03-25 12:20:57,002: INFO: action_dispatcher: Added call cleanlab api to actions]
[2026-03-25 12:20:57,007: INFO: action_dispatcher: Added content_safety_check_input to actions]
[2026-03-25 12:20:57,007: INFO: action_dispatcher: Added content_safety_check_output to actions]
[2026-03-25 12:20:57,007: INFO: action_dispatcher: Added detect_language to actions]
[2026-03-25 12:20:57,018: INFO: action_dispatcher: Added crowdstrike_aidr_guard to actions]
[2026-03-25 12:20:57,025: INFO: action_dispatcher: Added alignscore_check_facts to actions]
[2026-03-25 12:20:57,026: INFO: action_dispatcher: Added alignscore request to actions]
[2026-03-25 12:20:57,027: INFO: action_dispatcher: Added self_check_facts to actions]
[2026-03-25 12:20:57,028: INFO: action_dispatcher: Added call fiddler faithfulness to actions]
[2026-03-25 12:20:57,028: INFO: action_dispatcher: Added call fiddler safety on bot message to actions]
[2026-03-25 12:20:57,028: INFO: action_dispatcher: Added call fiddler safety on user message to actions]
[2026-03-25 12:20:57,034: INFO: action_dispatcher: Added call gcpnlp api to actions]
[2026-03-25 12:20:57,051: INFO: action_dispatcher: Added gliner_detect_pii to actions]
[2026-03-25 12:20:57,051: INFO: action_dispatcher: Added gliner_mask_pii to actions]
[2026-03-25 12:20:57,060: INFO: action_dispatcher: Added validate_guardrails_ai_input to actions]
[2026-03-25 12:20:57,061: INFO: action_dispatcher: Added validate_guardrails_ai_output to actions]
[2026-03-25 12:20:57,066: INFO: action_dispatcher: Added self_check_hallucination to actions]
[2026-03-25 12:20:57,069: INFO: action_dispatcher: Added injection_detection to actions]
[2026-03-25 12:20:57,081: INFO: action_dispatcher: Added jailbreak_detection_heuristics to actions]
[2026-03-25 12:20:57,081: INFO: action_dispatcher: Added jailbreak_detection_model to actions]
[2026-03-25 12:20:57,084: INFO: action_dispatcher: Added llama_guard_check_input to actions]
[2026-03-25 12:20:57,084: INFO: action_dispatcher: Added llama_guard_check_output to actions]
[2026-03-25 12:20:57,090: INFO: action_dispatcher: Added pangea_ai_guard to actions]
[2026-03-25 12:20:57,092: INFO: action_dispatcher: Added patronus_api_check_output to actions]
[2026-03-25 12:20:57,093: INFO: action_dispatcher: Added patronus_lynx_check_output_hallucination to actions]
[2026-03-25 12:20:57,095: INFO: action_dispatcher: Added call_policyai_api to actions]
[2026-03-25 12:20:57,096: INFO: action_dispatcher: Added detect_pii to actions]
[2026-03-25 12:20:57,096: INFO: action_dispatcher: Added mask_pii to actions]
[2026-03-25 12:20:57,104: INFO: action_dispatcher: Added protect_text to actions]
[2026-03-25 12:20:57,109: INFO: action_dispatcher: Added detect_regex_pattern to actions]
[2026-03-25 12:20:57,113: INFO: action_dispatcher: Added self_check_facts to actions]
[2026-03-25 12:20:57,117: INFO: action_dispatcher: Added self_check_input to actions]
[2026-03-25 12:20:57,119: INFO: action_dispatcher: Added self_check_output to actions]
[2026-03-25 12:20:57,121: INFO: action_dispatcher: Added detect_sensitive_data to actions]
[2026-03-25 12:20:57,121: INFO: action_dispatcher: Added mask_sensitive_data to actions]
[2026-03-25 12:20:57,124: INFO: action_dispatcher: Added topic_safety_check_input to actions]
[2026-03-25 12:20:57,133: INFO: action_dispatcher: Added trend_ai_guard to actions]
[2026-03-25 12:20:57,135: INFO: action_dispatcher: Added GetCurrentDateTimeAction to actions]
[2026-03-25 12:20:57,136: INFO: action_dispatcher: Registered Actions :: ['ClavataCheckAction', 'GetAttentionPercentageAction', 'GetCurrentDateTimeAction', 'UpdateAttentionMaterializedViewAction', 'ai_defense_inspect', 'alignscore request', 'alignscore_check_facts', 'autoalign_factcheck_output_api', 'autoalign_groundedness_output_api', 'autoalign_input_api', 'autoalign_output_api', 'call cleanlab api', 'call fiddler faithfulness', 'call fiddler safety on bot message', 'call fiddler safety on user message', 'call gcpnlp api', 'call_activefence_api', 'call_policyai_api', 'content_safety_check_input', 'content_safety_check_output', 'create_event', 'crowdstrike_aidr_guard', 'detect_language', 'detect_pii', 'detect_regex_pattern', 'detect_sensitive_data', 'gliner_detect_pii', 'gliner_mask_pii', 'injection_detection', 'jailbreak_detection_heuristics', 'jailbreak_detection_model', 'llama_guard_check_input', 'llama_guard_check_output', 'mask_pii', 'mask_sensitive_data', 'pangea_ai_guard', 'patronus_api_check_output', 'patronus_lynx_check_output_hallucination', 'protect_text', 'retrieve_relevant_chunks', 'self_check_facts', 'self_check_hallucination', 'self_check_input', 'self_check_output', 'topic_safety_check_input', 'trend_ai_guard', 'validate_guardrails_ai_input', 'validate_guardrails_ai_output', 'wolfram alpha request']]
[2026-03-25 12:20:57,136: INFO: action_dispatcher: Action dispatcher initialized]
[2026-03-25 12:20:57,197: INFO: runtime: Processing event: {'type': 'UtteranceUserActionFinished', 'final_transcript': 'hi'}]
[2026-03-25 12:20:57,197: INFO: runtime: Event :: ContextUpdate {'uid': '4d16c4da-3a54-4655-8a42-f970f7a9ea68', 'event_created_at': '2026-03-25T06:50:57.197469+00:00', 'source_uid': 'NeMoGuardrails', 'data': {'user_message': 'hi'}}]
[2026-03-25 12:20:57,197: INFO: runtime: Event :: StartInternalSystemAction {'uid': 'd6e0a933-4e47-48bd-9075-85476fccff0f', 'event_created_at': '2026-03-25T06:50:57.197469+00:00', 'source_uid': 'NeMoGuardrails', 'action_name': 'create_event', 'action_params': {'event': {'_type': 'StartInputRails'}}, 'action_result_key': None, 'action_uid': '3c9552e6-b4cc-498e-8a06-0220f63e69a3', 'is_system_action': True}]
[2026-03-25 12:20:57,197: INFO: runtime: Processing event: {'type': 'StartInternalSystemAction', 'uid': 'd6e0a933-4e47-48bd-9075-85476fccff0f', 'event_created_at': '2026-03-25T06:50:57.197469+00:00', 'source_uid': 'NeMoGuardrails', 'action_name': 'create_event', 'action_params': {'event': {'_type': 'StartInputRails'}}, 'action_result_key': None, 'action_uid': '3c9552e6-b4cc-498e-8a06-0220f63e69a3', 'is_system_action': True}]
[2026-03-25 12:20:57,197: INFO: runtime: Executing action :: create_event]
[2026-03-25 12:20:57,197: INFO: action_dispatcher: Executing registered action: create_event]
[2026-03-25 12:20:57,197: INFO: runtime: Event :: InternalSystemActionFinished {'uid': '695e7aab-75f7-4e71-8afc-4d2f4eeae2bd', 'event_created_at': '2026-03-25T06:50:57.197469+00:00', 'source_uid': 'NeMoGuardrails', 'action_uid': '3c9552e6-b4cc-498e-8a06-0220f63e69a3', 'action_name': 'create_event', 'action_params': {'event': {'_type': 'StartInputRails'}}, 'action_result_key': None, 'status': 'success', 'is_success': True, 'return_value': None, 'events': [{'type': 'StartInputRails', 'uid': '18e342ab-b0d4-4706-9abe-ffea6e4e4567', 'event_created_at': '2026-03-25T06:50:57.197469+00:00', 'source_uid': 'NeMoGuardrails'}], 'is_system_action': True, 'action_finished_at': '2026-03-25T06:50:57.197469+00:00'}]
[2026-03-25 12:20:57,197: INFO: runtime: Event :: StartInputRails {'uid': '18e342ab-b0d4-4706-9abe-ffea6e4e4567', 'event_created_at': '2026-03-25T06:50:57.197469+00:00', 'source_uid': 'NeMoGuardrails'}]
[2026-03-25 12:20:57,209: INFO: runtime: Processing event: {'type': 'StartInputRails', 'uid': '18e342ab-b0d4-4706-9abe-ffea6e4e4567', 'event_created_at': '2026-03-25T06:50:57.197469+00:00', 'source_uid': 'NeMoGuardrails'}]
[2026-03-25 12:20:57,210: INFO: runtime: Event :: ContextUpdate {'uid': '014747f6-ae6a-4b4b-9e41-e907c47dc57d', 'event_created_at': '2026-03-25T06:50:57.210786+00:00', 'source_uid': 'NeMoGuardrails', 'data': {'input_flows': ['check_greeting', 'check_dangerous_content', 'check_code_content', 'check_unrelated_content'], 'i': 0, 'triggered_input_rail': 'check_greeting'}}]
[2026-03-25 12:20:57,211: INFO: runtime: Event :: StartInternalSystemAction {'uid': '794d861e-08a8-415f-aead-b58a9517142c', 'event_created_at': '2026-03-25T06:50:57.210786+00:00', 'source_uid': 'NeMoGuardrails', 'action_name': 'create_event', 'action_params': {'event': {'_type': 'StartInputRail', 'flow_id': '$triggered_input_rail'}}, 'action_result_key': None, 'action_uid': 'e2a84b03-4841-457f-9349-84a6063d18af', 'is_system_action': True}]
[2026-03-25 12:20:57,211: INFO: runtime: Processing event: {'type': 'StartInternalSystemAction', 'uid': '794d861e-08a8-415f-aead-b58a9517142c', 'event_created_at': '2026-03-25T06:50:57.210786+00:00', 'source_uid': 'NeMoGuardrails', 'action_name': 'create_event', 'action_params': {'event': {'_type': 'StartInputRail', 'flow_id': '$triggered_input_rail'}}, 'action_result_key': None, 'action_uid': 'e2a84b03-4841-457f-9349-84a6063d18af', 'is_system_action': True}]
[2026-03-25 12:20:57,212: INFO: runtime: Executing action :: create_event]
[2026-03-25 12:20:57,212: INFO: action_dispatcher: Executing registered action: create_event]
[2026-03-25 12:20:57,212: INFO: runtime: Event :: InternalSystemActionFinished {'uid': 'e6ccc936-0397-4351-bff1-b20d8468e0f9', 'event_created_at': '2026-03-25T06:50:57.212815+00:00', 'source_uid': 'NeMoGuardrails', 'action_uid': 'e2a84b03-4841-457f-9349-84a6063d18af', 'action_name': 'create_event', 'action_params': {'event': {'_type': 'StartInputRail', 'flow_id': '$triggered_input_rail'}}, 'action_result_key': None, 'status': 'success', 'is_success': True, 'return_value': None, 'events': [{'type': 'StartInputRail', 'uid': '7c287e47-1fe7-48df-810b-aeeec3395855', 'event_created_at': '2026-03-25T06:50:57.212815+00:00', 'source_uid': 'NeMoGuardrails', 'flow_id': 'check_greeting'}], 'is_system_action': True, 'action_finished_at': '2026-03-25T06:50:57.212815+00:00'}]
[2026-03-25 12:20:57,213: INFO: runtime: Event :: StartInputRail {'uid': '7c287e47-1fe7-48df-810b-aeeec3395855', 'event_created_at': '2026-03-25T06:50:57.212815+00:00', 'source_uid': 'NeMoGuardrails', 'flow_id': 'check_greeting'}]
[2026-03-25 12:20:57,213: INFO: runtime: Processing event: {'type': 'StartInputRail', 'uid': '7c287e47-1fe7-48df-810b-aeeec3395855', 'event_created_at': '2026-03-25T06:50:57.212815+00:00', 'source_uid': 'NeMoGuardrails', 'flow_id': 'check_greeting'}]
[2026-03-25 12:20:57,216: INFO: runtime: Event :: Listen {'uid': 'ad6205b9-6393-4bdd-9269-dc0b2d1bda3c', 'event_created_at': '2026-03-25T06:50:57.216061+00:00', 'source_uid': 'NeMoGuardrails'}]
[2026-03-25 12:20:57,217: INFO: llmrails: --- :: Total processing took 0.02 seconds. Stats: 0 total calls, 0 total time, 0 total tokens, 0 total prompt tokens, 0 total completion tokens, [] as latencies]
[2026-03-25 12:22:44,290: INFO: utils: NumExpr defaulting to 8 threads.]
[2026-03-25 12:22:51,861: INFO: common: yaml file: config\config.yaml loaded successfully]
[2026-03-25 12:22:52,380: INFO: _client: HTTP Request: GET http://10.192.5.51:8000/api/v2/auth/identity "HTTP/1.1 200 OK"]
[2026-03-25 12:22:52,446: INFO: _client: HTTP Request: GET http://10.192.5.51:8000/api/v2/tenants/default_tenant "HTTP/1.1 200 OK"]
[2026-03-25 12:22:52,463: INFO: _client: HTTP Request: GET http://10.192.5.51:8000/api/v2/tenants/default_tenant/databases/default_database "HTTP/1.1 200 OK"]
[2026-03-25 12:22:55,894: INFO: gcp: Attempt 1: GCP default credentials loaded and project 'macomai-441611' obtained.]
[2026-03-25 12:22:58,194: INFO: Login: Entering the login process function]
[2026-03-25 12:22:58,669: INFO: Login: Token and session updated for user: 101373]
[2026-03-25 12:23:35,294: INFO: chatprocess: Initializing vector store with collection]
[2026-03-25 12:23:35,396: INFO: _client: HTTP Request: POST http://10.192.5.51:8000/api/v2/tenants/default_tenant/databases/default_database/collections "HTTP/1.1 200 OK"]
[2026-03-25 12:23:35,414: INFO: _client: HTTP Request: GET http://10.192.5.51:8000/api/v2/tenants/default_tenant/databases/default_database/collections/91518b3b-a2d1-4c38-b8df-01b360936d38/count?read_level=index_and_wal "HTTP/1.1 200 OK"]
[2026-03-25 12:23:35,414: INFO: chatprocess: Connected to Chroma server - Collection 'langchain' has 3764 documents]
[2026-03-25 12:23:35,981: INFO: _client: HTTP Request: HEAD https://huggingface.co/cross-encoder/ms-marco-MiniLM-L-6-v2/resolve/main/config.json "HTTP/1.1 307 Temporary Redirect"]
[2026-03-25 12:23:36,261: INFO: _client: HTTP Request: HEAD https://huggingface.co/cross-encoder/ms-marco-MiniLM-L6-v2/resolve/main/config.json "HTTP/1.1 307 Temporary Redirect"]
[2026-03-25 12:23:36,346: INFO: _client: HTTP Request: HEAD https://huggingface.co/api/resolve-cache/models/cross-encoder/ms-marco-MiniLM-L6-v2/c5ee24cb16019beea0893ab7796b1df96625c6b8/config.json "HTTP/1.1 200 OK"]
[2026-03-25 12:23:37,269: INFO: _client: HTTP Request: HEAD https://huggingface.co/cross-encoder/ms-marco-MiniLM-L-6-v2/resolve/main/config.json "HTTP/1.1 307 Temporary Redirect"]
[2026-03-25 12:23:37,546: INFO: _client: HTTP Request: HEAD https://huggingface.co/cross-encoder/ms-marco-MiniLM-L6-v2/resolve/main/config.json "HTTP/1.1 307 Temporary Redirect"]
[2026-03-25 12:23:37,632: INFO: _client: HTTP Request: HEAD https://huggingface.co/api/resolve-cache/models/cross-encoder/ms-marco-MiniLM-L6-v2/c5ee24cb16019beea0893ab7796b1df96625c6b8/config.json "HTTP/1.1 200 OK"]
[2026-03-25 12:23:37,929: INFO: _client: HTTP Request: HEAD https://huggingface.co/cross-encoder/ms-marco-MiniLM-L-6-v2/resolve/main/tokenizer_config.json "HTTP/1.1 307 Temporary Redirect"]
[2026-03-25 12:23:38,229: INFO: _client: HTTP Request: HEAD https://huggingface.co/cross-encoder/ms-marco-MiniLM-L6-v2/resolve/main/tokenizer_config.json "HTTP/1.1 307 Temporary Redirect"]
[2026-03-25 12:23:38,229: WARNING: _http: Warning: You are sending unauthenticated requests to the HF Hub. Please set a HF_TOKEN to enable higher rate limits and faster downloads.]
[2026-03-25 12:23:38,308: INFO: _client: HTTP Request: HEAD https://huggingface.co/api/resolve-cache/models/cross-encoder/ms-marco-MiniLM-L6-v2/c5ee24cb16019beea0893ab7796b1df96625c6b8/tokenizer_config.json "HTTP/1.1 200 OK"]
[2026-03-25 12:23:38,629: INFO: _client: HTTP Request: GET https://huggingface.co/api/models/cross-encoder/ms-marco-MiniLM-L-6-v2/tree/main/additional_chat_templates?recursive=false&expand=false "HTTP/1.1 307 Temporary Redirect"]
[2026-03-25 12:23:38,929: INFO: _client: HTTP Request: GET https://huggingface.co/api/models/cross-encoder/ms-marco-MiniLM-L6-v2/tree/main/additional_chat_templates?recursive=false&expand=false "HTTP/1.1 404 Not Found"]
[2026-03-25 12:23:39,212: INFO: _client: HTTP Request: GET https://huggingface.co/api/models/cross-encoder/ms-marco-MiniLM-L-6-v2/tree/main?recursive=true&expand=false "HTTP/1.1 307 Temporary Redirect"]
[2026-03-25 12:23:39,512: INFO: _client: HTTP Request: GET https://huggingface.co/api/models/cross-encoder/ms-marco-MiniLM-L6-v2/tree/main?recursive=true&expand=false "HTTP/1.1 200 OK"]
[2026-03-25 12:23:39,975: INFO: _client: HTTP Request: HEAD https://huggingface.co/cross-encoder/ms-marco-MiniLM-L-6-v2/resolve/main/README.md "HTTP/1.1 307 Temporary Redirect"]
[2026-03-25 12:23:40,262: INFO: _client: HTTP Request: HEAD https://huggingface.co/cross-encoder/ms-marco-MiniLM-L6-v2/resolve/main/README.md "HTTP/1.1 307 Temporary Redirect"]
[2026-03-25 12:23:40,348: INFO: _client: HTTP Request: HEAD https://huggingface.co/api/resolve-cache/models/cross-encoder/ms-marco-MiniLM-L6-v2/c5ee24cb16019beea0893ab7796b1df96625c6b8/README.md "HTTP/1.1 200 OK"]
[2026-03-25 12:23:40,361: INFO: CrossEncoder: Use pytorch device: cpu]
[2026-03-25 12:23:40,662: INFO: _client: HTTP Request: GET https://huggingface.co/api/models/cross-encoder/ms-marco-MiniLM-L-6-v2 "HTTP/1.1 307 Temporary Redirect"]
[2026-03-25 12:23:40,945: INFO: _client: HTTP Request: GET https://huggingface.co/api/models/cross-encoder/ms-marco-MiniLM-L6-v2 "HTTP/1.1 200 OK"]
[2026-03-25 12:23:40,980: INFO: token: Entering access token validation method ]
[2026-03-25 12:23:41,087: INFO: guardrails_check: NeMo Guardrails loaded successfully.]
[2026-03-25 12:23:43,662: INFO: action_dispatcher: Initializing action dispatcher]
[2026-03-25 12:23:43,680: INFO: action_dispatcher: Added create_event to actions]
[2026-03-25 12:23:43,687: INFO: action_dispatcher: Added wolfram alpha request to actions]
[2026-03-25 12:23:43,695: INFO: action_dispatcher: Added retrieve_relevant_chunks to actions]
[2026-03-25 12:23:43,945: INFO: action_dispatcher: Added call_activefence_api to actions]
[2026-03-25 12:23:43,954: INFO: action_dispatcher: Added ai_defense_inspect to actions]
[2026-03-25 12:23:43,963: INFO: action_dispatcher: Added GetAttentionPercentageAction to actions]
[2026-03-25 12:23:43,965: INFO: action_dispatcher: Added UpdateAttentionMaterializedViewAction to actions]
[2026-03-25 12:23:43,972: INFO: action_dispatcher: Added autoalign_factcheck_output_api to actions]
[2026-03-25 12:23:43,973: INFO: action_dispatcher: Added autoalign_groundedness_output_api to actions]
[2026-03-25 12:23:43,973: INFO: action_dispatcher: Added autoalign_input_api to actions]
[2026-03-25 12:23:43,975: INFO: action_dispatcher: Added autoalign_output_api to actions]
[2026-03-25 12:23:44,026: INFO: action_dispatcher: Added ClavataCheckAction to actions]
[2026-03-25 12:23:44,033: INFO: action_dispatcher: Added call cleanlab api to actions]
[2026-03-25 12:23:44,043: INFO: action_dispatcher: Added content_safety_check_input to actions]
[2026-03-25 12:23:44,043: INFO: action_dispatcher: Added content_safety_check_output to actions]
[2026-03-25 12:23:44,044: INFO: action_dispatcher: Added detect_language to actions]
[2026-03-25 12:23:44,061: INFO: action_dispatcher: Added crowdstrike_aidr_guard to actions]
[2026-03-25 12:23:44,091: INFO: action_dispatcher: Added alignscore_check_facts to actions]
[2026-03-25 12:23:44,091: INFO: action_dispatcher: Added alignscore request to actions]
[2026-03-25 12:23:44,093: INFO: action_dispatcher: Added self_check_facts to actions]
[2026-03-25 12:23:44,103: INFO: action_dispatcher: Added call fiddler faithfulness to actions]
[2026-03-25 12:23:44,103: INFO: action_dispatcher: Added call fiddler safety on bot message to actions]
[2026-03-25 12:23:44,103: INFO: action_dispatcher: Added call fiddler safety on user message to actions]
[2026-03-25 12:23:44,111: INFO: action_dispatcher: Added call gcpnlp api to actions]
[2026-03-25 12:23:44,165: INFO: action_dispatcher: Added gliner_detect_pii to actions]
[2026-03-25 12:23:44,165: INFO: action_dispatcher: Added gliner_mask_pii to actions]
[2026-03-25 12:23:44,193: INFO: action_dispatcher: Added validate_guardrails_ai_input to actions]
[2026-03-25 12:23:44,196: INFO: action_dispatcher: Added validate_guardrails_ai_output to actions]
[2026-03-25 12:23:44,203: INFO: action_dispatcher: Added self_check_hallucination to actions]
[2026-03-25 12:23:44,230: INFO: action_dispatcher: Added injection_detection to actions]
[2026-03-25 12:23:44,288: INFO: action_dispatcher: Added jailbreak_detection_heuristics to actions]
[2026-03-25 12:23:44,289: INFO: action_dispatcher: Added jailbreak_detection_model to actions]
[2026-03-25 12:23:44,299: INFO: action_dispatcher: Added llama_guard_check_input to actions]
[2026-03-25 12:23:44,300: INFO: action_dispatcher: Added llama_guard_check_output to actions]
[2026-03-25 12:23:44,323: INFO: action_dispatcher: Added pangea_ai_guard to actions]
[2026-03-25 12:23:44,327: INFO: action_dispatcher: Added patronus_api_check_output to actions]
[2026-03-25 12:23:44,328: INFO: action_dispatcher: Added patronus_lynx_check_output_hallucination to actions]
[2026-03-25 12:23:44,336: INFO: action_dispatcher: Added call_policyai_api to actions]
[2026-03-25 12:23:44,345: INFO: action_dispatcher: Added detect_pii to actions]
[2026-03-25 12:23:44,345: INFO: action_dispatcher: Added mask_pii to actions]
[2026-03-25 12:23:44,353: INFO: action_dispatcher: Added protect_text to actions]
[2026-03-25 12:23:44,368: INFO: action_dispatcher: Added detect_regex_pattern to actions]
[2026-03-25 12:23:44,374: INFO: action_dispatcher: Added self_check_facts to actions]
[2026-03-25 12:23:44,376: INFO: action_dispatcher: Added self_check_input to actions]
[2026-03-25 12:23:44,383: INFO: action_dispatcher: Added self_check_output to actions]
[2026-03-25 12:23:44,387: INFO: action_dispatcher: Added detect_sensitive_data to actions]
[2026-03-25 12:23:44,392: INFO: action_dispatcher: Added mask_sensitive_data to actions]
[2026-03-25 12:23:44,401: INFO: action_dispatcher: Added topic_safety_check_input to actions]
[2026-03-25 12:23:44,421: INFO: action_dispatcher: Added trend_ai_guard to actions]
[2026-03-25 12:23:44,427: INFO: action_dispatcher: Added GetCurrentDateTimeAction to actions]
[2026-03-25 12:23:44,435: INFO: action_dispatcher: Registered Actions :: ['ClavataCheckAction', 'GetAttentionPercentageAction', 'GetCurrentDateTimeAction', 'UpdateAttentionMaterializedViewAction', 'ai_defense_inspect', 'alignscore request', 'alignscore_check_facts', 'autoalign_factcheck_output_api', 'autoalign_groundedness_output_api', 'autoalign_input_api', 'autoalign_output_api', 'call cleanlab api', 'call fiddler faithfulness', 'call fiddler safety on bot message', 'call fiddler safety on user message', 'call gcpnlp api', 'call_activefence_api', 'call_policyai_api', 'content_safety_check_input', 'content_safety_check_output', 'create_event', 'crowdstrike_aidr_guard', 'detect_language', 'detect_pii', 'detect_regex_pattern', 'detect_sensitive_data', 'gliner_detect_pii', 'gliner_mask_pii', 'injection_detection', 'jailbreak_detection_heuristics', 'jailbreak_detection_model', 'llama_guard_check_input', 'llama_guard_check_output', 'mask_pii', 'mask_sensitive_data', 'pangea_ai_guard', 'patronus_api_check_output', 'patronus_lynx_check_output_hallucination', 'protect_text', 'retrieve_relevant_chunks', 'self_check_facts', 'self_check_hallucination', 'self_check_input', 'self_check_output', 'topic_safety_check_input', 'trend_ai_guard', 'validate_guardrails_ai_input', 'validate_guardrails_ai_output', 'wolfram alpha request']]
[2026-03-25 12:23:44,437: INFO: action_dispatcher: Action dispatcher initialized]
[2026-03-25 12:23:44,588: INFO: runtime: Processing event: {'type': 'UtteranceUserActionFinished', 'final_transcript': 'Can you make me a code'}]
[2026-03-25 12:23:44,590: INFO: runtime: Event :: ContextUpdate {'uid': '1d1a75ee-75ec-4758-9736-69d28a1e0a0b', 'event_created_at': '2026-03-25T06:53:44.590890+00:00', 'source_uid': 'NeMoGuardrails', 'data': {'user_message': 'Can you make me a code'}}]
[2026-03-25 12:23:44,592: INFO: runtime: Event :: StartInternalSystemAction {'uid': 'f758b228-2a2e-4481-a638-97a47ed32c53', 'event_created_at': '2026-03-25T06:53:44.590890+00:00', 'source_uid': 'NeMoGuardrails', 'action_name': 'create_event', 'action_params': {'event': {'_type': 'StartInputRails'}}, 'action_result_key': None, 'action_uid': 'c11df8e4-ad38-4999-8066-d6eb7c406dbf', 'is_system_action': True}]
[2026-03-25 12:23:44,592: INFO: runtime: Processing event: {'type': 'StartInternalSystemAction', 'uid': 'f758b228-2a2e-4481-a638-97a47ed32c53', 'event_created_at': '2026-03-25T06:53:44.590890+00:00', 'source_uid': 'NeMoGuardrails', 'action_name': 'create_event', 'action_params': {'event': {'_type': 'StartInputRails'}}, 'action_result_key': None, 'action_uid': 'c11df8e4-ad38-4999-8066-d6eb7c406dbf', 'is_system_action': True}]
[2026-03-25 12:23:44,593: INFO: runtime: Executing action :: create_event]
[2026-03-25 12:23:44,593: INFO: action_dispatcher: Executing registered action: create_event]
[2026-03-25 12:23:44,593: INFO: runtime: Event :: InternalSystemActionFinished {'uid': '1f06fd81-90e8-4224-9863-5eb87760bf98', 'event_created_at': '2026-03-25T06:53:44.593328+00:00', 'source_uid': 'NeMoGuardrails', 'action_uid': 'c11df8e4-ad38-4999-8066-d6eb7c406dbf', 'action_name': 'create_event', 'action_params': {'event': {'_type': 'StartInputRails'}}, 'action_result_key': None, 'status': 'success', 'is_success': True, 'return_value': None, 'events': [{'type': 'StartInputRails', 'uid': 'ba2e414d-ec9c-421e-be0f-f4a2d58ad67e', 'event_created_at': '2026-03-25T06:53:44.593328+00:00', 'source_uid': 'NeMoGuardrails'}], 'is_system_action': True, 'action_finished_at': '2026-03-25T06:53:44.593328+00:00'}]
[2026-03-25 12:23:44,594: INFO: runtime: Event :: StartInputRails {'uid': 'ba2e414d-ec9c-421e-be0f-f4a2d58ad67e', 'event_created_at': '2026-03-25T06:53:44.593328+00:00', 'source_uid': 'NeMoGuardrails'}]
[2026-03-25 12:23:44,594: INFO: runtime: Processing event: {'type': 'StartInputRails', 'uid': 'ba2e414d-ec9c-421e-be0f-f4a2d58ad67e', 'event_created_at': '2026-03-25T06:53:44.593328+00:00', 'source_uid': 'NeMoGuardrails'}]
[2026-03-25 12:23:44,600: INFO: runtime: Event :: ContextUpdate {'uid': '8abd8111-d924-4b10-9c7a-457ff01893de', 'event_created_at': '2026-03-25T06:53:44.599340+00:00', 'source_uid': 'NeMoGuardrails', 'data': {'input_flows': ['check_greeting', 'check_dangerous_content', 'check_code_content', 'check_unrelated_content'], 'i': 0, 'triggered_input_rail': 'check_greeting'}}]
[2026-03-25 12:23:44,601: INFO: runtime: Event :: StartInternalSystemAction {'uid': '878fba8e-ed19-4841-a7c6-efebb93022dd', 'event_created_at': '2026-03-25T06:53:44.599340+00:00', 'source_uid': 'NeMoGuardrails', 'action_name': 'create_event', 'action_params': {'event': {'_type': 'StartInputRail', 'flow_id': '$triggered_input_rail'}}, 'action_result_key': None, 'action_uid': '7f1ef940-ca76-4a95-9703-816b2d7d3f4d', 'is_system_action': True}]
[2026-03-25 12:23:44,601: INFO: runtime: Processing event: {'type': 'StartInternalSystemAction', 'uid': '878fba8e-ed19-4841-a7c6-efebb93022dd', 'event_created_at': '2026-03-25T06:53:44.599340+00:00', 'source_uid': 'NeMoGuardrails', 'action_name': 'create_event', 'action_params': {'event': {'_type': 'StartInputRail', 'flow_id': '$triggered_input_rail'}}, 'action_result_key': None, 'action_uid': '7f1ef940-ca76-4a95-9703-816b2d7d3f4d', 'is_system_action': True}]
[2026-03-25 12:23:44,602: INFO: runtime: Executing action :: create_event]
[2026-03-25 12:23:44,602: INFO: action_dispatcher: Executing registered action: create_event]
[2026-03-25 12:23:44,605: INFO: runtime: Event :: InternalSystemActionFinished {'uid': 'cea07f44-1bab-4fa1-957c-fc18af946d6c', 'event_created_at': '2026-03-25T06:53:44.604722+00:00', 'source_uid': 'NeMoGuardrails', 'action_uid': '7f1ef940-ca76-4a95-9703-816b2d7d3f4d', 'action_name': 'create_event', 'action_params': {'event': {'_type': 'StartInputRail', 'flow_id': '$triggered_input_rail'}}, 'action_result_key': None, 'status': 'success', 'is_success': True, 'return_value': None, 'events': [{'type': 'StartInputRail', 'uid': 'c45a5fdb-9b7a-4714-a4e2-de132329f87a', 'event_created_at': '2026-03-25T06:53:44.602193+00:00', 'source_uid': 'NeMoGuardrails', 'flow_id': 'check_greeting'}], 'is_system_action': True, 'action_finished_at': '2026-03-25T06:53:44.604722+00:00'}]
[2026-03-25 12:23:44,605: INFO: runtime: Event :: StartInputRail {'uid': 'c45a5fdb-9b7a-4714-a4e2-de132329f87a', 'event_created_at': '2026-03-25T06:53:44.602193+00:00', 'source_uid': 'NeMoGuardrails', 'flow_id': 'check_greeting'}]
[2026-03-25 12:23:44,605: INFO: runtime: Processing event: {'type': 'StartInputRail', 'uid': 'c45a5fdb-9b7a-4714-a4e2-de132329f87a', 'event_created_at': '2026-03-25T06:53:44.602193+00:00', 'source_uid': 'NeMoGuardrails', 'flow_id': 'check_greeting'}]
[2026-03-25 12:23:44,607: INFO: runtime: Event :: Listen {'uid': '96394fbc-9a96-4e0d-86bf-434ca4412e52', 'event_created_at': '2026-03-25T06:53:44.607373+00:00', 'source_uid': 'NeMoGuardrails'}]
[2026-03-25 12:23:44,608: INFO: llmrails: --- :: Total processing took 0.02 seconds. Stats: 0 total calls, 0 total time, 0 total tokens, 0 total prompt tokens, 0 total completion tokens, [] as latencies]
[2026-03-25 12:24:08,725: INFO: guardrails_check: Guardrails NeMo reply: '']
[2026-03-25 12:24:14,164: INFO: models: AFC is enabled with max remote calls: 10.]
[2026-03-25 12:24:16,427: INFO: _client: HTTP Request: POST https://aiplatform.googleapis.com/v1beta1/projects/macomai-441611/locations/global/publishers/google/models/gemini-2.5-flash:generateContent "HTTP/1.1 200 OK"]
[2026-03-25 12:24:28,164: INFO: _client: HTTP Request: POST https://aiplatform.googleapis.com/v1beta1/projects/macomai-441611/locations/global/publishers/google/models/text-embedding-004:predict "HTTP/1.1 200 OK"]
[2026-03-25 12:24:28,278: INFO: _client: HTTP Request: POST http://10.192.5.51:8000/api/v2/tenants/default_tenant/databases/default_database/collections/91518b3b-a2d1-4c38-b8df-01b360936d38/query "HTTP/1.1 200 OK"]
[2026-03-25 12:24:29,695: INFO: chatprocess: Formatting 5 documents]
[2026-03-25 12:24:29,698: INFO: models: AFC is enabled with max remote calls: 10.]
[2026-03-25 12:24:32,763: INFO: _client: HTTP Request: POST https://aiplatform.googleapis.com/v1beta1/projects/macomai-441611/locations/global/publishers/google/models/gemini-2.5-flash:generateContent "HTTP/1.1 200 OK"]
[2026-03-25 12:24:32,786: INFO: app: Chat request completed]
[2026-03-25 12:24:48,598: INFO: chatprocess: Initializing vector store with collection]
[2026-03-25 12:24:48,665: INFO: _client: HTTP Request: POST http://10.192.5.51:8000/api/v2/tenants/default_tenant/databases/default_database/collections "HTTP/1.1 200 OK"]
[2026-03-25 12:24:48,703: INFO: _client: HTTP Request: GET http://10.192.5.51:8000/api/v2/tenants/default_tenant/databases/default_database/collections/91518b3b-a2d1-4c38-b8df-01b360936d38/count?read_level=index_and_wal "HTTP/1.1 200 OK"]
[2026-03-25 12:24:48,703: INFO: chatprocess: Connected to Chroma server - Collection 'langchain' has 3764 documents]
[2026-03-25 12:24:49,214: INFO: _client: HTTP Request: HEAD https://huggingface.co/cross-encoder/ms-marco-MiniLM-L-6-v2/resolve/main/config.json "HTTP/1.1 307 Temporary Redirect"]
[2026-03-25 12:24:49,543: INFO: _client: HTTP Request: HEAD https://huggingface.co/cross-encoder/ms-marco-MiniLM-L6-v2/resolve/main/config.json "HTTP/1.1 307 Temporary Redirect"]
[2026-03-25 12:24:49,784: INFO: _client: HTTP Request: HEAD https://huggingface.co/api/resolve-cache/models/cross-encoder/ms-marco-MiniLM-L6-v2/c5ee24cb16019beea0893ab7796b1df96625c6b8/config.json "HTTP/1.1 200 OK"]
[2026-03-25 12:24:50,306: INFO: _client: HTTP Request: HEAD https://huggingface.co/cross-encoder/ms-marco-MiniLM-L-6-v2/resolve/main/config.json "HTTP/1.1 307 Temporary Redirect"]
[2026-03-25 12:24:50,643: INFO: _client: HTTP Request: HEAD https://huggingface.co/cross-encoder/ms-marco-MiniLM-L6-v2/resolve/main/config.json "HTTP/1.1 307 Temporary Redirect"]
[2026-03-25 12:24:50,734: INFO: _client: HTTP Request: HEAD https://huggingface.co/api/resolve-cache/models/cross-encoder/ms-marco-MiniLM-L6-v2/c5ee24cb16019beea0893ab7796b1df96625c6b8/config.json "HTTP/1.1 200 OK"]
[2026-03-25 12:24:51,045: INFO: _client: HTTP Request: HEAD https://huggingface.co/cross-encoder/ms-marco-MiniLM-L-6-v2/resolve/main/tokenizer_config.json "HTTP/1.1 307 Temporary Redirect"]
[2026-03-25 12:24:51,332: INFO: _client: HTTP Request: HEAD https://huggingface.co/cross-encoder/ms-marco-MiniLM-L6-v2/resolve/main/tokenizer_config.json "HTTP/1.1 307 Temporary Redirect"]
[2026-03-25 12:24:51,407: INFO: _client: HTTP Request: HEAD https://huggingface.co/api/resolve-cache/models/cross-encoder/ms-marco-MiniLM-L6-v2/c5ee24cb16019beea0893ab7796b1df96625c6b8/tokenizer_config.json "HTTP/1.1 200 OK"]
[2026-03-25 12:24:51,713: INFO: _client: HTTP Request: GET https://huggingface.co/api/models/cross-encoder/ms-marco-MiniLM-L-6-v2/tree/main/additional_chat_templates?recursive=false&expand=false "HTTP/1.1 307 Temporary Redirect"]
[2026-03-25 12:24:52,000: INFO: _client: HTTP Request: GET https://huggingface.co/api/models/cross-encoder/ms-marco-MiniLM-L6-v2/tree/main/additional_chat_templates?recursive=false&expand=false "HTTP/1.1 404 Not Found"]
[2026-03-25 12:24:52,299: INFO: _client: HTTP Request: GET https://huggingface.co/api/models/cross-encoder/ms-marco-MiniLM-L-6-v2/tree/main?recursive=true&expand=false "HTTP/1.1 307 Temporary Redirect"]
[2026-03-25 12:24:52,590: INFO: _client: HTTP Request: GET https://huggingface.co/api/models/cross-encoder/ms-marco-MiniLM-L6-v2/tree/main?recursive=true&expand=false "HTTP/1.1 200 OK"]
[2026-03-25 12:24:52,962: INFO: _client: HTTP Request: HEAD https://huggingface.co/cross-encoder/ms-marco-MiniLM-L-6-v2/resolve/main/README.md "HTTP/1.1 307 Temporary Redirect"]
[2026-03-25 12:24:53,256: INFO: _client: HTTP Request: HEAD https://huggingface.co/cross-encoder/ms-marco-MiniLM-L6-v2/resolve/main/README.md "HTTP/1.1 307 Temporary Redirect"]
[2026-03-25 12:24:53,347: INFO: _client: HTTP Request: HEAD https://huggingface.co/api/resolve-cache/models/cross-encoder/ms-marco-MiniLM-L6-v2/c5ee24cb16019beea0893ab7796b1df96625c6b8/README.md "HTTP/1.1 200 OK"]
[2026-03-25 12:24:53,355: INFO: CrossEncoder: Use pytorch device: cpu]
[2026-03-25 12:24:53,641: INFO: _client: HTTP Request: GET https://huggingface.co/api/models/cross-encoder/ms-marco-MiniLM-L-6-v2 "HTTP/1.1 307 Temporary Redirect"]
[2026-03-25 12:24:53,977: INFO: _client: HTTP Request: GET https://huggingface.co/api/models/cross-encoder/ms-marco-MiniLM-L6-v2 "HTTP/1.1 200 OK"]
[2026-03-25 12:24:53,980: INFO: token: Entering access token validation method ]
[2026-03-25 12:24:53,991: INFO: runtime: Processing event: {'type': 'UtteranceUserActionFinished', 'final_transcript': 'hi good morning'}]
[2026-03-25 12:24:53,991: INFO: runtime: Event :: ContextUpdate {'uid': 'e74b975f-c168-4f46-bd3d-d3b6008d0e22', 'event_created_at': '2026-03-25T06:54:53.991976+00:00', 'source_uid': 'NeMoGuardrails', 'data': {'user_message': 'hi good morning'}}]
[2026-03-25 12:24:53,995: INFO: runtime: Event :: StartInternalSystemAction {'uid': 'a474353e-3ca0-4b84-9c37-acf5f2fd2f49', 'event_created_at': '2026-03-25T06:54:53.991976+00:00', 'source_uid': 'NeMoGuardrails', 'action_name': 'create_event', 'action_params': {'event': {'_type': 'StartInputRails'}}, 'action_result_key': None, 'action_uid': '9168c0bf-d32c-4adc-aaea-f0459d24fe32', 'is_system_action': True}]
[2026-03-25 12:24:53,995: INFO: runtime: Processing event: {'type': 'StartInternalSystemAction', 'uid': 'a474353e-3ca0-4b84-9c37-acf5f2fd2f49', 'event_created_at': '2026-03-25T06:54:53.991976+00:00', 'source_uid': 'NeMoGuardrails', 'action_name': 'create_event', 'action_params': {'event': {'_type': 'StartInputRails'}}, 'action_result_key': None, 'action_uid': '9168c0bf-d32c-4adc-aaea-f0459d24fe32', 'is_system_action': True}]
[2026-03-25 12:24:53,995: INFO: runtime: Executing action :: create_event]
[2026-03-25 12:24:53,995: INFO: action_dispatcher: Executing registered action: create_event]
[2026-03-25 12:24:53,995: INFO: runtime: Event :: InternalSystemActionFinished {'uid': '0919eb3f-fe16-4d10-8683-2a3e64ef99f8', 'event_created_at': '2026-03-25T06:54:53.995035+00:00', 'source_uid': 'NeMoGuardrails', 'action_uid': '9168c0bf-d32c-4adc-aaea-f0459d24fe32', 'action_name': 'create_event', 'action_params': {'event': {'_type': 'StartInputRails'}}, 'action_result_key': None, 'status': 'success', 'is_success': True, 'return_value': None, 'events': [{'type': 'StartInputRails', 'uid': 'c16545b5-c7ce-44ac-b187-1ed5b96db42d', 'event_created_at': '2026-03-25T06:54:53.995035+00:00', 'source_uid': 'NeMoGuardrails'}], 'is_system_action': True, 'action_finished_at': '2026-03-25T06:54:53.995035+00:00'}]
[2026-03-25 12:24:53,996: INFO: runtime: Event :: StartInputRails {'uid': 'c16545b5-c7ce-44ac-b187-1ed5b96db42d', 'event_created_at': '2026-03-25T06:54:53.995035+00:00', 'source_uid': 'NeMoGuardrails'}]
[2026-03-25 12:24:53,996: INFO: runtime: Processing event: {'type': 'StartInputRails', 'uid': 'c16545b5-c7ce-44ac-b187-1ed5b96db42d', 'event_created_at': '2026-03-25T06:54:53.995035+00:00', 'source_uid': 'NeMoGuardrails'}]
[2026-03-25 12:24:53,999: INFO: runtime: Event :: ContextUpdate {'uid': '5d13f194-af2e-4384-bb1e-e25b457ffa47', 'event_created_at': '2026-03-25T06:54:53.999291+00:00', 'source_uid': 'NeMoGuardrails', 'data': {'input_flows': ['check_greeting', 'check_dangerous_content', 'check_code_content', 'check_unrelated_content'], 'i': 0, 'triggered_input_rail': 'check_greeting'}}]
[2026-03-25 12:24:54,000: INFO: runtime: Event :: StartInternalSystemAction {'uid': 'ecae90bf-58bf-4398-aa9a-4ebe3d9fdf23', 'event_created_at': '2026-03-25T06:54:53.999291+00:00', 'source_uid': 'NeMoGuardrails', 'action_name': 'create_event', 'action_params': {'event': {'_type': 'StartInputRail', 'flow_id': '$triggered_input_rail'}}, 'action_result_key': None, 'action_uid': '666f2fd4-8ab7-44c7-bcd2-e1c9cba3d3d4', 'is_system_action': True}]
[2026-03-25 12:24:54,001: INFO: runtime: Processing event: {'type': 'StartInternalSystemAction', 'uid': 'ecae90bf-58bf-4398-aa9a-4ebe3d9fdf23', 'event_created_at': '2026-03-25T06:54:53.999291+00:00', 'source_uid': 'NeMoGuardrails', 'action_name': 'create_event', 'action_params': {'event': {'_type': 'StartInputRail', 'flow_id': '$triggered_input_rail'}}, 'action_result_key': None, 'action_uid': '666f2fd4-8ab7-44c7-bcd2-e1c9cba3d3d4', 'is_system_action': True}]
[2026-03-25 12:24:54,001: INFO: runtime: Executing action :: create_event]
[2026-03-25 12:24:54,001: INFO: action_dispatcher: Executing registered action: create_event]
[2026-03-25 12:24:54,001: INFO: runtime: Event :: InternalSystemActionFinished {'uid': '7204ebc9-ca17-41ab-8e47-5b311730a06a', 'event_created_at': '2026-03-25T06:54:54.001359+00:00', 'source_uid': 'NeMoGuardrails', 'action_uid': '666f2fd4-8ab7-44c7-bcd2-e1c9cba3d3d4', 'action_name': 'create_event', 'action_params': {'event': {'_type': 'StartInputRail', 'flow_id': '$triggered_input_rail'}}, 'action_result_key': None, 'status': 'success', 'is_success': True, 'return_value': None, 'events': [{'type': 'StartInputRail', 'uid': '3ebb47d2-2fbb-4b3f-b86a-93b329e03f0f', 'event_created_at': '2026-03-25T06:54:54.001359+00:00', 'source_uid': 'NeMoGuardrails', 'flow_id': 'check_greeting'}], 'is_system_action': True, 'action_finished_at': '2026-03-25T06:54:54.001359+00:00'}]
[2026-03-25 12:24:54,001: INFO: runtime: Event :: StartInputRail {'uid': '3ebb47d2-2fbb-4b3f-b86a-93b329e03f0f', 'event_created_at': '2026-03-25T06:54:54.001359+00:00', 'source_uid': 'NeMoGuardrails', 'flow_id': 'check_greeting'}]
[2026-03-25 12:24:54,001: INFO: runtime: Processing event: {'type': 'StartInputRail', 'uid': '3ebb47d2-2fbb-4b3f-b86a-93b329e03f0f', 'event_created_at': '2026-03-25T06:54:54.001359+00:00', 'source_uid': 'NeMoGuardrails', 'flow_id': 'check_greeting'}]
[2026-03-25 12:24:54,005: INFO: runtime: Event :: Listen {'uid': 'ee8f604c-aca0-44f3-ab71-a62bc67197b7', 'event_created_at': '2026-03-25T06:54:54.005549+00:00', 'source_uid': 'NeMoGuardrails'}]
[2026-03-25 12:24:54,005: INFO: llmrails: --- :: Total processing took 0.01 seconds. Stats: 0 total calls, 0 total time, 0 total tokens, 0 total prompt tokens, 0 total completion tokens, [] as latencies]
[2026-03-25 12:31:18,678: INFO: utils: NumExpr defaulting to 8 threads.]
[2026-03-25 12:31:30,653: INFO: common: yaml file: config\config.yaml loaded successfully]
[2026-03-25 12:31:31,097: INFO: _client: HTTP Request: GET http://10.192.5.51:8000/api/v2/auth/identity "HTTP/1.1 200 OK"]
[2026-03-25 12:31:31,174: INFO: _client: HTTP Request: GET http://10.192.5.51:8000/api/v2/tenants/default_tenant "HTTP/1.1 200 OK"]
[2026-03-25 12:31:31,208: INFO: _client: HTTP Request: GET http://10.192.5.51:8000/api/v2/tenants/default_tenant/databases/default_database "HTTP/1.1 200 OK"]
[2026-03-25 12:31:35,446: INFO: gcp: Attempt 1: GCP default credentials loaded and project 'macomai-441611' obtained.]
[2026-03-25 12:31:38,257: INFO: Login: Entering the login process function]
[2026-03-25 12:31:38,781: INFO: Login: Token and session updated for user: 101373]
[2026-03-25 12:31:44,604: INFO: chatprocess: Initializing vector store with collection]
[2026-03-25 12:31:44,708: INFO: _client: HTTP Request: POST http://10.192.5.51:8000/api/v2/tenants/default_tenant/databases/default_database/collections "HTTP/1.1 200 OK"]
[2026-03-25 12:31:44,730: INFO: _client: HTTP Request: GET http://10.192.5.51:8000/api/v2/tenants/default_tenant/databases/default_database/collections/91518b3b-a2d1-4c38-b8df-01b360936d38/count?read_level=index_and_wal "HTTP/1.1 200 OK"]
[2026-03-25 12:31:44,733: INFO: chatprocess: Connected to Chroma server - Collection 'langchain' has 3764 documents]
[2026-03-25 12:31:45,333: INFO: _client: HTTP Request: HEAD https://huggingface.co/cross-encoder/ms-marco-MiniLM-L-6-v2/resolve/main/config.json "HTTP/1.1 307 Temporary Redirect"]
[2026-03-25 12:31:45,638: INFO: _client: HTTP Request: HEAD https://huggingface.co/cross-encoder/ms-marco-MiniLM-L6-v2/resolve/main/config.json "HTTP/1.1 307 Temporary Redirect"]
[2026-03-25 12:31:45,727: INFO: _client: HTTP Request: HEAD https://huggingface.co/api/resolve-cache/models/cross-encoder/ms-marco-MiniLM-L6-v2/c5ee24cb16019beea0893ab7796b1df96625c6b8/config.json "HTTP/1.1 200 OK"]
[2026-03-25 12:31:46,621: INFO: _client: HTTP Request: HEAD https://huggingface.co/cross-encoder/ms-marco-MiniLM-L-6-v2/resolve/main/config.json "HTTP/1.1 307 Temporary Redirect"]
[2026-03-25 12:31:46,923: INFO: _client: HTTP Request: HEAD https://huggingface.co/cross-encoder/ms-marco-MiniLM-L6-v2/resolve/main/config.json "HTTP/1.1 307 Temporary Redirect"]
[2026-03-25 12:31:47,016: INFO: _client: HTTP Request: HEAD https://huggingface.co/api/resolve-cache/models/cross-encoder/ms-marco-MiniLM-L6-v2/c5ee24cb16019beea0893ab7796b1df96625c6b8/config.json "HTTP/1.1 200 OK"]
[2026-03-25 12:31:47,317: INFO: _client: HTTP Request: HEAD https://huggingface.co/cross-encoder/ms-marco-MiniLM-L-6-v2/resolve/main/tokenizer_config.json "HTTP/1.1 307 Temporary Redirect"]
[2026-03-25 12:31:47,634: INFO: _client: HTTP Request: HEAD https://huggingface.co/cross-encoder/ms-marco-MiniLM-L6-v2/resolve/main/tokenizer_config.json "HTTP/1.1 307 Temporary Redirect"]
[2026-03-25 12:31:47,721: INFO: _client: HTTP Request: HEAD https://huggingface.co/api/resolve-cache/models/cross-encoder/ms-marco-MiniLM-L6-v2/c5ee24cb16019beea0893ab7796b1df96625c6b8/tokenizer_config.json "HTTP/1.1 200 OK"]
[2026-03-25 12:31:48,071: INFO: _client: HTTP Request: GET https://huggingface.co/api/models/cross-encoder/ms-marco-MiniLM-L-6-v2/tree/main/additional_chat_templates?recursive=false&expand=false "HTTP/1.1 307 Temporary Redirect"]
[2026-03-25 12:31:48,404: INFO: _client: HTTP Request: GET https://huggingface.co/api/models/cross-encoder/ms-marco-MiniLM-L6-v2/tree/main/additional_chat_templates?recursive=false&expand=false "HTTP/1.1 404 Not Found"]
[2026-03-25 12:31:48,701: INFO: _client: HTTP Request: GET https://huggingface.co/api/models/cross-encoder/ms-marco-MiniLM-L-6-v2/tree/main?recursive=true&expand=false "HTTP/1.1 307 Temporary Redirect"]
[2026-03-25 12:31:49,004: INFO: _client: HTTP Request: GET https://huggingface.co/api/models/cross-encoder/ms-marco-MiniLM-L6-v2/tree/main?recursive=true&expand=false "HTTP/1.1 200 OK"]
[2026-03-25 12:31:49,510: INFO: _client: HTTP Request: HEAD https://huggingface.co/cross-encoder/ms-marco-MiniLM-L-6-v2/resolve/main/README.md "HTTP/1.1 307 Temporary Redirect"]
[2026-03-25 12:31:49,813: INFO: _client: HTTP Request: HEAD https://huggingface.co/cross-encoder/ms-marco-MiniLM-L6-v2/resolve/main/README.md "HTTP/1.1 307 Temporary Redirect"]
[2026-03-25 12:31:49,905: INFO: _client: HTTP Request: HEAD https://huggingface.co/api/resolve-cache/models/cross-encoder/ms-marco-MiniLM-L6-v2/c5ee24cb16019beea0893ab7796b1df96625c6b8/README.md "HTTP/1.1 200 OK"]
[2026-03-25 12:31:49,915: INFO: CrossEncoder: Use pytorch device: cpu]
[2026-03-25 12:31:50,247: INFO: _client: HTTP Request: GET https://huggingface.co/api/models/cross-encoder/ms-marco-MiniLM-L-6-v2 "HTTP/1.1 307 Temporary Redirect"]
[2026-03-25 12:31:50,548: INFO: _client: HTTP Request: GET https://huggingface.co/api/models/cross-encoder/ms-marco-MiniLM-L6-v2 "HTTP/1.1 200 OK"]
[2026-03-25 12:31:50,573: INFO: token: Entering access token validation method ]
[2026-03-25 12:31:50,658: INFO: guardrails_check: NeMo Guardrails loaded successfully.]
[2026-03-25 12:31:52,954: INFO: action_dispatcher: Initializing action dispatcher]
[2026-03-25 12:31:52,965: INFO: action_dispatcher: Added create_event to actions]
[2026-03-25 12:31:52,974: INFO: action_dispatcher: Added wolfram alpha request to actions]
[2026-03-25 12:31:52,982: INFO: action_dispatcher: Added retrieve_relevant_chunks to actions]
[2026-03-25 12:31:53,137: INFO: action_dispatcher: Added call_activefence_api to actions]
[2026-03-25 12:31:53,137: INFO: action_dispatcher: Added ai_defense_inspect to actions]
[2026-03-25 12:31:53,147: INFO: action_dispatcher: Added GetAttentionPercentageAction to actions]
[2026-03-25 12:31:53,154: INFO: action_dispatcher: Added UpdateAttentionMaterializedViewAction to actions]
[2026-03-25 12:31:53,158: INFO: action_dispatcher: Added autoalign_factcheck_output_api to actions]
[2026-03-25 12:31:53,158: INFO: action_dispatcher: Added autoalign_groundedness_output_api to actions]
[2026-03-25 12:31:53,158: INFO: action_dispatcher: Added autoalign_input_api to actions]
[2026-03-25 12:31:53,158: INFO: action_dispatcher: Added autoalign_output_api to actions]
[2026-03-25 12:31:53,238: INFO: action_dispatcher: Added ClavataCheckAction to actions]
[2026-03-25 12:31:53,244: INFO: action_dispatcher: Added call cleanlab api to actions]
[2026-03-25 12:31:53,256: INFO: action_dispatcher: Added content_safety_check_input to actions]
[2026-03-25 12:31:53,256: INFO: action_dispatcher: Added content_safety_check_output to actions]
[2026-03-25 12:31:53,256: INFO: action_dispatcher: Added detect_language to actions]
[2026-03-25 12:31:53,290: INFO: action_dispatcher: Added crowdstrike_aidr_guard to actions]
[2026-03-25 12:31:53,327: INFO: action_dispatcher: Added alignscore_check_facts to actions]
[2026-03-25 12:31:53,327: INFO: action_dispatcher: Added alignscore request to actions]
[2026-03-25 12:31:53,327: INFO: action_dispatcher: Added self_check_facts to actions]
[2026-03-25 12:31:53,341: INFO: action_dispatcher: Added call fiddler faithfulness to actions]
[2026-03-25 12:31:53,343: INFO: action_dispatcher: Added call fiddler safety on bot message to actions]
[2026-03-25 12:31:53,343: INFO: action_dispatcher: Added call fiddler safety on user message to actions]
[2026-03-25 12:31:53,349: INFO: action_dispatcher: Added call gcpnlp api to actions]
[2026-03-25 12:31:53,538: INFO: action_dispatcher: Added gliner_detect_pii to actions]
[2026-03-25 12:31:53,548: INFO: action_dispatcher: Added gliner_mask_pii to actions]
[2026-03-25 12:31:53,582: INFO: action_dispatcher: Added validate_guardrails_ai_input to actions]
[2026-03-25 12:31:53,592: INFO: action_dispatcher: Added validate_guardrails_ai_output to actions]
[2026-03-25 12:31:53,616: INFO: action_dispatcher: Added self_check_hallucination to actions]
[2026-03-25 12:31:53,631: INFO: action_dispatcher: Added injection_detection to actions]
[2026-03-25 12:31:53,642: INFO: action_dispatcher: Added jailbreak_detection_heuristics to actions]
[2026-03-25 12:31:53,653: INFO: action_dispatcher: Added jailbreak_detection_model to actions]
[2026-03-25 12:31:53,663: INFO: action_dispatcher: Added llama_guard_check_input to actions]
[2026-03-25 12:31:53,663: INFO: action_dispatcher: Added llama_guard_check_output to actions]
[2026-03-25 12:31:53,687: INFO: action_dispatcher: Added pangea_ai_guard to actions]
[2026-03-25 12:31:53,694: INFO: action_dispatcher: Added patronus_api_check_output to actions]
[2026-03-25 12:31:53,694: INFO: action_dispatcher: Added patronus_lynx_check_output_hallucination to actions]
[2026-03-25 12:31:53,705: INFO: action_dispatcher: Added call_policyai_api to actions]
[2026-03-25 12:31:53,734: INFO: action_dispatcher: Added detect_pii to actions]
[2026-03-25 12:31:53,736: INFO: action_dispatcher: Added mask_pii to actions]
[2026-03-25 12:31:53,746: INFO: action_dispatcher: Added protect_text to actions]
[2026-03-25 12:31:53,763: INFO: action_dispatcher: Added detect_regex_pattern to actions]
[2026-03-25 12:31:53,773: INFO: action_dispatcher: Added self_check_facts to actions]
[2026-03-25 12:31:53,777: INFO: action_dispatcher: Added self_check_input to actions]
[2026-03-25 12:31:53,790: INFO: action_dispatcher: Added self_check_output to actions]
[2026-03-25 12:31:53,804: INFO: action_dispatcher: Added detect_sensitive_data to actions]
[2026-03-25 12:31:53,806: INFO: action_dispatcher: Added mask_sensitive_data to actions]
[2026-03-25 12:31:53,815: INFO: action_dispatcher: Added topic_safety_check_input to actions]
[2026-03-25 12:31:53,841: INFO: action_dispatcher: Added trend_ai_guard to actions]
[2026-03-25 12:31:53,848: INFO: action_dispatcher: Added GetCurrentDateTimeAction to actions]
[2026-03-25 12:31:53,851: INFO: action_dispatcher: Registered Actions :: ['ClavataCheckAction', 'GetAttentionPercentageAction', 'GetCurrentDateTimeAction', 'UpdateAttentionMaterializedViewAction', 'ai_defense_inspect', 'alignscore request', 'alignscore_check_facts', 'autoalign_factcheck_output_api', 'autoalign_groundedness_output_api', 'autoalign_input_api', 'autoalign_output_api', 'call cleanlab api', 'call fiddler faithfulness', 'call fiddler safety on bot message', 'call fiddler safety on user message', 'call gcpnlp api', 'call_activefence_api', 'call_policyai_api', 'content_safety_check_input', 'content_safety_check_output', 'create_event', 'crowdstrike_aidr_guard', 'detect_language', 'detect_pii', 'detect_regex_pattern', 'detect_sensitive_data', 'gliner_detect_pii', 'gliner_mask_pii', 'injection_detection', 'jailbreak_detection_heuristics', 'jailbreak_detection_model', 'llama_guard_check_input', 'llama_guard_check_output', 'mask_pii', 'mask_sensitive_data', 'pangea_ai_guard', 'patronus_api_check_output', 'patronus_lynx_check_output_hallucination', 'protect_text', 'retrieve_relevant_chunks', 'self_check_facts', 'self_check_hallucination', 'self_check_input', 'self_check_output', 'topic_safety_check_input', 'trend_ai_guard', 'validate_guardrails_ai_input', 'validate_guardrails_ai_output', 'wolfram alpha request']]
[2026-03-25 12:31:53,854: INFO: action_dispatcher: Action dispatcher initialized]
[2026-03-25 12:31:54,060: INFO: runtime: Processing event: {'type': 'UtteranceUserActionFinished', 'final_transcript': 'hi'}]
[2026-03-25 12:31:54,064: INFO: runtime: Event :: ContextUpdate {'uid': '8d7a4958-c544-4155-84cd-cce781627bb2', 'event_created_at': '2026-03-25T07:01:54.064316+00:00', 'source_uid': 'NeMoGuardrails', 'data': {'user_message': 'hi'}}]
[2026-03-25 12:31:54,067: INFO: runtime: Event :: StartInternalSystemAction {'uid': '58cbcf2b-a20d-4bed-a66c-ffe6523b5f48', 'event_created_at': '2026-03-25T07:01:54.064316+00:00', 'source_uid': 'NeMoGuardrails', 'action_name': 'create_event', 'action_params': {'event': {'_type': 'StartInputRails'}}, 'action_result_key': None, 'action_uid': '42524e0a-32d1-406e-a464-52b3f073481c', 'is_system_action': True}]
[2026-03-25 12:31:54,069: INFO: runtime: Processing event: {'type': 'StartInternalSystemAction', 'uid': '58cbcf2b-a20d-4bed-a66c-ffe6523b5f48', 'event_created_at': '2026-03-25T07:01:54.064316+00:00', 'source_uid': 'NeMoGuardrails', 'action_name': 'create_event', 'action_params': {'event': {'_type': 'StartInputRails'}}, 'action_result_key': None, 'action_uid': '42524e0a-32d1-406e-a464-52b3f073481c', 'is_system_action': True}]
[2026-03-25 12:31:54,071: INFO: runtime: Executing action :: create_event]
[2026-03-25 12:31:54,073: INFO: action_dispatcher: Executing registered action: create_event]
[2026-03-25 12:31:54,077: INFO: runtime: Event :: InternalSystemActionFinished {'uid': '7cbb7780-50f6-492b-aad1-ae0387b98c13', 'event_created_at': '2026-03-25T07:01:54.077811+00:00', 'source_uid': 'NeMoGuardrails', 'action_uid': '42524e0a-32d1-406e-a464-52b3f073481c', 'action_name': 'create_event', 'action_params': {'event': {'_type': 'StartInputRails'}}, 'action_result_key': None, 'status': 'success', 'is_success': True, 'return_value': None, 'events': [{'type': 'StartInputRails', 'uid': '11e38afd-9c6b-4380-b805-a5f3f9b1af1b', 'event_created_at': '2026-03-25T07:01:54.077811+00:00', 'source_uid': 'NeMoGuardrails'}], 'is_system_action': True, 'action_finished_at': '2026-03-25T07:01:54.077811+00:00'}]
[2026-03-25 12:31:54,080: INFO: runtime: Event :: StartInputRails {'uid': '11e38afd-9c6b-4380-b805-a5f3f9b1af1b', 'event_created_at': '2026-03-25T07:01:54.077811+00:00', 'source_uid': 'NeMoGuardrails'}]
[2026-03-25 12:31:54,082: INFO: runtime: Processing event: {'type': 'StartInputRails', 'uid': '11e38afd-9c6b-4380-b805-a5f3f9b1af1b', 'event_created_at': '2026-03-25T07:01:54.077811+00:00', 'source_uid': 'NeMoGuardrails'}]
[2026-03-25 12:31:54,087: INFO: runtime: Event :: ContextUpdate {'uid': '9ee56167-1d68-44bf-ae07-ef66896effa0', 'event_created_at': '2026-03-25T07:01:54.087196+00:00', 'source_uid': 'NeMoGuardrails', 'data': {'input_flows': ['check_greeting', 'check_dangerous_content', 'check_code_content', 'check_unrelated_content'], 'i': 0, 'triggered_input_rail': 'check_greeting'}}]
[2026-03-25 12:31:54,088: INFO: runtime: Event :: StartInternalSystemAction {'uid': '82bdd5c8-bdc2-4f7d-9e6f-81a89fb6faa0', 'event_created_at': '2026-03-25T07:01:54.087196+00:00', 'source_uid': 'NeMoGuardrails', 'action_name': 'create_event', 'action_params': {'event': {'_type': 'StartInputRail', 'flow_id': '$triggered_input_rail'}}, 'action_result_key': None, 'action_uid': '85ace3a7-56b0-49bd-8504-dc80541cc59c', 'is_system_action': True}]
[2026-03-25 12:31:54,088: INFO: runtime: Processing event: {'type': 'StartInternalSystemAction', 'uid': '82bdd5c8-bdc2-4f7d-9e6f-81a89fb6faa0', 'event_created_at': '2026-03-25T07:01:54.087196+00:00', 'source_uid': 'NeMoGuardrails', 'action_name': 'create_event', 'action_params': {'event': {'_type': 'StartInputRail', 'flow_id': '$triggered_input_rail'}}, 'action_result_key': None, 'action_uid': '85ace3a7-56b0-49bd-8504-dc80541cc59c', 'is_system_action': True}]
[2026-03-25 12:31:54,092: INFO: runtime: Executing action :: create_event]
[2026-03-25 12:31:54,094: INFO: action_dispatcher: Executing registered action: create_event]
[2026-03-25 12:31:54,096: INFO: runtime: Event :: InternalSystemActionFinished {'uid': '9047fce0-32b2-4b9d-9590-b9adb2a205d1', 'event_created_at': '2026-03-25T07:01:54.096696+00:00', 'source_uid': 'NeMoGuardrails', 'action_uid': '85ace3a7-56b0-49bd-8504-dc80541cc59c', 'action_name': 'create_event', 'action_params': {'event': {'_type': 'StartInputRail', 'flow_id': '$triggered_input_rail'}}, 'action_result_key': None, 'status': 'success', 'is_success': True, 'return_value': None, 'events': [{'type': 'StartInputRail', 'uid': 'eec63948-6f1e-4e7a-9d18-b8bb60991794', 'event_created_at': '2026-03-25T07:01:54.094687+00:00', 'source_uid': 'NeMoGuardrails', 'flow_id': 'check_greeting'}], 'is_system_action': True, 'action_finished_at': '2026-03-25T07:01:54.096696+00:00'}]
[2026-03-25 12:31:54,101: INFO: runtime: Event :: StartInputRail {'uid': 'eec63948-6f1e-4e7a-9d18-b8bb60991794', 'event_created_at': '2026-03-25T07:01:54.094687+00:00', 'source_uid': 'NeMoGuardrails', 'flow_id': 'check_greeting'}]
[2026-03-25 12:31:54,102: INFO: runtime: Processing event: {'type': 'StartInputRail', 'uid': 'eec63948-6f1e-4e7a-9d18-b8bb60991794', 'event_created_at': '2026-03-25T07:01:54.094687+00:00', 'source_uid': 'NeMoGuardrails', 'flow_id': 'check_greeting'}]
[2026-03-25 12:31:54,112: INFO: runtime: Event :: Listen {'uid': '06ef4425-3864-4642-afe5-f41b3060b26f', 'event_created_at': '2026-03-25T07:01:54.112964+00:00', 'source_uid': 'NeMoGuardrails'}]
[2026-03-25 12:31:54,115: INFO: llmrails: --- :: Total processing took 0.05 seconds. Stats: 0 total calls, 0 total time, 0 total tokens, 0 total prompt tokens, 0 total completion tokens, [] as latencies]
[2026-03-25 12:36:13,297: INFO: utils: NumExpr defaulting to 8 threads.]
[2026-03-25 12:36:20,447: INFO: common: yaml file: config\config.yaml loaded successfully]
[2026-03-25 12:36:21,007: INFO: _client: HTTP Request: GET http://10.192.5.51:8000/api/v2/auth/identity "HTTP/1.1 200 OK"]
[2026-03-25 12:36:21,136: INFO: _client: HTTP Request: GET http://10.192.5.51:8000/api/v2/tenants/default_tenant "HTTP/1.1 200 OK"]
[2026-03-25 12:36:21,188: INFO: _client: HTTP Request: GET http://10.192.5.51:8000/api/v2/tenants/default_tenant/databases/default_database "HTTP/1.1 200 OK"]
[2026-03-25 12:36:25,127: INFO: gcp: Attempt 1: GCP default credentials loaded and project 'macomai-441611' obtained.]
[2026-03-25 12:36:27,267: INFO: Login: Entering the login process function]
[2026-03-25 12:36:28,265: INFO: Login: Token and session updated for user: 101373]
[2026-03-25 12:36:33,362: INFO: chatprocess: Initializing vector store with collection]
[2026-03-25 12:36:33,480: INFO: _client: HTTP Request: POST http://10.192.5.51:8000/api/v2/tenants/default_tenant/databases/default_database/collections "HTTP/1.1 200 OK"]
[2026-03-25 12:36:33,573: INFO: _client: HTTP Request: GET http://10.192.5.51:8000/api/v2/tenants/default_tenant/databases/default_database/collections/91518b3b-a2d1-4c38-b8df-01b360936d38/count?read_level=index_and_wal "HTTP/1.1 200 OK"]
[2026-03-25 12:36:33,578: INFO: chatprocess: Connected to Chroma server - Collection 'langchain' has 3764 documents]
[2026-03-25 12:36:34,330: INFO: _client: HTTP Request: HEAD https://huggingface.co/cross-encoder/ms-marco-MiniLM-L-6-v2/resolve/main/config.json "HTTP/1.1 307 Temporary Redirect"]
[2026-03-25 12:36:34,650: INFO: _client: HTTP Request: HEAD https://huggingface.co/cross-encoder/ms-marco-MiniLM-L6-v2/resolve/main/config.json "HTTP/1.1 307 Temporary Redirect"]
[2026-03-25 12:36:34,730: INFO: _client: HTTP Request: HEAD https://huggingface.co/api/resolve-cache/models/cross-encoder/ms-marco-MiniLM-L6-v2/c5ee24cb16019beea0893ab7796b1df96625c6b8/config.json "HTTP/1.1 200 OK"]
[2026-03-25 12:36:35,832: INFO: _client: HTTP Request: HEAD https://huggingface.co/cross-encoder/ms-marco-MiniLM-L-6-v2/resolve/main/config.json "HTTP/1.1 307 Temporary Redirect"]
[2026-03-25 12:36:36,160: INFO: _client: HTTP Request: HEAD https://huggingface.co/cross-encoder/ms-marco-MiniLM-L6-v2/resolve/main/config.json "HTTP/1.1 307 Temporary Redirect"]
[2026-03-25 12:36:36,244: INFO: _client: HTTP Request: HEAD https://huggingface.co/api/resolve-cache/models/cross-encoder/ms-marco-MiniLM-L6-v2/c5ee24cb16019beea0893ab7796b1df96625c6b8/config.json "HTTP/1.1 200 OK"]
[2026-03-25 12:36:36,561: INFO: _client: HTTP Request: HEAD https://huggingface.co/cross-encoder/ms-marco-MiniLM-L-6-v2/resolve/main/tokenizer_config.json "HTTP/1.1 307 Temporary Redirect"]
[2026-03-25 12:36:36,867: INFO: _client: HTTP Request: HEAD https://huggingface.co/cross-encoder/ms-marco-MiniLM-L6-v2/resolve/main/tokenizer_config.json "HTTP/1.1 307 Temporary Redirect"]
[2026-03-25 12:36:37,013: INFO: _client: HTTP Request: HEAD https://huggingface.co/api/resolve-cache/models/cross-encoder/ms-marco-MiniLM-L6-v2/c5ee24cb16019beea0893ab7796b1df96625c6b8/tokenizer_config.json "HTTP/1.1 200 OK"]
[2026-03-25 12:36:37,354: INFO: _client: HTTP Request: GET https://huggingface.co/api/models/cross-encoder/ms-marco-MiniLM-L-6-v2/tree/main/additional_chat_templates?recursive=false&expand=false "HTTP/1.1 307 Temporary Redirect"]
[2026-03-25 12:36:37,797: INFO: _client: HTTP Request: GET https://huggingface.co/api/models/cross-encoder/ms-marco-MiniLM-L6-v2/tree/main/additional_chat_templates?recursive=false&expand=false "HTTP/1.1 404 Not Found"]
[2026-03-25 12:36:38,184: INFO: _client: HTTP Request: GET https://huggingface.co/api/models/cross-encoder/ms-marco-MiniLM-L-6-v2/tree/main?recursive=true&expand=false "HTTP/1.1 307 Temporary Redirect"]
[2026-03-25 12:36:38,563: INFO: _client: HTTP Request: GET https://huggingface.co/api/models/cross-encoder/ms-marco-MiniLM-L6-v2/tree/main?recursive=true&expand=false "HTTP/1.1 200 OK"]
[2026-03-25 12:36:39,057: INFO: _client: HTTP Request: HEAD https://huggingface.co/cross-encoder/ms-marco-MiniLM-L-6-v2/resolve/main/README.md "HTTP/1.1 307 Temporary Redirect"]
[2026-03-25 12:36:39,368: INFO: _client: HTTP Request: HEAD https://huggingface.co/cross-encoder/ms-marco-MiniLM-L6-v2/resolve/main/README.md "HTTP/1.1 307 Temporary Redirect"]
[2026-03-25 12:36:39,371: WARNING: _http: Warning: You are sending unauthenticated requests to the HF Hub. Please set a HF_TOKEN to enable higher rate limits and faster downloads.]
[2026-03-25 12:36:39,464: INFO: _client: HTTP Request: HEAD https://huggingface.co/api/resolve-cache/models/cross-encoder/ms-marco-MiniLM-L6-v2/c5ee24cb16019beea0893ab7796b1df96625c6b8/README.md "HTTP/1.1 200 OK"]
[2026-03-25 12:36:39,464: INFO: CrossEncoder: Use pytorch device: cpu]
[2026-03-25 12:36:39,813: INFO: _client: HTTP Request: GET https://huggingface.co/api/models/cross-encoder/ms-marco-MiniLM-L-6-v2 "HTTP/1.1 307 Temporary Redirect"]
[2026-03-25 12:36:40,140: INFO: _client: HTTP Request: GET https://huggingface.co/api/models/cross-encoder/ms-marco-MiniLM-L6-v2 "HTTP/1.1 200 OK"]
[2026-03-25 12:36:40,140: INFO: token: Entering access token validation method ]
[2026-03-25 12:36:40,213: INFO: guardrails_check: NeMo Guardrails loaded successfully.]
[2026-03-25 12:49:14,895: INFO: utils: NumExpr defaulting to 8 threads.]
[2026-03-25 12:49:27,231: INFO: common: yaml file: config\config.yaml loaded successfully]
[2026-03-25 12:49:27,747: INFO: _client: HTTP Request: GET http://10.192.5.51:8000/api/v2/auth/identity "HTTP/1.1 200 OK"]
[2026-03-25 12:49:27,822: INFO: _client: HTTP Request: GET http://10.192.5.51:8000/api/v2/tenants/default_tenant "HTTP/1.1 200 OK"]
[2026-03-25 12:49:27,843: INFO: _client: HTTP Request: GET http://10.192.5.51:8000/api/v2/tenants/default_tenant/databases/default_database "HTTP/1.1 200 OK"]
[2026-03-25 12:49:31,872: INFO: gcp: Attempt 1: GCP default credentials loaded and project 'macomai-441611' obtained.]
[2026-03-25 12:49:34,220: INFO: Login: Entering the login process function]
[2026-03-25 12:49:34,611: INFO: Login: Token and session updated for user: 101373]
[2026-03-25 12:49:52,339: INFO: chatprocess: Initializing vector store with collection]
[2026-03-25 12:49:52,485: INFO: _client: HTTP Request: POST http://10.192.5.51:8000/api/v2/tenants/default_tenant/databases/default_database/collections "HTTP/1.1 200 OK"]
[2026-03-25 12:49:52,535: INFO: _client: HTTP Request: GET http://10.192.5.51:8000/api/v2/tenants/default_tenant/databases/default_database/collections/91518b3b-a2d1-4c38-b8df-01b360936d38/count?read_level=index_and_wal "HTTP/1.1 200 OK"]
[2026-03-25 12:49:52,538: INFO: chatprocess: Connected to Chroma server - Collection 'langchain' has 3764 documents]
[2026-03-25 12:49:53,364: INFO: _client: HTTP Request: HEAD https://huggingface.co/cross-encoder/ms-marco-MiniLM-L-6-v2/resolve/main/config.json "HTTP/1.1 307 Temporary Redirect"]
[2026-03-25 12:49:53,683: INFO: _client: HTTP Request: HEAD https://huggingface.co/cross-encoder/ms-marco-MiniLM-L6-v2/resolve/main/config.json "HTTP/1.1 307 Temporary Redirect"]
[2026-03-25 12:49:53,783: INFO: _client: HTTP Request: HEAD https://huggingface.co/api/resolve-cache/models/cross-encoder/ms-marco-MiniLM-L6-v2/c5ee24cb16019beea0893ab7796b1df96625c6b8/config.json "HTTP/1.1 200 OK"]
[2026-03-25 12:49:54,896: INFO: _client: HTTP Request: HEAD https://huggingface.co/cross-encoder/ms-marco-MiniLM-L-6-v2/resolve/main/config.json "HTTP/1.1 307 Temporary Redirect"]
[2026-03-25 12:49:55,202: INFO: _client: HTTP Request: HEAD https://huggingface.co/cross-encoder/ms-marco-MiniLM-L6-v2/resolve/main/config.json "HTTP/1.1 307 Temporary Redirect"]
[2026-03-25 12:49:55,321: INFO: _client: HTTP Request: HEAD https://huggingface.co/api/resolve-cache/models/cross-encoder/ms-marco-MiniLM-L6-v2/c5ee24cb16019beea0893ab7796b1df96625c6b8/config.json "HTTP/1.1 200 OK"]
[2026-03-25 12:49:55,612: INFO: _client: HTTP Request: HEAD https://huggingface.co/cross-encoder/ms-marco-MiniLM-L-6-v2/resolve/main/tokenizer_config.json "HTTP/1.1 307 Temporary Redirect"]
[2026-03-25 12:49:55,930: INFO: _client: HTTP Request: HEAD https://huggingface.co/cross-encoder/ms-marco-MiniLM-L6-v2/resolve/main/tokenizer_config.json "HTTP/1.1 307 Temporary Redirect"]
[2026-03-25 12:49:56,030: INFO: _client: HTTP Request: HEAD https://huggingface.co/api/resolve-cache/models/cross-encoder/ms-marco-MiniLM-L6-v2/c5ee24cb16019beea0893ab7796b1df96625c6b8/tokenizer_config.json "HTTP/1.1 200 OK"]
[2026-03-25 12:49:56,344: INFO: _client: HTTP Request: GET https://huggingface.co/api/models/cross-encoder/ms-marco-MiniLM-L-6-v2/tree/main/additional_chat_templates?recursive=false&expand=false "HTTP/1.1 307 Temporary Redirect"]
[2026-03-25 12:49:56,653: INFO: _client: HTTP Request: GET https://huggingface.co/api/models/cross-encoder/ms-marco-MiniLM-L6-v2/tree/main/additional_chat_templates?recursive=false&expand=false "HTTP/1.1 404 Not Found"]
[2026-03-25 12:49:56,953: INFO: _client: HTTP Request: GET https://huggingface.co/api/models/cross-encoder/ms-marco-MiniLM-L-6-v2/tree/main?recursive=true&expand=false "HTTP/1.1 307 Temporary Redirect"]
[2026-03-25 12:49:57,238: INFO: _client: HTTP Request: GET https://huggingface.co/api/models/cross-encoder/ms-marco-MiniLM-L6-v2/tree/main?recursive=true&expand=false "HTTP/1.1 200 OK"]
[2026-03-25 12:49:57,636: INFO: _client: HTTP Request: HEAD https://huggingface.co/cross-encoder/ms-marco-MiniLM-L-6-v2/resolve/main/README.md "HTTP/1.1 307 Temporary Redirect"]
[2026-03-25 12:49:57,960: INFO: _client: HTTP Request: HEAD https://huggingface.co/cross-encoder/ms-marco-MiniLM-L6-v2/resolve/main/README.md "HTTP/1.1 307 Temporary Redirect"]
[2026-03-25 12:49:58,035: INFO: _client: HTTP Request: HEAD https://huggingface.co/api/resolve-cache/models/cross-encoder/ms-marco-MiniLM-L6-v2/c5ee24cb16019beea0893ab7796b1df96625c6b8/README.md "HTTP/1.1 200 OK"]
[2026-03-25 12:49:58,042: INFO: CrossEncoder: Use pytorch device: cpu]
[2026-03-25 12:49:58,354: INFO: _client: HTTP Request: GET https://huggingface.co/api/models/cross-encoder/ms-marco-MiniLM-L-6-v2 "HTTP/1.1 307 Temporary Redirect"]
[2026-03-25 12:49:58,666: INFO: _client: HTTP Request: GET https://huggingface.co/api/models/cross-encoder/ms-marco-MiniLM-L6-v2 "HTTP/1.1 200 OK"]
[2026-03-25 12:49:58,683: INFO: token: Entering access token validation method ]
[2026-03-25 12:49:58,749: INFO: guardrails_check: NeMo Guardrails loaded successfully.]
[2026-03-25 12:53:30,442: INFO: utils: NumExpr defaulting to 8 threads.]
[2026-03-25 12:53:41,155: INFO: common: yaml file: config\config.yaml loaded successfully]
[2026-03-25 12:53:41,705: INFO: _client: HTTP Request: GET http://10.192.5.51:8000/api/v2/auth/identity "HTTP/1.1 200 OK"]
[2026-03-25 12:53:41,828: INFO: _client: HTTP Request: GET http://10.192.5.51:8000/api/v2/tenants/default_tenant "HTTP/1.1 200 OK"]
[2026-03-25 12:53:41,858: INFO: _client: HTTP Request: GET http://10.192.5.51:8000/api/v2/tenants/default_tenant/databases/default_database "HTTP/1.1 200 OK"]
[2026-03-25 12:53:45,334: INFO: gcp: Attempt 1: GCP default credentials loaded and project 'macomai-441611' obtained.]
[2026-03-25 12:53:47,937: INFO: Login: Entering the login process function]
[2026-03-25 12:53:48,440: INFO: Login: Token and session updated for user: 101373]
[2026-03-25 12:54:00,554: INFO: chatprocess: Initializing vector store with collection]
[2026-03-25 12:54:00,638: INFO: _client: HTTP Request: POST http://10.192.5.51:8000/api/v2/tenants/default_tenant/databases/default_database/collections "HTTP/1.1 200 OK"]
[2026-03-25 12:54:00,674: INFO: _client: HTTP Request: GET http://10.192.5.51:8000/api/v2/tenants/default_tenant/databases/default_database/collections/91518b3b-a2d1-4c38-b8df-01b360936d38/count?read_level=index_and_wal "HTTP/1.1 200 OK"]
[2026-03-25 12:54:00,674: INFO: chatprocess: Connected to Chroma server - Collection 'langchain' has 3764 documents]
[2026-03-25 12:54:01,137: INFO: _client: HTTP Request: HEAD https://huggingface.co/cross-encoder/ms-marco-MiniLM-L-6-v2/resolve/main/config.json "HTTP/1.1 307 Temporary Redirect"]
[2026-03-25 12:54:01,438: INFO: _client: HTTP Request: HEAD https://huggingface.co/cross-encoder/ms-marco-MiniLM-L6-v2/resolve/main/config.json "HTTP/1.1 307 Temporary Redirect"]
[2026-03-25 12:54:01,491: INFO: _client: HTTP Request: HEAD https://huggingface.co/api/resolve-cache/models/cross-encoder/ms-marco-MiniLM-L6-v2/c5ee24cb16019beea0893ab7796b1df96625c6b8/config.json "HTTP/1.1 200 OK"]
[2026-03-25 12:54:02,572: INFO: _client: HTTP Request: HEAD https://huggingface.co/cross-encoder/ms-marco-MiniLM-L-6-v2/resolve/main/config.json "HTTP/1.1 307 Temporary Redirect"]
[2026-03-25 12:54:02,907: INFO: _client: HTTP Request: HEAD https://huggingface.co/cross-encoder/ms-marco-MiniLM-L6-v2/resolve/main/config.json "HTTP/1.1 307 Temporary Redirect"]
[2026-03-25 12:54:02,990: INFO: _client: HTTP Request: HEAD https://huggingface.co/api/resolve-cache/models/cross-encoder/ms-marco-MiniLM-L6-v2/c5ee24cb16019beea0893ab7796b1df96625c6b8/config.json "HTTP/1.1 200 OK"]
[2026-03-25 12:54:03,455: INFO: _client: HTTP Request: HEAD https://huggingface.co/cross-encoder/ms-marco-MiniLM-L-6-v2/resolve/main/tokenizer_config.json "HTTP/1.1 307 Temporary Redirect"]
[2026-03-25 12:54:03,755: INFO: _client: HTTP Request: HEAD https://huggingface.co/cross-encoder/ms-marco-MiniLM-L6-v2/resolve/main/tokenizer_config.json "HTTP/1.1 307 Temporary Redirect"]
[2026-03-25 12:54:03,809: INFO: _client: HTTP Request: HEAD https://huggingface.co/api/resolve-cache/models/cross-encoder/ms-marco-MiniLM-L6-v2/c5ee24cb16019beea0893ab7796b1df96625c6b8/tokenizer_config.json "HTTP/1.1 200 OK"]
[2026-03-25 12:54:04,122: INFO: _client: HTTP Request: GET https://huggingface.co/api/models/cross-encoder/ms-marco-MiniLM-L-6-v2/tree/main/additional_chat_templates?recursive=false&expand=false "HTTP/1.1 307 Temporary Redirect"]
[2026-03-25 12:54:04,508: INFO: _client: HTTP Request: GET https://huggingface.co/api/models/cross-encoder/ms-marco-MiniLM-L6-v2/tree/main/additional_chat_templates?recursive=false&expand=false "HTTP/1.1 404 Not Found"]
[2026-03-25 12:54:04,904: INFO: _client: HTTP Request: GET https://huggingface.co/api/models/cross-encoder/ms-marco-MiniLM-L-6-v2/tree/main?recursive=true&expand=false "HTTP/1.1 307 Temporary Redirect"]
[2026-03-25 12:54:05,188: INFO: _client: HTTP Request: GET https://huggingface.co/api/models/cross-encoder/ms-marco-MiniLM-L6-v2/tree/main?recursive=true&expand=false "HTTP/1.1 200 OK"]
[2026-03-25 12:54:05,803: INFO: _client: HTTP Request: HEAD https://huggingface.co/cross-encoder/ms-marco-MiniLM-L-6-v2/resolve/main/README.md "HTTP/1.1 307 Temporary Redirect"]
[2026-03-25 12:54:06,153: INFO: _client: HTTP Request: HEAD https://huggingface.co/cross-encoder/ms-marco-MiniLM-L6-v2/resolve/main/README.md "HTTP/1.1 307 Temporary Redirect"]
[2026-03-25 12:54:06,304: INFO: _client: HTTP Request: HEAD https://huggingface.co/api/resolve-cache/models/cross-encoder/ms-marco-MiniLM-L6-v2/c5ee24cb16019beea0893ab7796b1df96625c6b8/README.md "HTTP/1.1 200 OK"]
[2026-03-25 12:54:06,321: INFO: CrossEncoder: Use pytorch device: cpu]
[2026-03-25 12:54:06,607: INFO: _client: HTTP Request: GET https://huggingface.co/api/models/cross-encoder/ms-marco-MiniLM-L-6-v2 "HTTP/1.1 307 Temporary Redirect"]
[2026-03-25 12:54:06,871: INFO: _client: HTTP Request: GET https://huggingface.co/api/models/cross-encoder/ms-marco-MiniLM-L6-v2 "HTTP/1.1 200 OK"]
[2026-03-25 12:54:06,888: INFO: token: Entering access token validation method ]
[2026-03-25 12:54:07,020: INFO: guardrails_check: NeMo Guardrails loaded successfully.]
[2026-03-25 12:54:11,785: WARNING: _http: Warning: You are sending unauthenticated requests to the HF Hub. Please set a HF_TOKEN to enable higher rate limits and faster downloads.]
[2026-03-25 14:06:49,745: INFO: utils: NumExpr defaulting to 8 threads.]
[2026-03-25 14:07:01,867: INFO: common: yaml file: config\config.yaml loaded successfully]
[2026-03-25 14:07:02,611: INFO: _client: HTTP Request: GET http://10.192.5.51:8000/api/v2/auth/identity "HTTP/1.1 200 OK"]
[2026-03-25 14:07:02,685: INFO: _client: HTTP Request: GET http://10.192.5.51:8000/api/v2/tenants/default_tenant "HTTP/1.1 200 OK"]
[2026-03-25 14:07:02,702: INFO: _client: HTTP Request: GET http://10.192.5.51:8000/api/v2/tenants/default_tenant/databases/default_database "HTTP/1.1 200 OK"]
[2026-03-25 14:07:08,216: INFO: gcp: Attempt 1: GCP default credentials loaded and project 'macomai-441611' obtained.]
[2026-03-25 14:07:11,463: INFO: Login: Entering the login process function]
[2026-03-25 14:07:12,003: INFO: Login: Token and session updated for user: 101373]
[2026-03-25 14:07:19,735: INFO: chatprocess: Initializing vector store with collection]
[2026-03-25 14:07:19,865: INFO: _client: HTTP Request: POST http://10.192.5.51:8000/api/v2/tenants/default_tenant/databases/default_database/collections "HTTP/1.1 200 OK"]
[2026-03-25 14:07:19,887: INFO: _client: HTTP Request: GET http://10.192.5.51:8000/api/v2/tenants/default_tenant/databases/default_database/collections/91518b3b-a2d1-4c38-b8df-01b360936d38/count?read_level=index_and_wal "HTTP/1.1 200 OK"]
[2026-03-25 14:07:19,893: INFO: chatprocess: Connected to Chroma server - Collection 'langchain' has 3764 documents]
[2026-03-25 14:07:20,354: INFO: _client: HTTP Request: HEAD https://huggingface.co/cross-encoder/ms-marco-MiniLM-L-6-v2/resolve/main/config.json "HTTP/1.1 307 Temporary Redirect"]
[2026-03-25 14:07:20,621: INFO: _client: HTTP Request: HEAD https://huggingface.co/cross-encoder/ms-marco-MiniLM-L6-v2/resolve/main/config.json "HTTP/1.1 307 Temporary Redirect"]
[2026-03-25 14:07:20,652: INFO: _client: HTTP Request: HEAD https://huggingface.co/api/resolve-cache/models/cross-encoder/ms-marco-MiniLM-L6-v2/c5ee24cb16019beea0893ab7796b1df96625c6b8/config.json "HTTP/1.1 200 OK"]
[2026-03-25 14:07:22,025: INFO: _client: HTTP Request: HEAD https://huggingface.co/cross-encoder/ms-marco-MiniLM-L-6-v2/resolve/main/config.json "HTTP/1.1 307 Temporary Redirect"]
[2026-03-25 14:07:22,334: INFO: _client: HTTP Request: HEAD https://huggingface.co/cross-encoder/ms-marco-MiniLM-L6-v2/resolve/main/config.json "HTTP/1.1 307 Temporary Redirect"]
[2026-03-25 14:07:22,376: INFO: _client: HTTP Request: HEAD https://huggingface.co/api/resolve-cache/models/cross-encoder/ms-marco-MiniLM-L6-v2/c5ee24cb16019beea0893ab7796b1df96625c6b8/config.json "HTTP/1.1 200 OK"]
[2026-03-25 14:07:22,744: INFO: _client: HTTP Request: HEAD https://huggingface.co/cross-encoder/ms-marco-MiniLM-L-6-v2/resolve/main/tokenizer_config.json "HTTP/1.1 307 Temporary Redirect"]
[2026-03-25 14:07:22,993: INFO: _client: HTTP Request: HEAD https://huggingface.co/cross-encoder/ms-marco-MiniLM-L6-v2/resolve/main/tokenizer_config.json "HTTP/1.1 307 Temporary Redirect"]
[2026-03-25 14:07:23,025: INFO: _client: HTTP Request: HEAD https://huggingface.co/api/resolve-cache/models/cross-encoder/ms-marco-MiniLM-L6-v2/c5ee24cb16019beea0893ab7796b1df96625c6b8/tokenizer_config.json "HTTP/1.1 200 OK"]
[2026-03-25 14:07:23,362: INFO: _client: HTTP Request: GET https://huggingface.co/api/models/cross-encoder/ms-marco-MiniLM-L-6-v2/tree/main/additional_chat_templates?recursive=false&expand=false "HTTP/1.1 307 Temporary Redirect"]
[2026-03-25 14:07:23,610: INFO: _client: HTTP Request: GET https://huggingface.co/api/models/cross-encoder/ms-marco-MiniLM-L6-v2/tree/main/additional_chat_templates?recursive=false&expand=false "HTTP/1.1 404 Not Found"]
[2026-03-25 14:07:23,867: INFO: _client: HTTP Request: GET https://huggingface.co/api/models/cross-encoder/ms-marco-MiniLM-L-6-v2/tree/main?recursive=true&expand=false "HTTP/1.1 307 Temporary Redirect"]
[2026-03-25 14:07:24,174: INFO: _client: HTTP Request: GET https://huggingface.co/api/models/cross-encoder/ms-marco-MiniLM-L6-v2/tree/main?recursive=true&expand=false "HTTP/1.1 200 OK"]
[2026-03-25 14:07:24,680: INFO: _client: HTTP Request: HEAD https://huggingface.co/cross-encoder/ms-marco-MiniLM-L-6-v2/resolve/main/README.md "HTTP/1.1 307 Temporary Redirect"]
[2026-03-25 14:07:25,001: INFO: _client: HTTP Request: HEAD https://huggingface.co/cross-encoder/ms-marco-MiniLM-L6-v2/resolve/main/README.md "HTTP/1.1 307 Temporary Redirect"]
[2026-03-25 14:07:25,036: INFO: _client: HTTP Request: HEAD https://huggingface.co/api/resolve-cache/models/cross-encoder/ms-marco-MiniLM-L6-v2/c5ee24cb16019beea0893ab7796b1df96625c6b8/README.md "HTTP/1.1 200 OK"]
[2026-03-25 14:07:25,042: INFO: CrossEncoder: Use pytorch device: cpu]
[2026-03-25 14:07:25,410: INFO: _client: HTTP Request: GET https://huggingface.co/api/models/cross-encoder/ms-marco-MiniLM-L-6-v2 "HTTP/1.1 307 Temporary Redirect"]
[2026-03-25 14:07:25,713: INFO: _client: HTTP Request: GET https://huggingface.co/api/models/cross-encoder/ms-marco-MiniLM-L6-v2 "HTTP/1.1 200 OK"]
[2026-03-25 14:07:25,735: INFO: token: Entering access token validation method ]
[2026-03-25 14:07:25,801: INFO: guardrails_check: NeMo Guardrails loaded successfully.]
[2026-03-25 14:09:28,606: INFO: utils: NumExpr defaulting to 8 threads.]
[2026-03-25 14:09:43,338: INFO: common: yaml file: config\config.yaml loaded successfully]
[2026-03-25 14:09:44,055: INFO: _client: HTTP Request: GET http://10.192.5.51:8000/api/v2/auth/identity "HTTP/1.1 200 OK"]
[2026-03-25 14:09:44,127: INFO: _client: HTTP Request: GET http://10.192.5.51:8000/api/v2/tenants/default_tenant "HTTP/1.1 200 OK"]
[2026-03-25 14:09:44,148: INFO: _client: HTTP Request: GET http://10.192.5.51:8000/api/v2/tenants/default_tenant/databases/default_database "HTTP/1.1 200 OK"]
[2026-03-25 14:09:49,404: INFO: gcp: Attempt 1: GCP default credentials loaded and project 'macomai-441611' obtained.]
[2026-03-25 14:09:53,417: INFO: Login: Entering the login process function]
[2026-03-25 14:09:53,822: INFO: Login: Token and session updated for user: 101373]
[2026-03-25 14:10:00,395: INFO: chatprocess: Initializing vector store with collection]
[2026-03-25 14:10:00,519: INFO: _client: HTTP Request: POST http://10.192.5.51:8000/api/v2/tenants/default_tenant/databases/default_database/collections "HTTP/1.1 200 OK"]
[2026-03-25 14:10:00,542: INFO: _client: HTTP Request: GET http://10.192.5.51:8000/api/v2/tenants/default_tenant/databases/default_database/collections/91518b3b-a2d1-4c38-b8df-01b360936d38/count?read_level=index_and_wal "HTTP/1.1 200 OK"]
[2026-03-25 14:10:00,542: INFO: chatprocess: Connected to Chroma server - Collection 'langchain' has 3764 documents]
[2026-03-25 14:10:01,074: INFO: _client: HTTP Request: HEAD https://huggingface.co/cross-encoder/ms-marco-MiniLM-L-6-v2/resolve/main/config.json "HTTP/1.1 307 Temporary Redirect"]
[2026-03-25 14:10:01,389: INFO: _client: HTTP Request: HEAD https://huggingface.co/cross-encoder/ms-marco-MiniLM-L6-v2/resolve/main/config.json "HTTP/1.1 307 Temporary Redirect"]
[2026-03-25 14:10:01,426: INFO: _client: HTTP Request: HEAD https://huggingface.co/api/resolve-cache/models/cross-encoder/ms-marco-MiniLM-L6-v2/c5ee24cb16019beea0893ab7796b1df96625c6b8/config.json "HTTP/1.1 200 OK"]
[2026-03-25 14:10:02,921: INFO: _client: HTTP Request: HEAD https://huggingface.co/cross-encoder/ms-marco-MiniLM-L-6-v2/resolve/main/config.json "HTTP/1.1 307 Temporary Redirect"]
[2026-03-25 14:10:03,229: INFO: _client: HTTP Request: HEAD https://huggingface.co/cross-encoder/ms-marco-MiniLM-L6-v2/resolve/main/config.json "HTTP/1.1 307 Temporary Redirect"]
[2026-03-25 14:10:03,264: INFO: _client: HTTP Request: HEAD https://huggingface.co/api/resolve-cache/models/cross-encoder/ms-marco-MiniLM-L6-v2/c5ee24cb16019beea0893ab7796b1df96625c6b8/config.json "HTTP/1.1 200 OK"]
[2026-03-25 14:10:03,539: INFO: _client: HTTP Request: HEAD https://huggingface.co/cross-encoder/ms-marco-MiniLM-L-6-v2/resolve/main/tokenizer_config.json "HTTP/1.1 307 Temporary Redirect"]
[2026-03-25 14:10:03,840: INFO: _client: HTTP Request: HEAD https://huggingface.co/cross-encoder/ms-marco-MiniLM-L6-v2/resolve/main/tokenizer_config.json "HTTP/1.1 307 Temporary Redirect"]
[2026-03-25 14:10:03,875: INFO: _client: HTTP Request: HEAD https://huggingface.co/api/resolve-cache/models/cross-encoder/ms-marco-MiniLM-L6-v2/c5ee24cb16019beea0893ab7796b1df96625c6b8/tokenizer_config.json "HTTP/1.1 200 OK"]
[2026-03-25 14:10:04,251: INFO: _client: HTTP Request: GET https://huggingface.co/api/models/cross-encoder/ms-marco-MiniLM-L-6-v2/tree/main/additional_chat_templates?recursive=false&expand=false "HTTP/1.1 307 Temporary Redirect"]
[2026-03-25 14:10:04,505: INFO: _client: HTTP Request: GET https://huggingface.co/api/models/cross-encoder/ms-marco-MiniLM-L6-v2/tree/main/additional_chat_templates?recursive=false&expand=false "HTTP/1.1 404 Not Found"]
[2026-03-25 14:10:04,869: INFO: _client: HTTP Request: GET https://huggingface.co/api/models/cross-encoder/ms-marco-MiniLM-L-6-v2/tree/main?recursive=true&expand=false "HTTP/1.1 307 Temporary Redirect"]
[2026-03-25 14:10:05,175: INFO: _client: HTTP Request: GET https://huggingface.co/api/models/cross-encoder/ms-marco-MiniLM-L6-v2/tree/main?recursive=true&expand=false "HTTP/1.1 200 OK"]
[2026-03-25 14:10:05,570: INFO: _client: HTTP Request: HEAD https://huggingface.co/cross-encoder/ms-marco-MiniLM-L-6-v2/resolve/main/README.md "HTTP/1.1 307 Temporary Redirect"]
[2026-03-25 14:10:05,897: INFO: _client: HTTP Request: HEAD https://huggingface.co/cross-encoder/ms-marco-MiniLM-L6-v2/resolve/main/README.md "HTTP/1.1 307 Temporary Redirect"]
[2026-03-25 14:10:05,923: INFO: _client: HTTP Request: HEAD https://huggingface.co/api/resolve-cache/models/cross-encoder/ms-marco-MiniLM-L6-v2/c5ee24cb16019beea0893ab7796b1df96625c6b8/README.md "HTTP/1.1 200 OK"]
[2026-03-25 14:10:05,936: INFO: CrossEncoder: Use pytorch device: cpu]
[2026-03-25 14:10:06,309: INFO: _client: HTTP Request: GET https://huggingface.co/api/models/cross-encoder/ms-marco-MiniLM-L-6-v2 "HTTP/1.1 307 Temporary Redirect"]
[2026-03-25 14:10:06,612: INFO: _client: HTTP Request: GET https://huggingface.co/api/models/cross-encoder/ms-marco-MiniLM-L6-v2 "HTTP/1.1 200 OK"]
[2026-03-25 14:10:06,636: INFO: token: Entering access token validation method ]
[2026-03-25 14:10:06,703: INFO: guardrails_check: NeMo Guardrails loaded successfully.]
[2026-03-25 15:03:17,740: INFO: utils: NumExpr defaulting to 8 threads.]
[2026-03-25 15:04:50,248: INFO: common: yaml file: config\config.yaml loaded successfully]
[2026-03-25 15:04:51,004: INFO: _client: HTTP Request: GET http://10.192.5.51:8000/api/v2/auth/identity "HTTP/1.1 200 OK"]
[2026-03-25 15:04:51,081: INFO: _client: HTTP Request: GET http://10.192.5.51:8000/api/v2/tenants/default_tenant "HTTP/1.1 200 OK"]
[2026-03-25 15:04:51,096: INFO: _client: HTTP Request: GET http://10.192.5.51:8000/api/v2/tenants/default_tenant/databases/default_database "HTTP/1.1 200 OK"]
[2026-03-25 15:04:57,998: INFO: gcp: Attempt 1: GCP default credentials loaded and project 'macomai-441611' obtained.]
[2026-03-25 15:05:01,769: INFO: Login: Entering the login process function]
[2026-03-25 15:05:02,239: INFO: Login: Token and session updated for user: 101373]
[2026-03-25 15:05:11,142: INFO: chatprocess: Initializing vector store with collection]
[2026-03-25 15:05:11,217: INFO: _client: HTTP Request: POST http://10.192.5.51:8000/api/v2/tenants/default_tenant/databases/default_database/collections "HTTP/1.1 200 OK"]
[2026-03-25 15:05:11,246: INFO: _client: HTTP Request: GET http://10.192.5.51:8000/api/v2/tenants/default_tenant/databases/default_database/collections/91518b3b-a2d1-4c38-b8df-01b360936d38/count?read_level=index_and_wal "HTTP/1.1 200 OK"]
[2026-03-25 15:05:11,249: INFO: chatprocess: Connected to Chroma server - Collection 'langchain' has 3764 documents]
[2026-03-25 15:05:11,747: INFO: _client: HTTP Request: HEAD https://huggingface.co/cross-encoder/ms-marco-MiniLM-L-6-v2/resolve/main/config.json "HTTP/1.1 307 Temporary Redirect"]
[2026-03-25 15:05:12,050: INFO: _client: HTTP Request: HEAD https://huggingface.co/cross-encoder/ms-marco-MiniLM-L6-v2/resolve/main/config.json "HTTP/1.1 307 Temporary Redirect"]
[2026-03-25 15:05:12,114: INFO: _client: HTTP Request: HEAD https://huggingface.co/api/resolve-cache/models/cross-encoder/ms-marco-MiniLM-L6-v2/c5ee24cb16019beea0893ab7796b1df96625c6b8/config.json "HTTP/1.1 200 OK"]
[2026-03-25 15:05:13,481: INFO: _client: HTTP Request: HEAD https://huggingface.co/cross-encoder/ms-marco-MiniLM-L-6-v2/resolve/main/config.json "HTTP/1.1 307 Temporary Redirect"]
[2026-03-25 15:05:13,797: INFO: _client: HTTP Request: HEAD https://huggingface.co/cross-encoder/ms-marco-MiniLM-L6-v2/resolve/main/config.json "HTTP/1.1 307 Temporary Redirect"]
[2026-03-25 15:05:13,802: WARNING: _http: Warning: You are sending unauthenticated requests to the HF Hub. Please set a HF_TOKEN to enable higher rate limits and faster downloads.]
[2026-03-25 15:05:13,863: INFO: _client: HTTP Request: HEAD https://huggingface.co/api/resolve-cache/models/cross-encoder/ms-marco-MiniLM-L6-v2/c5ee24cb16019beea0893ab7796b1df96625c6b8/config.json "HTTP/1.1 200 OK"]
[2026-03-25 15:05:14,211: INFO: _client: HTTP Request: HEAD https://huggingface.co/cross-encoder/ms-marco-MiniLM-L-6-v2/resolve/main/tokenizer_config.json "HTTP/1.1 307 Temporary Redirect"]
[2026-03-25 15:05:14,509: INFO: _client: HTTP Request: HEAD https://huggingface.co/cross-encoder/ms-marco-MiniLM-L6-v2/resolve/main/tokenizer_config.json "HTTP/1.1 307 Temporary Redirect"]
[2026-03-25 15:05:14,567: INFO: _client: HTTP Request: HEAD https://huggingface.co/api/resolve-cache/models/cross-encoder/ms-marco-MiniLM-L6-v2/c5ee24cb16019beea0893ab7796b1df96625c6b8/tokenizer_config.json "HTTP/1.1 200 OK"]
[2026-03-25 15:05:14,921: INFO: _client: HTTP Request: GET https://huggingface.co/api/models/cross-encoder/ms-marco-MiniLM-L-6-v2/tree/main/additional_chat_templates?recursive=false&expand=false "HTTP/1.1 307 Temporary Redirect"]
[2026-03-25 15:05:15,197: INFO: _client: HTTP Request: GET https://huggingface.co/api/models/cross-encoder/ms-marco-MiniLM-L6-v2/tree/main/additional_chat_templates?recursive=false&expand=false "HTTP/1.1 404 Not Found"]
[2026-03-25 15:05:15,461: INFO: _client: HTTP Request: GET https://huggingface.co/api/models/cross-encoder/ms-marco-MiniLM-L-6-v2/tree/main?recursive=true&expand=false "HTTP/1.1 307 Temporary Redirect"]
[2026-03-25 15:05:15,740: INFO: _client: HTTP Request: GET https://huggingface.co/api/models/cross-encoder/ms-marco-MiniLM-L6-v2/tree/main?recursive=true&expand=false "HTTP/1.1 200 OK"]
[2026-03-25 15:05:16,247: INFO: _client: HTTP Request: HEAD https://huggingface.co/cross-encoder/ms-marco-MiniLM-L-6-v2/resolve/main/README.md "HTTP/1.1 307 Temporary Redirect"]
[2026-03-25 15:05:16,550: INFO: _client: HTTP Request: HEAD https://huggingface.co/cross-encoder/ms-marco-MiniLM-L6-v2/resolve/main/README.md "HTTP/1.1 307 Temporary Redirect"]
[2026-03-25 15:05:16,617: INFO: _client: HTTP Request: HEAD https://huggingface.co/api/resolve-cache/models/cross-encoder/ms-marco-MiniLM-L6-v2/c5ee24cb16019beea0893ab7796b1df96625c6b8/README.md "HTTP/1.1 200 OK"]
[2026-03-25 15:05:16,629: INFO: CrossEncoder: Use pytorch device: cpu]
[2026-03-25 15:05:16,967: INFO: _client: HTTP Request: GET https://huggingface.co/api/models/cross-encoder/ms-marco-MiniLM-L-6-v2 "HTTP/1.1 307 Temporary Redirect"]
[2026-03-25 15:05:17,273: INFO: _client: HTTP Request: GET https://huggingface.co/api/models/cross-encoder/ms-marco-MiniLM-L6-v2 "HTTP/1.1 200 OK"]
[2026-03-25 15:05:17,299: INFO: token: Entering access token validation method ]
[2026-03-25 15:05:17,374: INFO: guardrails_check: NeMo Guardrails loaded successfully.]
[2026-03-25 15:14:10,001: INFO: utils: NumExpr defaulting to 8 threads.]
[2026-03-25 15:14:20,038: INFO: common: yaml file: config\config.yaml loaded successfully]
[2026-03-25 15:14:20,745: INFO: _client: HTTP Request: GET http://10.192.5.51:8000/api/v2/auth/identity "HTTP/1.1 200 OK"]
[2026-03-25 15:14:20,821: INFO: _client: HTTP Request: GET http://10.192.5.51:8000/api/v2/tenants/default_tenant "HTTP/1.1 200 OK"]
[2026-03-25 15:14:20,844: INFO: _client: HTTP Request: GET http://10.192.5.51:8000/api/v2/tenants/default_tenant/databases/default_database "HTTP/1.1 200 OK"]
[2026-03-25 15:14:26,339: INFO: gcp: Attempt 1: GCP default credentials loaded and project 'macomai-441611' obtained.]
[2026-03-25 15:14:29,736: INFO: Login: Entering the login process function]
[2026-03-25 15:14:30,178: INFO: Login: Token and session updated for user: 101373]
[2026-03-25 15:14:38,025: INFO: Login: Entering the login process function]
[2026-03-25 15:14:38,629: INFO: Login: Token and session updated for user: 101373]
[2026-03-25 15:14:47,253: INFO: chatprocess: Initializing vector store with collection]
[2026-03-25 15:14:47,370: INFO: _client: HTTP Request: POST http://10.192.5.51:8000/api/v2/tenants/default_tenant/databases/default_database/collections "HTTP/1.1 200 OK"]
[2026-03-25 15:14:47,403: INFO: _client: HTTP Request: GET http://10.192.5.51:8000/api/v2/tenants/default_tenant/databases/default_database/collections/91518b3b-a2d1-4c38-b8df-01b360936d38/count?read_level=index_and_wal "HTTP/1.1 200 OK"]
[2026-03-25 15:14:47,414: INFO: chatprocess: Connected to Chroma server - Collection 'langchain' has 3764 documents]
[2026-03-25 15:14:47,913: INFO: _client: HTTP Request: HEAD https://huggingface.co/cross-encoder/ms-marco-MiniLM-L-6-v2/resolve/main/config.json "HTTP/1.1 307 Temporary Redirect"]
[2026-03-25 15:14:48,234: INFO: _client: HTTP Request: HEAD https://huggingface.co/cross-encoder/ms-marco-MiniLM-L6-v2/resolve/main/config.json "HTTP/1.1 307 Temporary Redirect"]
[2026-03-25 15:14:48,302: INFO: _client: HTTP Request: HEAD https://huggingface.co/api/resolve-cache/models/cross-encoder/ms-marco-MiniLM-L6-v2/c5ee24cb16019beea0893ab7796b1df96625c6b8/config.json "HTTP/1.1 200 OK"]
[2026-03-25 15:14:49,467: INFO: _client: HTTP Request: HEAD https://huggingface.co/cross-encoder/ms-marco-MiniLM-L-6-v2/resolve/main/config.json "HTTP/1.1 307 Temporary Redirect"]
[2026-03-25 15:14:49,786: INFO: _client: HTTP Request: HEAD https://huggingface.co/cross-encoder/ms-marco-MiniLM-L6-v2/resolve/main/config.json "HTTP/1.1 307 Temporary Redirect"]
[2026-03-25 15:14:49,786: WARNING: _http: Warning: You are sending unauthenticated requests to the HF Hub. Please set a HF_TOKEN to enable higher rate limits and faster downloads.]
[2026-03-25 15:14:49,837: INFO: _client: HTTP Request: HEAD https://huggingface.co/api/resolve-cache/models/cross-encoder/ms-marco-MiniLM-L6-v2/c5ee24cb16019beea0893ab7796b1df96625c6b8/config.json "HTTP/1.1 200 OK"]
[2026-03-25 15:14:50,201: INFO: _client: HTTP Request: HEAD https://huggingface.co/cross-encoder/ms-marco-MiniLM-L-6-v2/resolve/main/tokenizer_config.json "HTTP/1.1 307 Temporary Redirect"]
[2026-03-25 15:14:50,461: INFO: _client: HTTP Request: HEAD https://huggingface.co/cross-encoder/ms-marco-MiniLM-L6-v2/resolve/main/tokenizer_config.json "HTTP/1.1 307 Temporary Redirect"]
[2026-03-25 15:14:50,519: INFO: _client: HTTP Request: HEAD https://huggingface.co/api/resolve-cache/models/cross-encoder/ms-marco-MiniLM-L6-v2/c5ee24cb16019beea0893ab7796b1df96625c6b8/tokenizer_config.json "HTTP/1.1 200 OK"]
[2026-03-25 15:14:50,801: INFO: _client: HTTP Request: GET https://huggingface.co/api/models/cross-encoder/ms-marco-MiniLM-L-6-v2/tree/main/additional_chat_templates?recursive=false&expand=false "HTTP/1.1 307 Temporary Redirect"]
[2026-03-25 15:14:51,076: INFO: _client: HTTP Request: GET https://huggingface.co/api/models/cross-encoder/ms-marco-MiniLM-L6-v2/tree/main/additional_chat_templates?recursive=false&expand=false "HTTP/1.1 404 Not Found"]
[2026-03-25 15:14:51,419: INFO: _client: HTTP Request: GET https://huggingface.co/api/models/cross-encoder/ms-marco-MiniLM-L-6-v2/tree/main?recursive=true&expand=false "HTTP/1.1 307 Temporary Redirect"]
[2026-03-25 15:14:51,729: INFO: _client: HTTP Request: GET https://huggingface.co/api/models/cross-encoder/ms-marco-MiniLM-L6-v2/tree/main?recursive=true&expand=false "HTTP/1.1 200 OK"]
[2026-03-25 15:14:52,151: INFO: _client: HTTP Request: HEAD https://huggingface.co/cross-encoder/ms-marco-MiniLM-L-6-v2/resolve/main/README.md "HTTP/1.1 307 Temporary Redirect"]
[2026-03-25 15:14:52,430: INFO: _client: HTTP Request: HEAD https://huggingface.co/cross-encoder/ms-marco-MiniLM-L6-v2/resolve/main/README.md "HTTP/1.1 307 Temporary Redirect"]
[2026-03-25 15:14:52,486: INFO: _client: HTTP Request: HEAD https://huggingface.co/api/resolve-cache/models/cross-encoder/ms-marco-MiniLM-L6-v2/c5ee24cb16019beea0893ab7796b1df96625c6b8/README.md "HTTP/1.1 200 OK"]
[2026-03-25 15:14:52,504: INFO: CrossEncoder: Use pytorch device: cpu]
[2026-03-25 15:14:52,782: INFO: _client: HTTP Request: GET https://huggingface.co/api/models/cross-encoder/ms-marco-MiniLM-L-6-v2 "HTTP/1.1 307 Temporary Redirect"]
[2026-03-25 15:14:53,059: INFO: _client: HTTP Request: GET https://huggingface.co/api/models/cross-encoder/ms-marco-MiniLM-L6-v2 "HTTP/1.1 200 OK"]
[2026-03-25 15:14:53,080: INFO: token: Entering access token validation method ]
[2026-03-25 15:14:53,153: INFO: guardrails_check: NeMo Guardrails loaded successfully.]
[2026-03-25 15:25:43,497: INFO: utils: NumExpr defaulting to 8 threads.]
[2026-03-25 15:25:59,737: INFO: common: yaml file: config\config.yaml loaded successfully]
[2026-03-25 15:26:00,541: INFO: _client: HTTP Request: GET http://10.192.5.51:8000/api/v2/auth/identity "HTTP/1.1 200 OK"]
[2026-03-25 15:26:00,609: INFO: _client: HTTP Request: GET http://10.192.5.51:8000/api/v2/tenants/default_tenant "HTTP/1.1 200 OK"]
[2026-03-25 15:26:00,629: INFO: _client: HTTP Request: GET http://10.192.5.51:8000/api/v2/tenants/default_tenant/databases/default_database "HTTP/1.1 200 OK"]
[2026-03-25 15:26:06,926: INFO: gcp: Attempt 1: GCP default credentials loaded and project 'macomai-441611' obtained.]
[2026-03-25 15:26:10,278: INFO: Login: Entering the login process function]
[2026-03-25 15:26:10,739: INFO: Login: Token and session updated for user: 101373]
[2026-03-25 15:26:20,081: INFO: chatprocess: Initializing vector store with collection]
[2026-03-25 15:26:20,188: INFO: _client: HTTP Request: POST http://10.192.5.51:8000/api/v2/tenants/default_tenant/databases/default_database/collections "HTTP/1.1 200 OK"]
[2026-03-25 15:26:20,220: INFO: _client: HTTP Request: GET http://10.192.5.51:8000/api/v2/tenants/default_tenant/databases/default_database/collections/91518b3b-a2d1-4c38-b8df-01b360936d38/count?read_level=index_and_wal "HTTP/1.1 200 OK"]
[2026-03-25 15:26:20,226: INFO: chatprocess: Connected to Chroma server - Collection 'langchain' has 3764 documents]
[2026-03-25 15:26:20,835: INFO: _client: HTTP Request: HEAD https://huggingface.co/cross-encoder/ms-marco-MiniLM-L-6-v2/resolve/main/config.json "HTTP/1.1 307 Temporary Redirect"]
[2026-03-25 15:26:21,166: INFO: _client: HTTP Request: HEAD https://huggingface.co/cross-encoder/ms-marco-MiniLM-L6-v2/resolve/main/config.json "HTTP/1.1 307 Temporary Redirect"]
[2026-03-25 15:26:21,241: INFO: _client: HTTP Request: HEAD https://huggingface.co/api/resolve-cache/models/cross-encoder/ms-marco-MiniLM-L6-v2/c5ee24cb16019beea0893ab7796b1df96625c6b8/config.json "HTTP/1.1 200 OK"]
[2026-03-25 15:26:22,905: INFO: _client: HTTP Request: HEAD https://huggingface.co/cross-encoder/ms-marco-MiniLM-L-6-v2/resolve/main/config.json "HTTP/1.1 307 Temporary Redirect"]
[2026-03-25 15:26:23,205: INFO: _client: HTTP Request: HEAD https://huggingface.co/cross-encoder/ms-marco-MiniLM-L6-v2/resolve/main/config.json "HTTP/1.1 307 Temporary Redirect"]
[2026-03-25 15:26:23,286: INFO: _client: HTTP Request: HEAD https://huggingface.co/api/resolve-cache/models/cross-encoder/ms-marco-MiniLM-L6-v2/c5ee24cb16019beea0893ab7796b1df96625c6b8/config.json "HTTP/1.1 200 OK"]
[2026-03-25 15:26:23,622: INFO: _client: HTTP Request: HEAD https://huggingface.co/cross-encoder/ms-marco-MiniLM-L-6-v2/resolve/main/tokenizer_config.json "HTTP/1.1 307 Temporary Redirect"]
[2026-03-25 15:26:23,939: INFO: _client: HTTP Request: HEAD https://huggingface.co/cross-encoder/ms-marco-MiniLM-L6-v2/resolve/main/tokenizer_config.json "HTTP/1.1 307 Temporary Redirect"]
[2026-03-25 15:26:24,015: INFO: _client: HTTP Request: HEAD https://huggingface.co/api/resolve-cache/models/cross-encoder/ms-marco-MiniLM-L6-v2/c5ee24cb16019beea0893ab7796b1df96625c6b8/tokenizer_config.json "HTTP/1.1 200 OK"]
[2026-03-25 15:26:24,337: INFO: _client: HTTP Request: GET https://huggingface.co/api/models/cross-encoder/ms-marco-MiniLM-L-6-v2/tree/main/additional_chat_templates?recursive=false&expand=false "HTTP/1.1 307 Temporary Redirect"]
[2026-03-25 15:26:24,651: INFO: _client: HTTP Request: GET https://huggingface.co/api/models/cross-encoder/ms-marco-MiniLM-L6-v2/tree/main/additional_chat_templates?recursive=false&expand=false "HTTP/1.1 404 Not Found"]
[2026-03-25 15:26:25,058: INFO: _client: HTTP Request: GET https://huggingface.co/api/models/cross-encoder/ms-marco-MiniLM-L-6-v2/tree/main?recursive=true&expand=false "HTTP/1.1 307 Temporary Redirect"]
[2026-03-25 15:26:25,358: INFO: _client: HTTP Request: GET https://huggingface.co/api/models/cross-encoder/ms-marco-MiniLM-L6-v2/tree/main?recursive=true&expand=false "HTTP/1.1 200 OK"]
[2026-03-25 15:26:25,867: INFO: _client: HTTP Request: HEAD https://huggingface.co/cross-encoder/ms-marco-MiniLM-L-6-v2/resolve/main/README.md "HTTP/1.1 307 Temporary Redirect"]
[2026-03-25 15:26:26,180: INFO: _client: HTTP Request: HEAD https://huggingface.co/cross-encoder/ms-marco-MiniLM-L6-v2/resolve/main/README.md "HTTP/1.1 307 Temporary Redirect"]
[2026-03-25 15:26:26,185: WARNING: _http: Warning: You are sending unauthenticated requests to the HF Hub. Please set a HF_TOKEN to enable higher rate limits and faster downloads.]
[2026-03-25 15:26:26,263: INFO: _client: HTTP Request: HEAD https://huggingface.co/api/resolve-cache/models/cross-encoder/ms-marco-MiniLM-L6-v2/c5ee24cb16019beea0893ab7796b1df96625c6b8/README.md "HTTP/1.1 200 OK"]
[2026-03-25 15:26:26,273: INFO: CrossEncoder: Use pytorch device: cpu]
[2026-03-25 15:26:26,595: INFO: _client: HTTP Request: GET https://huggingface.co/api/models/cross-encoder/ms-marco-MiniLM-L-6-v2 "HTTP/1.1 307 Temporary Redirect"]
[2026-03-25 15:26:26,898: INFO: _client: HTTP Request: GET https://huggingface.co/api/models/cross-encoder/ms-marco-MiniLM-L6-v2 "HTTP/1.1 200 OK"]
[2026-03-25 15:26:26,915: INFO: token: Entering access token validation method ]
[2026-03-25 15:26:27,040: INFO: guardrails_check: NeMo Guardrails loaded successfully.]
[2026-03-25 15:31:25,945: INFO: utils: NumExpr defaulting to 8 threads.]
[2026-03-25 15:32:23,352: ERROR: app: Chat endpoint error: 400: Invalid or missing Authorization header]
[2026-03-25 15:32:35,897: ERROR: app: Chat endpoint error: 400: Invalid or missing Authorization header]
[2026-03-25 15:33:54,821: INFO: utils: NumExpr defaulting to 8 threads.]
[2026-03-25 15:34:29,641: ERROR: app: Chat endpoint error: 400: Invalid or missing Authorization header]
[2026-03-25 15:35:27,241: INFO: utils: NumExpr defaulting to 8 threads.]
[2026-03-25 15:35:53,308: ERROR: app: Chat endpoint error: 400: Invalid or missing Authorization header]
[2026-03-25 15:38:09,134: INFO: utils: NumExpr defaulting to 8 threads.]
[2026-03-25 15:41:03,265: INFO: utils: NumExpr defaulting to 8 threads.]
[2026-03-25 15:51:28,746: INFO: common: yaml file: config\config.yaml loaded successfully]
[2026-03-25 15:51:30,100: INFO: _client: HTTP Request: GET http://10.192.5.51:8000/api/v2/auth/identity "HTTP/1.1 200 OK"]
[2026-03-25 15:51:30,207: INFO: _client: HTTP Request: GET http://10.192.5.51:8000/api/v2/tenants/default_tenant "HTTP/1.1 200 OK"]
[2026-03-25 15:51:30,222: INFO: _client: HTTP Request: GET http://10.192.5.51:8000/api/v2/tenants/default_tenant/databases/default_database "HTTP/1.1 200 OK"]
[2026-03-25 15:51:38,933: INFO: gcp: Attempt 1: GCP default credentials loaded and project 'macomai-441611' obtained.]
[2026-03-25 15:51:43,315: INFO: Login: Entering the login process function]
[2026-03-25 15:51:43,893: INFO: Login: Token and session updated for user: 101373]
[2026-03-25 15:51:59,048: INFO: chatprocess: Initializing vector store with collection]
[2026-03-25 15:51:59,136: INFO: _client: HTTP Request: POST http://10.192.5.51:8000/api/v2/tenants/default_tenant/databases/default_database/collections "HTTP/1.1 200 OK"]
[2026-03-25 15:51:59,185: INFO: _client: HTTP Request: GET http://10.192.5.51:8000/api/v2/tenants/default_tenant/databases/default_database/collections/91518b3b-a2d1-4c38-b8df-01b360936d38/count?read_level=index_and_wal "HTTP/1.1 200 OK"]
[2026-03-25 15:51:59,185: INFO: chatprocess: Connected to Chroma server - Collection 'langchain' has 3764 documents]
[2026-03-25 15:51:59,928: INFO: _client: HTTP Request: HEAD https://huggingface.co/cross-encoder/ms-marco-MiniLM-L-6-v2/resolve/main/config.json "HTTP/1.1 307 Temporary Redirect"]
[2026-03-25 15:52:00,231: INFO: _client: HTTP Request: HEAD https://huggingface.co/cross-encoder/ms-marco-MiniLM-L6-v2/resolve/main/config.json "HTTP/1.1 307 Temporary Redirect"]
[2026-03-25 15:52:00,294: INFO: _client: HTTP Request: HEAD https://huggingface.co/api/resolve-cache/models/cross-encoder/ms-marco-MiniLM-L6-v2/c5ee24cb16019beea0893ab7796b1df96625c6b8/config.json "HTTP/1.1 200 OK"]
[2026-03-25 15:52:02,582: INFO: _client: HTTP Request: HEAD https://huggingface.co/cross-encoder/ms-marco-MiniLM-L-6-v2/resolve/main/config.json "HTTP/1.1 307 Temporary Redirect"]
[2026-03-25 15:52:02,898: INFO: _client: HTTP Request: HEAD https://huggingface.co/cross-encoder/ms-marco-MiniLM-L6-v2/resolve/main/config.json "HTTP/1.1 307 Temporary Redirect"]
[2026-03-25 15:52:02,952: INFO: _client: HTTP Request: HEAD https://huggingface.co/api/resolve-cache/models/cross-encoder/ms-marco-MiniLM-L6-v2/c5ee24cb16019beea0893ab7796b1df96625c6b8/config.json "HTTP/1.1 200 OK"]
[2026-03-25 15:52:03,299: INFO: _client: HTTP Request: HEAD https://huggingface.co/cross-encoder/ms-marco-MiniLM-L-6-v2/resolve/main/tokenizer_config.json "HTTP/1.1 307 Temporary Redirect"]
[2026-03-25 15:52:03,715: INFO: _client: HTTP Request: HEAD https://huggingface.co/cross-encoder/ms-marco-MiniLM-L6-v2/resolve/main/tokenizer_config.json "HTTP/1.1 307 Temporary Redirect"]
[2026-03-25 15:52:03,715: WARNING: _http: Warning: You are sending unauthenticated requests to the HF Hub. Please set a HF_TOKEN to enable higher rate limits and faster downloads.]
[2026-03-25 15:52:03,783: INFO: _client: HTTP Request: HEAD https://huggingface.co/api/resolve-cache/models/cross-encoder/ms-marco-MiniLM-L6-v2/c5ee24cb16019beea0893ab7796b1df96625c6b8/tokenizer_config.json "HTTP/1.1 200 OK"]
[2026-03-25 15:52:04,225: INFO: _client: HTTP Request: GET https://huggingface.co/api/models/cross-encoder/ms-marco-MiniLM-L-6-v2/tree/main/additional_chat_templates?recursive=false&expand=false "HTTP/1.1 307 Temporary Redirect"]
[2026-03-25 15:52:04,540: INFO: _client: HTTP Request: GET https://huggingface.co/api/models/cross-encoder/ms-marco-MiniLM-L6-v2/tree/main/additional_chat_templates?recursive=false&expand=false "HTTP/1.1 404 Not Found"]
[2026-03-25 15:52:04,947: INFO: _client: HTTP Request: GET https://huggingface.co/api/models/cross-encoder/ms-marco-MiniLM-L-6-v2/tree/main?recursive=true&expand=false "HTTP/1.1 307 Temporary Redirect"]
[2026-03-25 15:52:05,248: INFO: _client: HTTP Request: GET https://huggingface.co/api/models/cross-encoder/ms-marco-MiniLM-L6-v2/tree/main?recursive=true&expand=false "HTTP/1.1 200 OK"]
[2026-03-25 15:52:05,857: INFO: _client: HTTP Request: HEAD https://huggingface.co/cross-encoder/ms-marco-MiniLM-L-6-v2/resolve/main/README.md "HTTP/1.1 307 Temporary Redirect"]
[2026-03-25 15:52:06,168: INFO: _client: HTTP Request: HEAD https://huggingface.co/cross-encoder/ms-marco-MiniLM-L6-v2/resolve/main/README.md "HTTP/1.1 307 Temporary Redirect"]
[2026-03-25 15:52:06,231: INFO: _client: HTTP Request: HEAD https://huggingface.co/api/resolve-cache/models/cross-encoder/ms-marco-MiniLM-L6-v2/c5ee24cb16019beea0893ab7796b1df96625c6b8/README.md "HTTP/1.1 200 OK"]
[2026-03-25 15:52:06,276: INFO: CrossEncoder: Use pytorch device: cpu]
[2026-03-25 15:52:06,652: INFO: _client: HTTP Request: GET https://huggingface.co/api/models/cross-encoder/ms-marco-MiniLM-L-6-v2 "HTTP/1.1 307 Temporary Redirect"]
[2026-03-25 15:52:06,990: INFO: _client: HTTP Request: GET https://huggingface.co/api/models/cross-encoder/ms-marco-MiniLM-L6-v2 "HTTP/1.1 200 OK"]
[2026-03-25 15:52:07,181: INFO: token: Entering access token validation method ]
[2026-03-25 15:52:07,335: INFO: guardrails_check: NeMo Guardrails loaded successfully.]
[2026-03-25 16:01:45,078: INFO: utils: NumExpr defaulting to 8 threads.]
[2026-03-25 16:02:03,712: INFO: common: yaml file: config\config.yaml loaded successfully]
[2026-03-25 16:02:04,443: INFO: _client: HTTP Request: GET http://10.192.5.51:8000/api/v2/auth/identity "HTTP/1.1 200 OK"]
[2026-03-25 16:02:04,520: INFO: _client: HTTP Request: GET http://10.192.5.51:8000/api/v2/tenants/default_tenant "HTTP/1.1 200 OK"]
[2026-03-25 16:02:04,529: INFO: _client: HTTP Request: GET http://10.192.5.51:8000/api/v2/tenants/default_tenant/databases/default_database "HTTP/1.1 200 OK"]
[2026-03-25 16:02:11,867: INFO: gcp: Attempt 1: GCP default credentials loaded and project 'macomai-441611' obtained.]
[2026-03-25 16:02:15,976: INFO: Login: Entering the login process function]
[2026-03-25 16:02:16,519: INFO: Login: Token and session updated for user: 101373]
[2026-03-25 16:02:25,976: INFO: chatprocess: Initializing vector store with collection]
[2026-03-25 16:02:26,125: INFO: _client: HTTP Request: POST http://10.192.5.51:8000/api/v2/tenants/default_tenant/databases/default_database/collections "HTTP/1.1 200 OK"]
[2026-03-25 16:02:26,153: INFO: _client: HTTP Request: GET http://10.192.5.51:8000/api/v2/tenants/default_tenant/databases/default_database/collections/91518b3b-a2d1-4c38-b8df-01b360936d38/count?read_level=index_and_wal "HTTP/1.1 200 OK"]
[2026-03-25 16:02:26,153: INFO: chatprocess: Connected to Chroma server - Collection 'langchain' has 3764 documents]
[2026-03-25 16:02:26,809: INFO: _client: HTTP Request: HEAD https://huggingface.co/cross-encoder/ms-marco-MiniLM-L-6-v2/resolve/main/config.json "HTTP/1.1 307 Temporary Redirect"]
[2026-03-25 16:02:27,126: INFO: _client: HTTP Request: HEAD https://huggingface.co/cross-encoder/ms-marco-MiniLM-L6-v2/resolve/main/config.json "HTTP/1.1 307 Temporary Redirect"]
[2026-03-25 16:02:27,126: WARNING: _http: Warning: You are sending unauthenticated requests to the HF Hub. Please set a HF_TOKEN to enable higher rate limits and faster downloads.]
[2026-03-25 16:02:27,195: INFO: _client: HTTP Request: HEAD https://huggingface.co/api/resolve-cache/models/cross-encoder/ms-marco-MiniLM-L6-v2/c5ee24cb16019beea0893ab7796b1df96625c6b8/config.json "HTTP/1.1 200 OK"]
[2026-03-25 16:02:28,561: INFO: _client: HTTP Request: HEAD https://huggingface.co/cross-encoder/ms-marco-MiniLM-L-6-v2/resolve/main/config.json "HTTP/1.1 307 Temporary Redirect"]
[2026-03-25 16:02:28,960: INFO: _client: HTTP Request: HEAD https://huggingface.co/cross-encoder/ms-marco-MiniLM-L6-v2/resolve/main/config.json "HTTP/1.1 307 Temporary Redirect"]
[2026-03-25 16:02:29,050: INFO: _client: HTTP Request: HEAD https://huggingface.co/api/resolve-cache/models/cross-encoder/ms-marco-MiniLM-L6-v2/c5ee24cb16019beea0893ab7796b1df96625c6b8/config.json "HTTP/1.1 200 OK"]
[2026-03-25 16:02:29,377: INFO: _client: HTTP Request: HEAD https://huggingface.co/cross-encoder/ms-marco-MiniLM-L-6-v2/resolve/main/tokenizer_config.json "HTTP/1.1 307 Temporary Redirect"]
[2026-03-25 16:02:29,676: INFO: _client: HTTP Request: HEAD https://huggingface.co/cross-encoder/ms-marco-MiniLM-L6-v2/resolve/main/tokenizer_config.json "HTTP/1.1 307 Temporary Redirect"]
[2026-03-25 16:02:29,761: INFO: _client: HTTP Request: HEAD https://huggingface.co/api/resolve-cache/models/cross-encoder/ms-marco-MiniLM-L6-v2/c5ee24cb16019beea0893ab7796b1df96625c6b8/tokenizer_config.json "HTTP/1.1 200 OK"]
[2026-03-25 16:02:30,192: INFO: _client: HTTP Request: GET https://huggingface.co/api/models/cross-encoder/ms-marco-MiniLM-L-6-v2/tree/main/additional_chat_templates?recursive=false&expand=false "HTTP/1.1 307 Temporary Redirect"]
[2026-03-25 16:02:30,483: INFO: _client: HTTP Request: GET https://huggingface.co/api/models/cross-encoder/ms-marco-MiniLM-L6-v2/tree/main/additional_chat_templates?recursive=false&expand=false "HTTP/1.1 404 Not Found"]
[2026-03-25 16:02:30,804: INFO: _client: HTTP Request: GET https://huggingface.co/api/models/cross-encoder/ms-marco-MiniLM-L-6-v2/tree/main?recursive=true&expand=false "HTTP/1.1 307 Temporary Redirect"]
[2026-03-25 16:02:31,223: INFO: _client: HTTP Request: GET https://huggingface.co/api/models/cross-encoder/ms-marco-MiniLM-L6-v2/tree/main?recursive=true&expand=false "HTTP/1.1 200 OK"]
[2026-03-25 16:02:31,839: INFO: _client: HTTP Request: HEAD https://huggingface.co/cross-encoder/ms-marco-MiniLM-L-6-v2/resolve/main/README.md "HTTP/1.1 307 Temporary Redirect"]
[2026-03-25 16:02:32,150: INFO: _client: HTTP Request: HEAD https://huggingface.co/cross-encoder/ms-marco-MiniLM-L6-v2/resolve/main/README.md "HTTP/1.1 307 Temporary Redirect"]
[2026-03-25 16:02:32,236: INFO: _client: HTTP Request: HEAD https://huggingface.co/api/resolve-cache/models/cross-encoder/ms-marco-MiniLM-L6-v2/c5ee24cb16019beea0893ab7796b1df96625c6b8/README.md "HTTP/1.1 200 OK"]
[2026-03-25 16:02:32,332: INFO: CrossEncoder: Use pytorch device: cpu]
[2026-03-25 16:02:32,761: INFO: _client: HTTP Request: GET https://huggingface.co/api/models/cross-encoder/ms-marco-MiniLM-L-6-v2 "HTTP/1.1 307 Temporary Redirect"]
[2026-03-25 16:02:33,058: INFO: _client: HTTP Request: GET https://huggingface.co/api/models/cross-encoder/ms-marco-MiniLM-L6-v2 "HTTP/1.1 200 OK"]
[2026-03-25 16:02:33,094: INFO: token: Entering access token validation method ]
[2026-03-25 16:02:33,243: INFO: guardrails_check: NeMo Guardrails loaded successfully.]
[2026-03-25 16:02:36,079: ERROR: guardrails_check: Guardrails check failed: name 'rails' is not defined]
Traceback (most recent call last):
  File "d:\guardrail_implementation_test\guardrails_check.py", line 61, in check_guardrails
    response = await rails.generate_async(messages=messages)
                     ^^^^^
NameError: name 'rails' is not defined
[2026-03-25 16:03:36,528: INFO: utils: NumExpr defaulting to 8 threads.]
[2026-03-25 16:04:03,363: INFO: common: yaml file: config\config.yaml loaded successfully]
[2026-03-25 16:04:04,122: INFO: _client: HTTP Request: GET http://10.192.5.51:8000/api/v2/auth/identity "HTTP/1.1 200 OK"]
[2026-03-25 16:04:04,217: INFO: _client: HTTP Request: GET http://10.192.5.51:8000/api/v2/tenants/default_tenant "HTTP/1.1 200 OK"]
[2026-03-25 16:04:04,222: INFO: _client: HTTP Request: GET http://10.192.5.51:8000/api/v2/tenants/default_tenant/databases/default_database "HTTP/1.1 200 OK"]
[2026-03-25 16:04:09,952: INFO: gcp: Attempt 1: GCP default credentials loaded and project 'macomai-441611' obtained.]
[2026-03-25 16:04:13,738: INFO: Login: Entering the login process function]
[2026-03-25 16:04:14,110: INFO: Login: Token and session updated for user: 101373]
[2026-03-25 16:04:23,388: INFO: chatprocess: Initializing vector store with collection]
[2026-03-25 16:04:23,460: INFO: _client: HTTP Request: POST http://10.192.5.51:8000/api/v2/tenants/default_tenant/databases/default_database/collections "HTTP/1.1 200 OK"]
[2026-03-25 16:04:23,487: INFO: _client: HTTP Request: GET http://10.192.5.51:8000/api/v2/tenants/default_tenant/databases/default_database/collections/91518b3b-a2d1-4c38-b8df-01b360936d38/count?read_level=index_and_wal "HTTP/1.1 200 OK"]
[2026-03-25 16:04:23,491: INFO: chatprocess: Connected to Chroma server - Collection 'langchain' has 3764 documents]
[2026-03-25 16:04:24,151: INFO: _client: HTTP Request: HEAD https://huggingface.co/cross-encoder/ms-marco-MiniLM-L-6-v2/resolve/main/config.json "HTTP/1.1 307 Temporary Redirect"]
[2026-03-25 16:04:24,458: INFO: _client: HTTP Request: HEAD https://huggingface.co/cross-encoder/ms-marco-MiniLM-L6-v2/resolve/main/config.json "HTTP/1.1 307 Temporary Redirect"]
[2026-03-25 16:04:24,546: INFO: _client: HTTP Request: HEAD https://huggingface.co/api/resolve-cache/models/cross-encoder/ms-marco-MiniLM-L6-v2/c5ee24cb16019beea0893ab7796b1df96625c6b8/config.json "HTTP/1.1 200 OK"]
[2026-03-25 16:04:25,911: INFO: _client: HTTP Request: HEAD https://huggingface.co/cross-encoder/ms-marco-MiniLM-L-6-v2/resolve/main/config.json "HTTP/1.1 307 Temporary Redirect"]
[2026-03-25 16:04:26,216: INFO: _client: HTTP Request: HEAD https://huggingface.co/cross-encoder/ms-marco-MiniLM-L6-v2/resolve/main/config.json "HTTP/1.1 307 Temporary Redirect"]
[2026-03-25 16:04:26,287: INFO: _client: HTTP Request: HEAD https://huggingface.co/api/resolve-cache/models/cross-encoder/ms-marco-MiniLM-L6-v2/c5ee24cb16019beea0893ab7796b1df96625c6b8/config.json "HTTP/1.1 200 OK"]
[2026-03-25 16:04:26,622: INFO: _client: HTTP Request: HEAD https://huggingface.co/cross-encoder/ms-marco-MiniLM-L-6-v2/resolve/main/tokenizer_config.json "HTTP/1.1 307 Temporary Redirect"]
[2026-03-25 16:04:26,939: INFO: _client: HTTP Request: HEAD https://huggingface.co/cross-encoder/ms-marco-MiniLM-L6-v2/resolve/main/tokenizer_config.json "HTTP/1.1 307 Temporary Redirect"]
[2026-03-25 16:04:27,015: INFO: _client: HTTP Request: HEAD https://huggingface.co/api/resolve-cache/models/cross-encoder/ms-marco-MiniLM-L6-v2/c5ee24cb16019beea0893ab7796b1df96625c6b8/tokenizer_config.json "HTTP/1.1 200 OK"]
[2026-03-25 16:04:27,450: INFO: _client: HTTP Request: GET https://huggingface.co/api/models/cross-encoder/ms-marco-MiniLM-L-6-v2/tree/main/additional_chat_templates?recursive=false&expand=false "HTTP/1.1 307 Temporary Redirect"]
[2026-03-25 16:04:27,759: INFO: _client: HTTP Request: GET https://huggingface.co/api/models/cross-encoder/ms-marco-MiniLM-L6-v2/tree/main/additional_chat_templates?recursive=false&expand=false "HTTP/1.1 404 Not Found"]
[2026-03-25 16:04:28,056: INFO: _client: HTTP Request: GET https://huggingface.co/api/models/cross-encoder/ms-marco-MiniLM-L-6-v2/tree/main?recursive=true&expand=false "HTTP/1.1 307 Temporary Redirect"]
[2026-03-25 16:04:28,363: INFO: _client: HTTP Request: GET https://huggingface.co/api/models/cross-encoder/ms-marco-MiniLM-L6-v2/tree/main?recursive=true&expand=false "HTTP/1.1 200 OK"]
[2026-03-25 16:04:28,888: INFO: _client: HTTP Request: HEAD https://huggingface.co/cross-encoder/ms-marco-MiniLM-L-6-v2/resolve/main/README.md "HTTP/1.1 307 Temporary Redirect"]
[2026-03-25 16:04:29,296: INFO: _client: HTTP Request: HEAD https://huggingface.co/cross-encoder/ms-marco-MiniLM-L6-v2/resolve/main/README.md "HTTP/1.1 307 Temporary Redirect"]
[2026-03-25 16:04:29,363: INFO: _client: HTTP Request: HEAD https://huggingface.co/api/resolve-cache/models/cross-encoder/ms-marco-MiniLM-L6-v2/c5ee24cb16019beea0893ab7796b1df96625c6b8/README.md "HTTP/1.1 200 OK"]
[2026-03-25 16:04:29,383: INFO: CrossEncoder: Use pytorch device: cpu]
[2026-03-25 16:04:29,800: INFO: _client: HTTP Request: GET https://huggingface.co/api/models/cross-encoder/ms-marco-MiniLM-L-6-v2 "HTTP/1.1 307 Temporary Redirect"]
[2026-03-25 16:04:30,208: INFO: _client: HTTP Request: GET https://huggingface.co/api/models/cross-encoder/ms-marco-MiniLM-L6-v2 "HTTP/1.1 200 OK"]
[2026-03-25 16:04:30,241: INFO: token: Entering access token validation method ]
[2026-03-25 16:04:30,388: INFO: guardrails_check: NeMo Guardrails loaded successfully.]
[2026-03-25 16:12:34,472: INFO: utils: NumExpr defaulting to 8 threads.]
[2026-03-25 16:12:53,471: INFO: common: yaml file: config\config.yaml loaded successfully]
[2026-03-25 16:12:54,203: INFO: _client: HTTP Request: GET http://10.192.5.51:8000/api/v2/auth/identity "HTTP/1.1 200 OK"]
[2026-03-25 16:12:54,271: INFO: _client: HTTP Request: GET http://10.192.5.51:8000/api/v2/tenants/default_tenant "HTTP/1.1 200 OK"]
[2026-03-25 16:12:54,287: INFO: _client: HTTP Request: GET http://10.192.5.51:8000/api/v2/tenants/default_tenant/databases/default_database "HTTP/1.1 200 OK"]
[2026-03-25 16:12:59,652: INFO: gcp: Attempt 1: GCP default credentials loaded and project 'macomai-441611' obtained.]
[2026-03-25 16:13:03,536: INFO: Login: Entering the login process function]
[2026-03-25 16:13:04,178: INFO: Login: Token and session updated for user: 101373]
[2026-03-25 16:13:16,574: INFO: chatprocess: Initializing vector store with collection]
[2026-03-25 16:13:16,678: INFO: _client: HTTP Request: POST http://10.192.5.51:8000/api/v2/tenants/default_tenant/databases/default_database/collections "HTTP/1.1 200 OK"]
[2026-03-25 16:13:16,702: INFO: _client: HTTP Request: GET http://10.192.5.51:8000/api/v2/tenants/default_tenant/databases/default_database/collections/91518b3b-a2d1-4c38-b8df-01b360936d38/count?read_level=index_and_wal "HTTP/1.1 200 OK"]
[2026-03-25 16:13:16,702: INFO: chatprocess: Connected to Chroma server - Collection 'langchain' has 3764 documents]
[2026-03-25 16:13:17,369: INFO: _client: HTTP Request: HEAD https://huggingface.co/cross-encoder/ms-marco-MiniLM-L-6-v2/resolve/main/config.json "HTTP/1.1 307 Temporary Redirect"]
[2026-03-25 16:13:17,669: INFO: _client: HTTP Request: HEAD https://huggingface.co/cross-encoder/ms-marco-MiniLM-L6-v2/resolve/main/config.json "HTTP/1.1 307 Temporary Redirect"]
[2026-03-25 16:13:17,769: INFO: _client: HTTP Request: HEAD https://huggingface.co/api/resolve-cache/models/cross-encoder/ms-marco-MiniLM-L6-v2/c5ee24cb16019beea0893ab7796b1df96625c6b8/config.json "HTTP/1.1 200 OK"]
[2026-03-25 16:13:19,059: INFO: _client: HTTP Request: HEAD https://huggingface.co/cross-encoder/ms-marco-MiniLM-L-6-v2/resolve/main/config.json "HTTP/1.1 307 Temporary Redirect"]
[2026-03-25 16:13:19,411: INFO: _client: HTTP Request: HEAD https://huggingface.co/cross-encoder/ms-marco-MiniLM-L6-v2/resolve/main/config.json "HTTP/1.1 307 Temporary Redirect"]
[2026-03-25 16:13:19,490: INFO: _client: HTTP Request: HEAD https://huggingface.co/api/resolve-cache/models/cross-encoder/ms-marco-MiniLM-L6-v2/c5ee24cb16019beea0893ab7796b1df96625c6b8/config.json "HTTP/1.1 200 OK"]
[2026-03-25 16:13:19,823: INFO: _client: HTTP Request: HEAD https://huggingface.co/cross-encoder/ms-marco-MiniLM-L-6-v2/resolve/main/tokenizer_config.json "HTTP/1.1 307 Temporary Redirect"]
[2026-03-25 16:13:20,123: INFO: _client: HTTP Request: HEAD https://huggingface.co/cross-encoder/ms-marco-MiniLM-L6-v2/resolve/main/tokenizer_config.json "HTTP/1.1 307 Temporary Redirect"]
[2026-03-25 16:13:20,208: INFO: _client: HTTP Request: HEAD https://huggingface.co/api/resolve-cache/models/cross-encoder/ms-marco-MiniLM-L6-v2/c5ee24cb16019beea0893ab7796b1df96625c6b8/tokenizer_config.json "HTTP/1.1 200 OK"]
[2026-03-25 16:13:20,640: INFO: _client: HTTP Request: GET https://huggingface.co/api/models/cross-encoder/ms-marco-MiniLM-L-6-v2/tree/main/additional_chat_templates?recursive=false&expand=false "HTTP/1.1 307 Temporary Redirect"]
[2026-03-25 16:13:20,953: INFO: _client: HTTP Request: GET https://huggingface.co/api/models/cross-encoder/ms-marco-MiniLM-L6-v2/tree/main/additional_chat_templates?recursive=false&expand=false "HTTP/1.1 404 Not Found"]
[2026-03-25 16:13:21,346: INFO: _client: HTTP Request: GET https://huggingface.co/api/models/cross-encoder/ms-marco-MiniLM-L-6-v2/tree/main?recursive=true&expand=false "HTTP/1.1 307 Temporary Redirect"]
[2026-03-25 16:13:21,669: INFO: _client: HTTP Request: GET https://huggingface.co/api/models/cross-encoder/ms-marco-MiniLM-L6-v2/tree/main?recursive=true&expand=false "HTTP/1.1 200 OK"]
[2026-03-25 16:13:22,075: INFO: _client: HTTP Request: HEAD https://huggingface.co/cross-encoder/ms-marco-MiniLM-L-6-v2/resolve/main/README.md "HTTP/1.1 307 Temporary Redirect"]
[2026-03-25 16:13:22,382: INFO: _client: HTTP Request: HEAD https://huggingface.co/cross-encoder/ms-marco-MiniLM-L6-v2/resolve/main/README.md "HTTP/1.1 307 Temporary Redirect"]
[2026-03-25 16:13:22,387: WARNING: _http: Warning: You are sending unauthenticated requests to the HF Hub. Please set a HF_TOKEN to enable higher rate limits and faster downloads.]
[2026-03-25 16:13:22,452: INFO: _client: HTTP Request: HEAD https://huggingface.co/api/resolve-cache/models/cross-encoder/ms-marco-MiniLM-L6-v2/c5ee24cb16019beea0893ab7796b1df96625c6b8/README.md "HTTP/1.1 200 OK"]
[2026-03-25 16:13:22,464: INFO: CrossEncoder: Use pytorch device: cpu]
[2026-03-25 16:13:22,791: INFO: _client: HTTP Request: GET https://huggingface.co/api/models/cross-encoder/ms-marco-MiniLM-L-6-v2 "HTTP/1.1 307 Temporary Redirect"]
[2026-03-25 16:13:23,098: INFO: _client: HTTP Request: GET https://huggingface.co/api/models/cross-encoder/ms-marco-MiniLM-L6-v2 "HTTP/1.1 200 OK"]
[2026-03-25 16:13:23,114: INFO: token: Entering access token validation method ]
[2026-03-25 16:13:23,175: INFO: guardrails_check: NeMo Guardrails loaded successfully.]
[2026-03-25 16:14:47,523: INFO: utils: NumExpr defaulting to 8 threads.]
[2026-03-25 16:15:14,144: INFO: common: yaml file: config\config.yaml loaded successfully]
[2026-03-25 16:15:14,853: INFO: _client: HTTP Request: GET http://10.192.5.51:8000/api/v2/auth/identity "HTTP/1.1 200 OK"]
[2026-03-25 16:15:14,921: INFO: _client: HTTP Request: GET http://10.192.5.51:8000/api/v2/tenants/default_tenant "HTTP/1.1 200 OK"]
[2026-03-25 16:15:14,932: INFO: _client: HTTP Request: GET http://10.192.5.51:8000/api/v2/tenants/default_tenant/databases/default_database "HTTP/1.1 200 OK"]
[2026-03-25 16:15:18,815: INFO: gcp: Attempt 1: GCP default credentials loaded and project 'macomai-441611' obtained.]
[2026-03-25 16:15:23,197: INFO: Login: Entering the login process function]
[2026-03-25 16:15:23,567: INFO: Login: Token and session updated for user: 101373]
[2026-03-25 16:15:51,063: INFO: chatprocess: Initializing vector store with collection]
[2026-03-25 16:15:51,163: INFO: _client: HTTP Request: POST http://10.192.5.51:8000/api/v2/tenants/default_tenant/databases/default_database/collections "HTTP/1.1 200 OK"]
[2026-03-25 16:15:51,181: INFO: _client: HTTP Request: GET http://10.192.5.51:8000/api/v2/tenants/default_tenant/databases/default_database/collections/91518b3b-a2d1-4c38-b8df-01b360936d38/count?read_level=index_and_wal "HTTP/1.1 200 OK"]
[2026-03-25 16:15:51,181: INFO: chatprocess: Connected to Chroma server - Collection 'langchain' has 3764 documents]
[2026-03-25 16:15:51,781: INFO: _client: HTTP Request: HEAD https://huggingface.co/cross-encoder/ms-marco-MiniLM-L-6-v2/resolve/main/config.json "HTTP/1.1 307 Temporary Redirect"]
[2026-03-25 16:15:52,082: INFO: _client: HTTP Request: HEAD https://huggingface.co/cross-encoder/ms-marco-MiniLM-L6-v2/resolve/main/config.json "HTTP/1.1 307 Temporary Redirect"]
[2026-03-25 16:15:52,159: INFO: _client: HTTP Request: HEAD https://huggingface.co/api/resolve-cache/models/cross-encoder/ms-marco-MiniLM-L6-v2/c5ee24cb16019beea0893ab7796b1df96625c6b8/config.json "HTTP/1.1 200 OK"]
[2026-03-25 16:15:53,319: INFO: _client: HTTP Request: HEAD https://huggingface.co/cross-encoder/ms-marco-MiniLM-L-6-v2/resolve/main/config.json "HTTP/1.1 307 Temporary Redirect"]
[2026-03-25 16:15:53,625: INFO: _client: HTTP Request: HEAD https://huggingface.co/cross-encoder/ms-marco-MiniLM-L6-v2/resolve/main/config.json "HTTP/1.1 307 Temporary Redirect"]
[2026-03-25 16:15:53,630: WARNING: _http: Warning: You are sending unauthenticated requests to the HF Hub. Please set a HF_TOKEN to enable higher rate limits and faster downloads.]
[2026-03-25 16:15:53,712: INFO: _client: HTTP Request: HEAD https://huggingface.co/api/resolve-cache/models/cross-encoder/ms-marco-MiniLM-L6-v2/c5ee24cb16019beea0893ab7796b1df96625c6b8/config.json "HTTP/1.1 200 OK"]
[2026-03-25 16:15:54,035: INFO: _client: HTTP Request: HEAD https://huggingface.co/cross-encoder/ms-marco-MiniLM-L-6-v2/resolve/main/tokenizer_config.json "HTTP/1.1 307 Temporary Redirect"]
[2026-03-25 16:15:54,331: INFO: _client: HTTP Request: HEAD https://huggingface.co/cross-encoder/ms-marco-MiniLM-L6-v2/resolve/main/tokenizer_config.json "HTTP/1.1 307 Temporary Redirect"]
[2026-03-25 16:15:54,414: INFO: _client: HTTP Request: HEAD https://huggingface.co/api/resolve-cache/models/cross-encoder/ms-marco-MiniLM-L6-v2/c5ee24cb16019beea0893ab7796b1df96625c6b8/tokenizer_config.json "HTTP/1.1 200 OK"]
[2026-03-25 16:15:54,746: INFO: _client: HTTP Request: GET https://huggingface.co/api/models/cross-encoder/ms-marco-MiniLM-L-6-v2/tree/main/additional_chat_templates?recursive=false&expand=false "HTTP/1.1 307 Temporary Redirect"]
[2026-03-25 16:15:55,046: INFO: _client: HTTP Request: GET https://huggingface.co/api/models/cross-encoder/ms-marco-MiniLM-L6-v2/tree/main/additional_chat_templates?recursive=false&expand=false "HTTP/1.1 404 Not Found"]
[2026-03-25 16:15:55,352: INFO: _client: HTTP Request: GET https://huggingface.co/api/models/cross-encoder/ms-marco-MiniLM-L-6-v2/tree/main?recursive=true&expand=false "HTTP/1.1 307 Temporary Redirect"]
[2026-03-25 16:15:55,664: INFO: _client: HTTP Request: GET https://huggingface.co/api/models/cross-encoder/ms-marco-MiniLM-L6-v2/tree/main?recursive=true&expand=false "HTTP/1.1 200 OK"]
[2026-03-25 16:15:56,192: INFO: _client: HTTP Request: HEAD https://huggingface.co/cross-encoder/ms-marco-MiniLM-L-6-v2/resolve/main/README.md "HTTP/1.1 307 Temporary Redirect"]
[2026-03-25 16:15:56,475: INFO: _client: HTTP Request: HEAD https://huggingface.co/cross-encoder/ms-marco-MiniLM-L6-v2/resolve/main/README.md "HTTP/1.1 307 Temporary Redirect"]
[2026-03-25 16:15:56,544: INFO: _client: HTTP Request: HEAD https://huggingface.co/api/resolve-cache/models/cross-encoder/ms-marco-MiniLM-L6-v2/c5ee24cb16019beea0893ab7796b1df96625c6b8/README.md "HTTP/1.1 200 OK"]
[2026-03-25 16:15:56,549: INFO: CrossEncoder: Use pytorch device: cpu]
[2026-03-25 16:15:56,829: INFO: _client: HTTP Request: GET https://huggingface.co/api/models/cross-encoder/ms-marco-MiniLM-L-6-v2 "HTTP/1.1 307 Temporary Redirect"]
[2026-03-25 16:15:57,201: INFO: _client: HTTP Request: GET https://huggingface.co/api/models/cross-encoder/ms-marco-MiniLM-L6-v2 "HTTP/1.1 200 OK"]
[2026-03-25 16:15:57,217: INFO: token: Entering access token validation method ]
[2026-03-25 16:15:57,303: ERROR: guardrails_check: Guardrails check failed: argument of type 'NoneType' is not iterable]
Traceback (most recent call last):
  File "d:\guardrail_implementation_test\guardrails_check.py", line 59, in check_guardrails
    rails = get_rails()
            ^^^^^^^^^^^
  File "d:\guardrail_implementation_test\guardrails_check.py", line 25, in get_rails
    config = RailsConfig.from_content(
             ^^^^^^^^^^^^^^^^^^^^^^^^^
  File "c:\Users\101373\AppData\Local\anaconda3\envs\nemo_env\Lib\site-packages\nemoguardrails\rails\llm\config.py", line 1899, in from_content
    return cls.parse_object(raw_config)
           ^^^^^^^^^^^^^^^^^^^^^^^^^^^^
  File "c:\Users\101373\AppData\Local\anaconda3\envs\nemo_env\Lib\site-packages\nemoguardrails\rails\llm\config.py", line 1913, in parse_object
    return cls.parse_obj(obj)
           ^^^^^^^^^^^^^^^^^^
  File "c:\Users\101373\AppData\Local\anaconda3\envs\nemo_env\Lib\site-packages\pydantic\main.py", line 1370, in parse_obj
    return cls.model_validate(obj)
           ^^^^^^^^^^^^^^^^^^^^^^^
  File "c:\Users\101373\AppData\Local\anaconda3\envs\nemo_env\Lib\site-packages\pydantic\main.py", line 716, in model_validate
    return cls.__pydantic_validator__.validate_python(
           ^^^^^^^^^^^^^^^^^^^^^^^^^^^^^^^^^^^^^^^^^^^
  File "c:\Users\101373\AppData\Local\anaconda3\envs\nemo_env\Lib\site-packages\pydantic\_internal\_decorators_v1.py", line 148, in _wrapper1
    return validator(values)
           ^^^^^^^^^^^^^^^^^
  File "c:\Users\101373\AppData\Local\anaconda3\envs\nemo_env\Lib\site-packages\nemoguardrails\rails\llm\config.py", line 1657, in check_prompt_exist_for_self_check_rails
    if "self check input" in enabled_input_rails and "self_check_input" not in provided_task_prompts:
       ^^^^^^^^^^^^^^^^^^^^^^^^^^^^^^^^^^^^^^^^^
TypeError: argument of type 'NoneType' is not iterable
[2026-03-25 16:15:57,438: INFO: models: AFC is enabled with max remote calls: 10.]
[2026-03-25 16:15:59,876: INFO: _client: HTTP Request: POST https://aiplatform.googleapis.com/v1beta1/projects/macomai-441611/locations/global/publishers/google/models/gemini-2.5-flash:generateContent "HTTP/1.1 200 OK"]
[2026-03-25 16:16:11,650: INFO: _client: HTTP Request: POST https://aiplatform.googleapis.com/v1beta1/projects/macomai-441611/locations/global/publishers/google/models/text-embedding-004:predict "HTTP/1.1 200 OK"]
[2026-03-25 16:16:11,692: INFO: _client: HTTP Request: POST http://10.192.5.51:8000/api/v2/tenants/default_tenant/databases/default_database/collections/91518b3b-a2d1-4c38-b8df-01b360936d38/query "HTTP/1.1 200 OK"]
[2026-03-25 16:16:12,745: INFO: chatprocess: Formatting 5 documents]
[2026-03-25 16:16:12,752: INFO: models: AFC is enabled with max remote calls: 10.]
[2026-03-25 16:16:14,823: INFO: _client: HTTP Request: POST https://aiplatform.googleapis.com/v1beta1/projects/macomai-441611/locations/global/publishers/google/models/gemini-2.5-flash:generateContent "HTTP/1.1 200 OK"]
[2026-03-25 16:16:14,842: INFO: app: Chat request completed]
[2026-03-25 16:16:49,182: INFO: utils: NumExpr defaulting to 8 threads.]
[2026-03-25 16:17:01,610: INFO: common: yaml file: config\config.yaml loaded successfully]
[2026-03-25 16:17:02,351: INFO: _client: HTTP Request: GET http://10.192.5.51:8000/api/v2/auth/identity "HTTP/1.1 200 OK"]
[2026-03-25 16:17:02,418: INFO: _client: HTTP Request: GET http://10.192.5.51:8000/api/v2/tenants/default_tenant "HTTP/1.1 200 OK"]
[2026-03-25 16:17:02,443: INFO: _client: HTTP Request: GET http://10.192.5.51:8000/api/v2/tenants/default_tenant/databases/default_database "HTTP/1.1 200 OK"]
[2026-03-25 16:17:07,667: INFO: gcp: Attempt 1: GCP default credentials loaded and project 'macomai-441611' obtained.]
[2026-03-25 16:17:11,166: INFO: Login: Entering the login process function]
[2026-03-25 16:17:11,670: INFO: Login: Token and session updated for user: 101373]
[2026-03-25 16:17:32,909: INFO: chatprocess: Initializing vector store with collection]
[2026-03-25 16:17:33,026: INFO: _client: HTTP Request: POST http://10.192.5.51:8000/api/v2/tenants/default_tenant/databases/default_database/collections "HTTP/1.1 200 OK"]
[2026-03-25 16:17:33,059: INFO: _client: HTTP Request: GET http://10.192.5.51:8000/api/v2/tenants/default_tenant/databases/default_database/collections/91518b3b-a2d1-4c38-b8df-01b360936d38/count?read_level=index_and_wal "HTTP/1.1 200 OK"]
[2026-03-25 16:17:33,061: INFO: chatprocess: Connected to Chroma server - Collection 'langchain' has 3764 documents]
[2026-03-25 16:17:33,769: INFO: _client: HTTP Request: HEAD https://huggingface.co/cross-encoder/ms-marco-MiniLM-L-6-v2/resolve/main/config.json "HTTP/1.1 307 Temporary Redirect"]
[2026-03-25 16:17:34,080: INFO: _client: HTTP Request: HEAD https://huggingface.co/cross-encoder/ms-marco-MiniLM-L6-v2/resolve/main/config.json "HTTP/1.1 307 Temporary Redirect"]
[2026-03-25 16:17:34,171: INFO: _client: HTTP Request: HEAD https://huggingface.co/api/resolve-cache/models/cross-encoder/ms-marco-MiniLM-L6-v2/c5ee24cb16019beea0893ab7796b1df96625c6b8/config.json "HTTP/1.1 200 OK"]
[2026-03-25 16:17:35,509: INFO: _client: HTTP Request: HEAD https://huggingface.co/cross-encoder/ms-marco-MiniLM-L-6-v2/resolve/main/config.json "HTTP/1.1 307 Temporary Redirect"]
[2026-03-25 16:17:35,810: INFO: _client: HTTP Request: HEAD https://huggingface.co/cross-encoder/ms-marco-MiniLM-L6-v2/resolve/main/config.json "HTTP/1.1 307 Temporary Redirect"]
[2026-03-25 16:17:35,826: WARNING: _http: Warning: You are sending unauthenticated requests to the HF Hub. Please set a HF_TOKEN to enable higher rate limits and faster downloads.]
[2026-03-25 16:17:36,326: INFO: _client: HTTP Request: HEAD https://huggingface.co/api/resolve-cache/models/cross-encoder/ms-marco-MiniLM-L6-v2/c5ee24cb16019beea0893ab7796b1df96625c6b8/config.json "HTTP/1.1 200 OK"]
[2026-03-25 16:17:36,743: INFO: _client: HTTP Request: HEAD https://huggingface.co/cross-encoder/ms-marco-MiniLM-L-6-v2/resolve/main/tokenizer_config.json "HTTP/1.1 307 Temporary Redirect"]
[2026-03-25 16:17:37,049: INFO: _client: HTTP Request: HEAD https://huggingface.co/cross-encoder/ms-marco-MiniLM-L6-v2/resolve/main/tokenizer_config.json "HTTP/1.1 307 Temporary Redirect"]
[2026-03-25 16:17:37,120: INFO: _client: HTTP Request: HEAD https://huggingface.co/api/resolve-cache/models/cross-encoder/ms-marco-MiniLM-L6-v2/c5ee24cb16019beea0893ab7796b1df96625c6b8/tokenizer_config.json "HTTP/1.1 200 OK"]
[2026-03-25 16:17:37,564: INFO: _client: HTTP Request: GET https://huggingface.co/api/models/cross-encoder/ms-marco-MiniLM-L-6-v2/tree/main/additional_chat_templates?recursive=false&expand=false "HTTP/1.1 307 Temporary Redirect"]
[2026-03-25 16:17:37,971: INFO: _client: HTTP Request: GET https://huggingface.co/api/models/cross-encoder/ms-marco-MiniLM-L6-v2/tree/main/additional_chat_templates?recursive=false&expand=false "HTTP/1.1 404 Not Found"]
[2026-03-25 16:17:38,259: INFO: _client: HTTP Request: GET https://huggingface.co/api/models/cross-encoder/ms-marco-MiniLM-L-6-v2/tree/main?recursive=true&expand=false "HTTP/1.1 307 Temporary Redirect"]
[2026-03-25 16:17:38,576: INFO: _client: HTTP Request: GET https://huggingface.co/api/models/cross-encoder/ms-marco-MiniLM-L6-v2/tree/main?recursive=true&expand=false "HTTP/1.1 200 OK"]
[2026-03-25 16:17:39,109: INFO: _client: HTTP Request: HEAD https://huggingface.co/cross-encoder/ms-marco-MiniLM-L-6-v2/resolve/main/README.md "HTTP/1.1 307 Temporary Redirect"]
[2026-03-25 16:17:39,407: INFO: _client: HTTP Request: HEAD https://huggingface.co/cross-encoder/ms-marco-MiniLM-L6-v2/resolve/main/README.md "HTTP/1.1 307 Temporary Redirect"]
[2026-03-25 16:17:39,490: INFO: _client: HTTP Request: HEAD https://huggingface.co/api/resolve-cache/models/cross-encoder/ms-marco-MiniLM-L6-v2/c5ee24cb16019beea0893ab7796b1df96625c6b8/README.md "HTTP/1.1 200 OK"]
[2026-03-25 16:17:39,492: INFO: CrossEncoder: Use pytorch device: cpu]
[2026-03-25 16:17:39,806: INFO: _client: HTTP Request: GET https://huggingface.co/api/models/cross-encoder/ms-marco-MiniLM-L-6-v2 "HTTP/1.1 307 Temporary Redirect"]
[2026-03-25 16:17:40,114: INFO: _client: HTTP Request: GET https://huggingface.co/api/models/cross-encoder/ms-marco-MiniLM-L6-v2 "HTTP/1.1 200 OK"]
[2026-03-25 16:17:40,136: INFO: token: Entering access token validation method ]
[2026-03-25 16:17:40,212: INFO: guardrails_check: NeMo Guardrails loaded successfully.]
[2026-03-25 16:32:41,018: INFO: utils: NumExpr defaulting to 8 threads.]
[2026-03-25 16:32:50,135: INFO: common: yaml file: config\config.yaml loaded successfully]
[2026-03-25 16:32:51,032: INFO: _client: HTTP Request: GET http://10.192.5.51:8000/api/v2/auth/identity "HTTP/1.1 200 OK"]
[2026-03-25 16:32:51,126: INFO: _client: HTTP Request: GET http://10.192.5.51:8000/api/v2/tenants/default_tenant "HTTP/1.1 200 OK"]
[2026-03-25 16:32:51,139: INFO: _client: HTTP Request: GET http://10.192.5.51:8000/api/v2/tenants/default_tenant/databases/default_database "HTTP/1.1 200 OK"]
[2026-03-25 16:32:56,804: INFO: gcp: Attempt 1: GCP default credentials loaded and project 'macomai-441611' obtained.]
[2026-03-25 16:33:00,171: INFO: Login: Entering the login process function]
[2026-03-25 16:33:00,686: INFO: Login: Token and session updated for user: 101373]
[2026-03-25 16:33:10,520: INFO: chatprocess: Initializing vector store with collection]
[2026-03-25 16:33:10,633: INFO: _client: HTTP Request: POST http://10.192.5.51:8000/api/v2/tenants/default_tenant/databases/default_database/collections "HTTP/1.1 200 OK"]
[2026-03-25 16:33:10,649: INFO: _client: HTTP Request: GET http://10.192.5.51:8000/api/v2/tenants/default_tenant/databases/default_database/collections/91518b3b-a2d1-4c38-b8df-01b360936d38/count?read_level=index_and_wal "HTTP/1.1 200 OK"]
[2026-03-25 16:33:10,666: INFO: chatprocess: Connected to Chroma server - Collection 'langchain' has 3764 documents]
[2026-03-25 16:33:11,438: INFO: _client: HTTP Request: HEAD https://huggingface.co/cross-encoder/ms-marco-MiniLM-L-6-v2/resolve/main/config.json "HTTP/1.1 307 Temporary Redirect"]
[2026-03-25 16:33:11,743: INFO: _client: HTTP Request: HEAD https://huggingface.co/cross-encoder/ms-marco-MiniLM-L6-v2/resolve/main/config.json "HTTP/1.1 307 Temporary Redirect"]
[2026-03-25 16:33:11,821: INFO: _client: HTTP Request: HEAD https://huggingface.co/api/resolve-cache/models/cross-encoder/ms-marco-MiniLM-L6-v2/c5ee24cb16019beea0893ab7796b1df96625c6b8/config.json "HTTP/1.1 200 OK"]
[2026-03-25 16:33:13,166: INFO: _client: HTTP Request: HEAD https://huggingface.co/cross-encoder/ms-marco-MiniLM-L-6-v2/resolve/main/config.json "HTTP/1.1 307 Temporary Redirect"]
[2026-03-25 16:33:13,483: INFO: _client: HTTP Request: HEAD https://huggingface.co/cross-encoder/ms-marco-MiniLM-L6-v2/resolve/main/config.json "HTTP/1.1 307 Temporary Redirect"]
[2026-03-25 16:33:13,483: WARNING: _http: Warning: You are sending unauthenticated requests to the HF Hub. Please set a HF_TOKEN to enable higher rate limits and faster downloads.]
[2026-03-25 16:33:13,549: INFO: _client: HTTP Request: HEAD https://huggingface.co/api/resolve-cache/models/cross-encoder/ms-marco-MiniLM-L6-v2/c5ee24cb16019beea0893ab7796b1df96625c6b8/config.json "HTTP/1.1 200 OK"]
[2026-03-25 16:33:13,896: INFO: _client: HTTP Request: HEAD https://huggingface.co/cross-encoder/ms-marco-MiniLM-L-6-v2/resolve/main/tokenizer_config.json "HTTP/1.1 307 Temporary Redirect"]
[2026-03-25 16:33:14,197: INFO: _client: HTTP Request: HEAD https://huggingface.co/cross-encoder/ms-marco-MiniLM-L6-v2/resolve/main/tokenizer_config.json "HTTP/1.1 307 Temporary Redirect"]
[2026-03-25 16:33:14,272: INFO: _client: HTTP Request: HEAD https://huggingface.co/api/resolve-cache/models/cross-encoder/ms-marco-MiniLM-L6-v2/c5ee24cb16019beea0893ab7796b1df96625c6b8/tokenizer_config.json "HTTP/1.1 200 OK"]
[2026-03-25 16:33:14,634: INFO: _client: HTTP Request: GET https://huggingface.co/api/models/cross-encoder/ms-marco-MiniLM-L-6-v2/tree/main/additional_chat_templates?recursive=false&expand=false "HTTP/1.1 307 Temporary Redirect"]
[2026-03-25 16:33:14,920: INFO: _client: HTTP Request: GET https://huggingface.co/api/models/cross-encoder/ms-marco-MiniLM-L6-v2/tree/main/additional_chat_templates?recursive=false&expand=false "HTTP/1.1 404 Not Found"]
[2026-03-25 16:33:15,327: INFO: _client: HTTP Request: GET https://huggingface.co/api/models/cross-encoder/ms-marco-MiniLM-L-6-v2/tree/main?recursive=true&expand=false "HTTP/1.1 307 Temporary Redirect"]
[2026-03-25 16:33:15,635: INFO: _client: HTTP Request: GET https://huggingface.co/api/models/cross-encoder/ms-marco-MiniLM-L6-v2/tree/main?recursive=true&expand=false "HTTP/1.1 200 OK"]
[2026-03-25 16:33:16,144: INFO: _client: HTTP Request: HEAD https://huggingface.co/cross-encoder/ms-marco-MiniLM-L-6-v2/resolve/main/README.md "HTTP/1.1 307 Temporary Redirect"]
[2026-03-25 16:33:16,445: INFO: _client: HTTP Request: HEAD https://huggingface.co/cross-encoder/ms-marco-MiniLM-L6-v2/resolve/main/README.md "HTTP/1.1 307 Temporary Redirect"]
[2026-03-25 16:33:16,522: INFO: _client: HTTP Request: HEAD https://huggingface.co/api/resolve-cache/models/cross-encoder/ms-marco-MiniLM-L6-v2/c5ee24cb16019beea0893ab7796b1df96625c6b8/README.md "HTTP/1.1 200 OK"]
[2026-03-25 16:33:16,529: INFO: CrossEncoder: Use pytorch device: cpu]
[2026-03-25 16:33:16,864: INFO: _client: HTTP Request: GET https://huggingface.co/api/models/cross-encoder/ms-marco-MiniLM-L-6-v2 "HTTP/1.1 307 Temporary Redirect"]
[2026-03-25 16:33:17,170: INFO: _client: HTTP Request: GET https://huggingface.co/api/models/cross-encoder/ms-marco-MiniLM-L6-v2 "HTTP/1.1 200 OK"]
[2026-03-25 16:33:17,198: INFO: token: Entering access token validation method ]
[2026-03-25 16:33:17,266: INFO: guardrails_check: NeMo Guardrails loaded successfully.]
[2026-03-25 16:37:26,418: INFO: utils: NumExpr defaulting to 8 threads.]
[2026-03-25 16:37:35,130: INFO: common: yaml file: config\config.yaml loaded successfully]
[2026-03-25 16:37:35,848: INFO: _client: HTTP Request: GET http://10.192.5.51:8000/api/v2/auth/identity "HTTP/1.1 200 OK"]
[2026-03-25 16:37:35,935: INFO: _client: HTTP Request: GET http://10.192.5.51:8000/api/v2/tenants/default_tenant "HTTP/1.1 200 OK"]
[2026-03-25 16:37:35,956: INFO: _client: HTTP Request: GET http://10.192.5.51:8000/api/v2/tenants/default_tenant/databases/default_database "HTTP/1.1 200 OK"]
[2026-03-25 16:37:41,155: INFO: gcp: Attempt 1: GCP default credentials loaded and project 'macomai-441611' obtained.]
[2026-03-25 16:37:45,412: INFO: Login: Entering the login process function]
[2026-03-25 16:37:45,837: INFO: Login: Token and session updated for user: 101373]
[2026-03-25 16:37:51,008: INFO: chatprocess: Initializing vector store with collection]
[2026-03-25 16:37:51,122: INFO: _client: HTTP Request: POST http://10.192.5.51:8000/api/v2/tenants/default_tenant/databases/default_database/collections "HTTP/1.1 200 OK"]
[2026-03-25 16:37:51,156: INFO: _client: HTTP Request: GET http://10.192.5.51:8000/api/v2/tenants/default_tenant/databases/default_database/collections/91518b3b-a2d1-4c38-b8df-01b360936d38/count?read_level=index_and_wal "HTTP/1.1 200 OK"]
[2026-03-25 16:37:51,156: INFO: chatprocess: Connected to Chroma server - Collection 'langchain' has 3764 documents]
[2026-03-25 16:37:51,799: INFO: _client: HTTP Request: HEAD https://huggingface.co/cross-encoder/ms-marco-MiniLM-L-6-v2/resolve/main/config.json "HTTP/1.1 307 Temporary Redirect"]
[2026-03-25 16:37:52,205: INFO: _client: HTTP Request: HEAD https://huggingface.co/cross-encoder/ms-marco-MiniLM-L6-v2/resolve/main/config.json "HTTP/1.1 307 Temporary Redirect"]
[2026-03-25 16:37:52,205: WARNING: _http: Warning: You are sending unauthenticated requests to the HF Hub. Please set a HF_TOKEN to enable higher rate limits and faster downloads.]
[2026-03-25 16:37:52,275: INFO: _client: HTTP Request: HEAD https://huggingface.co/api/resolve-cache/models/cross-encoder/ms-marco-MiniLM-L6-v2/c5ee24cb16019beea0893ab7796b1df96625c6b8/config.json "HTTP/1.1 200 OK"]
[2026-03-25 16:37:53,332: INFO: _client: HTTP Request: HEAD https://huggingface.co/cross-encoder/ms-marco-MiniLM-L-6-v2/resolve/main/config.json "HTTP/1.1 307 Temporary Redirect"]
[2026-03-25 16:37:53,639: INFO: _client: HTTP Request: HEAD https://huggingface.co/cross-encoder/ms-marco-MiniLM-L6-v2/resolve/main/config.json "HTTP/1.1 307 Temporary Redirect"]
[2026-03-25 16:37:53,714: INFO: _client: HTTP Request: HEAD https://huggingface.co/api/resolve-cache/models/cross-encoder/ms-marco-MiniLM-L6-v2/c5ee24cb16019beea0893ab7796b1df96625c6b8/config.json "HTTP/1.1 200 OK"]
[2026-03-25 16:37:54,055: INFO: _client: HTTP Request: HEAD https://huggingface.co/cross-encoder/ms-marco-MiniLM-L-6-v2/resolve/main/tokenizer_config.json "HTTP/1.1 307 Temporary Redirect"]
[2026-03-25 16:37:54,456: INFO: _client: HTTP Request: HEAD https://huggingface.co/cross-encoder/ms-marco-MiniLM-L6-v2/resolve/main/tokenizer_config.json "HTTP/1.1 307 Temporary Redirect"]
[2026-03-25 16:37:54,538: INFO: _client: HTTP Request: HEAD https://huggingface.co/api/resolve-cache/models/cross-encoder/ms-marco-MiniLM-L6-v2/c5ee24cb16019beea0893ab7796b1df96625c6b8/tokenizer_config.json "HTTP/1.1 200 OK"]
[2026-03-25 16:37:54,976: INFO: _client: HTTP Request: GET https://huggingface.co/api/models/cross-encoder/ms-marco-MiniLM-L-6-v2/tree/main/additional_chat_templates?recursive=false&expand=false "HTTP/1.1 307 Temporary Redirect"]
[2026-03-25 16:37:55,288: INFO: _client: HTTP Request: GET https://huggingface.co/api/models/cross-encoder/ms-marco-MiniLM-L6-v2/tree/main/additional_chat_templates?recursive=false&expand=false "HTTP/1.1 404 Not Found"]
[2026-03-25 16:37:55,702: INFO: _client: HTTP Request: GET https://huggingface.co/api/models/cross-encoder/ms-marco-MiniLM-L-6-v2/tree/main?recursive=true&expand=false "HTTP/1.1 307 Temporary Redirect"]
[2026-03-25 16:37:56,098: INFO: _client: HTTP Request: GET https://huggingface.co/api/models/cross-encoder/ms-marco-MiniLM-L6-v2/tree/main?recursive=true&expand=false "HTTP/1.1 200 OK"]
[2026-03-25 16:37:56,488: INFO: _client: HTTP Request: HEAD https://huggingface.co/cross-encoder/ms-marco-MiniLM-L-6-v2/resolve/main/README.md "HTTP/1.1 307 Temporary Redirect"]
[2026-03-25 16:37:56,809: INFO: _client: HTTP Request: HEAD https://huggingface.co/cross-encoder/ms-marco-MiniLM-L6-v2/resolve/main/README.md "HTTP/1.1 307 Temporary Redirect"]
[2026-03-25 16:37:56,888: INFO: _client: HTTP Request: HEAD https://huggingface.co/api/resolve-cache/models/cross-encoder/ms-marco-MiniLM-L6-v2/c5ee24cb16019beea0893ab7796b1df96625c6b8/README.md "HTTP/1.1 200 OK"]
[2026-03-25 16:37:56,894: INFO: CrossEncoder: Use pytorch device: cpu]
[2026-03-25 16:37:57,228: INFO: _client: HTTP Request: GET https://huggingface.co/api/models/cross-encoder/ms-marco-MiniLM-L-6-v2 "HTTP/1.1 307 Temporary Redirect"]
[2026-03-25 16:37:57,516: INFO: _client: HTTP Request: GET https://huggingface.co/api/models/cross-encoder/ms-marco-MiniLM-L6-v2 "HTTP/1.1 200 OK"]
[2026-03-25 16:37:57,530: INFO: token: Entering access token validation method ]
[2026-03-25 16:37:57,606: INFO: guardrails_check: NeMo Guardrails loaded successfully.]
[2026-03-25 16:50:58,180: INFO: utils: NumExpr defaulting to 8 threads.]
[2026-03-25 16:51:08,691: INFO: common: yaml file: config\config.yaml loaded successfully]
[2026-03-25 16:51:09,424: INFO: _client: HTTP Request: GET http://10.192.5.51:8000/api/v2/auth/identity "HTTP/1.1 200 OK"]
[2026-03-25 16:51:09,502: INFO: _client: HTTP Request: GET http://10.192.5.51:8000/api/v2/tenants/default_tenant "HTTP/1.1 200 OK"]
[2026-03-25 16:51:09,525: INFO: _client: HTTP Request: GET http://10.192.5.51:8000/api/v2/tenants/default_tenant/databases/default_database "HTTP/1.1 200 OK"]
[2026-03-25 16:51:14,926: INFO: gcp: Attempt 1: GCP default credentials loaded and project 'macomai-441611' obtained.]
[2026-03-25 16:51:18,402: INFO: Login: Entering the login process function]
[2026-03-25 16:51:18,927: INFO: Login: Token and session updated for user: 101373]
[2026-03-25 16:51:25,541: INFO: chatprocess: Initializing vector store with collection]
[2026-03-25 16:51:25,643: INFO: _client: HTTP Request: POST http://10.192.5.51:8000/api/v2/tenants/default_tenant/databases/default_database/collections "HTTP/1.1 200 OK"]
[2026-03-25 16:51:25,677: INFO: _client: HTTP Request: GET http://10.192.5.51:8000/api/v2/tenants/default_tenant/databases/default_database/collections/91518b3b-a2d1-4c38-b8df-01b360936d38/count?read_level=index_and_wal "HTTP/1.1 200 OK"]
[2026-03-25 16:51:25,688: INFO: chatprocess: Connected to Chroma server - Collection 'langchain' has 3764 documents]
[2026-03-25 16:51:26,277: INFO: _client: HTTP Request: HEAD https://huggingface.co/cross-encoder/ms-marco-MiniLM-L-6-v2/resolve/main/config.json "HTTP/1.1 307 Temporary Redirect"]
[2026-03-25 16:51:26,576: INFO: _client: HTTP Request: HEAD https://huggingface.co/cross-encoder/ms-marco-MiniLM-L6-v2/resolve/main/config.json "HTTP/1.1 307 Temporary Redirect"]
[2026-03-25 16:51:26,593: WARNING: _http: Warning: You are sending unauthenticated requests to the HF Hub. Please set a HF_TOKEN to enable higher rate limits and faster downloads.]
[2026-03-25 16:51:26,674: INFO: _client: HTTP Request: HEAD https://huggingface.co/api/resolve-cache/models/cross-encoder/ms-marco-MiniLM-L6-v2/c5ee24cb16019beea0893ab7796b1df96625c6b8/config.json "HTTP/1.1 200 OK"]
[2026-03-25 16:51:27,992: INFO: _client: HTTP Request: HEAD https://huggingface.co/cross-encoder/ms-marco-MiniLM-L-6-v2/resolve/main/config.json "HTTP/1.1 307 Temporary Redirect"]
[2026-03-25 16:51:28,324: INFO: _client: HTTP Request: HEAD https://huggingface.co/cross-encoder/ms-marco-MiniLM-L6-v2/resolve/main/config.json "HTTP/1.1 307 Temporary Redirect"]
[2026-03-25 16:51:28,395: INFO: _client: HTTP Request: HEAD https://huggingface.co/api/resolve-cache/models/cross-encoder/ms-marco-MiniLM-L6-v2/c5ee24cb16019beea0893ab7796b1df96625c6b8/config.json "HTTP/1.1 200 OK"]
[2026-03-25 16:51:28,741: INFO: _client: HTTP Request: HEAD https://huggingface.co/cross-encoder/ms-marco-MiniLM-L-6-v2/resolve/main/tokenizer_config.json "HTTP/1.1 307 Temporary Redirect"]
[2026-03-25 16:51:29,041: INFO: _client: HTTP Request: HEAD https://huggingface.co/cross-encoder/ms-marco-MiniLM-L6-v2/resolve/main/tokenizer_config.json "HTTP/1.1 307 Temporary Redirect"]
[2026-03-25 16:51:29,120: INFO: _client: HTTP Request: HEAD https://huggingface.co/api/resolve-cache/models/cross-encoder/ms-marco-MiniLM-L6-v2/c5ee24cb16019beea0893ab7796b1df96625c6b8/tokenizer_config.json "HTTP/1.1 200 OK"]
[2026-03-25 16:51:29,558: INFO: _client: HTTP Request: GET https://huggingface.co/api/models/cross-encoder/ms-marco-MiniLM-L-6-v2/tree/main/additional_chat_templates?recursive=false&expand=false "HTTP/1.1 307 Temporary Redirect"]
[2026-03-25 16:51:29,849: INFO: _client: HTTP Request: GET https://huggingface.co/api/models/cross-encoder/ms-marco-MiniLM-L6-v2/tree/main/additional_chat_templates?recursive=false&expand=false "HTTP/1.1 404 Not Found"]
[2026-03-25 16:51:30,140: INFO: _client: HTTP Request: GET https://huggingface.co/api/models/cross-encoder/ms-marco-MiniLM-L-6-v2/tree/main?recursive=true&expand=false "HTTP/1.1 307 Temporary Redirect"]
[2026-03-25 16:51:30,474: INFO: _client: HTTP Request: GET https://huggingface.co/api/models/cross-encoder/ms-marco-MiniLM-L6-v2/tree/main?recursive=true&expand=false "HTTP/1.1 200 OK"]
[2026-03-25 16:51:30,995: INFO: _client: HTTP Request: HEAD https://huggingface.co/cross-encoder/ms-marco-MiniLM-L-6-v2/resolve/main/README.md "HTTP/1.1 307 Temporary Redirect"]
[2026-03-25 16:51:31,311: INFO: _client: HTTP Request: HEAD https://huggingface.co/cross-encoder/ms-marco-MiniLM-L6-v2/resolve/main/README.md "HTTP/1.1 307 Temporary Redirect"]
[2026-03-25 16:51:31,382: INFO: _client: HTTP Request: HEAD https://huggingface.co/api/resolve-cache/models/cross-encoder/ms-marco-MiniLM-L6-v2/c5ee24cb16019beea0893ab7796b1df96625c6b8/README.md "HTTP/1.1 200 OK"]
[2026-03-25 16:51:31,390: INFO: CrossEncoder: Use pytorch device: cpu]
[2026-03-25 16:51:31,712: INFO: _client: HTTP Request: GET https://huggingface.co/api/models/cross-encoder/ms-marco-MiniLM-L-6-v2 "HTTP/1.1 307 Temporary Redirect"]
[2026-03-25 16:51:32,120: INFO: _client: HTTP Request: GET https://huggingface.co/api/models/cross-encoder/ms-marco-MiniLM-L6-v2 "HTTP/1.1 200 OK"]
[2026-03-25 16:51:32,133: INFO: token: Entering access token validation method ]
[2026-03-25 16:51:32,219: INFO: guardrails_check: NeMo Guardrails loaded successfully.]
[2026-03-25 16:51:35,237: ERROR: guardrails_check: Guardrails check failed: Failed to initialize model 'gemma3:latest' with provider 'openai' in 'chat' mode: Initializing ChatOpenAI requires the langchain-openai package. Please install it with `pip install langchain-openai`]
Traceback (most recent call last):
  File "c:\Users\101373\AppData\Local\anaconda3\envs\nemo_env\Lib\site-packages\langchain\chat_models\base.py", line 118, in _import_module
    return importlib.import_module(module)
           ^^^^^^^^^^^^^^^^^^^^^^^^^^^^^^^
  File "c:\Users\101373\AppData\Local\anaconda3\envs\nemo_env\Lib\importlib\__init__.py", line 126, in import_module
    return _bootstrap._gcd_import(name[level:], package, level)
           ^^^^^^^^^^^^^^^^^^^^^^^^^^^^^^^^^^^^^^^^^^^^^^^^^^^^
  File "<frozen importlib._bootstrap>", line 1204, in _gcd_import
  File "<frozen importlib._bootstrap>", line 1176, in _find_and_load
  File "<frozen importlib._bootstrap>", line 1140, in _find_and_load_unlocked
ModuleNotFoundError: No module named 'langchain_openai'

The above exception was the direct cause of the following exception:

Traceback (most recent call last):
  File "c:\Users\101373\AppData\Local\anaconda3\envs\nemo_env\Lib\site-packages\nemoguardrails\llm\models\langchain_initializer.py", line 157, in init_langchain_model
    result = try_initialization_method(
             ^^^^^^^^^^^^^^^^^^^^^^^^^^
  File "c:\Users\101373\AppData\Local\anaconda3\envs\nemo_env\Lib\site-packages\nemoguardrails\llm\models\langchain_initializer.py", line 104, in try_initialization_method
    result = initializer.execute(
             ^^^^^^^^^^^^^^^^^^^^
  File "c:\Users\101373\AppData\Local\anaconda3\envs\nemo_env\Lib\site-packages\nemoguardrails\llm\models\langchain_initializer.py", line 72, in execute
    return self.init_method(model_name, provider_name, kwargs)
           ^^^^^^^^^^^^^^^^^^^^^^^^^^^^^^^^^^^^^^^^^^^^^^^^^^^
  File "c:\Users\101373\AppData\Local\anaconda3\envs\nemo_env\Lib\site-packages\nemoguardrails\llm\models\langchain_initializer.py", line 219, in _init_chat_completion_model
    return init_chat_model(
           ^^^^^^^^^^^^^^^^
  File "c:\Users\101373\AppData\Local\anaconda3\envs\nemo_env\Lib\site-packages\langchain\chat_models\base.py", line 477, in init_chat_model
    return _init_chat_model_helper(
           ^^^^^^^^^^^^^^^^^^^^^^^^
  File "c:\Users\101373\AppData\Local\anaconda3\envs\nemo_env\Lib\site-packages\langchain\chat_models\base.py", line 500, in _init_chat_model_helper
    creator_func = _get_chat_model_creator(model_provider)
                   ^^^^^^^^^^^^^^^^^^^^^^^^^^^^^^^^^^^^^^^
  File "c:\Users\101373\AppData\Local\anaconda3\envs\nemo_env\Lib\site-packages\langchain\chat_models\base.py", line 158, in _get_chat_model_creator
    module = _import_module(pkg, class_name)
             ^^^^^^^^^^^^^^^^^^^^^^^^^^^^^^^
  File "c:\Users\101373\AppData\Local\anaconda3\envs\nemo_env\Lib\site-packages\langchain\chat_models\base.py", line 127, in _import_module
    raise ImportError(msg) from e
ImportError: Initializing ChatOpenAI requires the langchain-openai package. Please install it with `pip install langchain-openai`

The above exception was the direct cause of the following exception:

Traceback (most recent call last):
  File "d:\guardrail_implementation_test\guardrails_check.py", line 59, in check_guardrails
    rails = get_rails()
            ^^^^^^^^^^^
  File "d:\guardrail_implementation_test\guardrails_check.py", line 46, in get_rails
    rails = LLMRails(config, verbose=True)
            ^^^^^^^^^^^^^^^^^^^^^^^^^^^^^^
  File "c:\Users\101373\AppData\Local\anaconda3\envs\nemo_env\Lib\site-packages\nemoguardrails\rails\llm\llmrails.py", line 274, in __init__
    self._init_llms()
  File "c:\Users\101373\AppData\Local\anaconda3\envs\nemo_env\Lib\site-packages\nemoguardrails\rails\llm\llmrails.py", line 417, in _init_llms
    self.llm = init_llm_model(
               ^^^^^^^^^^^^^^^
  File "c:\Users\101373\AppData\Local\anaconda3\envs\nemo_env\Lib\site-packages\nemoguardrails\llm\models\initializer.py", line 53, in init_llm_model
    return init_langchain_model(
           ^^^^^^^^^^^^^^^^^^^^^
  File "c:\Users\101373\AppData\Local\anaconda3\envs\nemo_env\Lib\site-packages\nemoguardrails\llm\models\langchain_initializer.py", line 182, in init_langchain_model
    raise ModelInitializationError(base) from first_import_error
nemoguardrails.llm.models.langchain_initializer.ModelInitializationError: Failed to initialize model 'gemma3:latest' with provider 'openai' in 'chat' mode: Initializing ChatOpenAI requires the langchain-openai package. Please install it with `pip install langchain-openai`
[2026-03-25 16:53:19,896: INFO: utils: NumExpr defaulting to 8 threads.]
[2026-03-25 16:53:29,536: INFO: common: yaml file: config\config.yaml loaded successfully]
[2026-03-25 16:53:30,252: INFO: _client: HTTP Request: GET http://10.192.5.51:8000/api/v2/auth/identity "HTTP/1.1 200 OK"]
[2026-03-25 16:53:30,333: INFO: _client: HTTP Request: GET http://10.192.5.51:8000/api/v2/tenants/default_tenant "HTTP/1.1 200 OK"]
[2026-03-25 16:53:30,349: INFO: _client: HTTP Request: GET http://10.192.5.51:8000/api/v2/tenants/default_tenant/databases/default_database "HTTP/1.1 200 OK"]
[2026-03-25 16:53:36,230: INFO: gcp: Attempt 1: GCP default credentials loaded and project 'macomai-441611' obtained.]
[2026-03-25 16:53:39,657: INFO: Login: Entering the login process function]
[2026-03-25 16:53:40,126: INFO: Login: Token and session updated for user: 101373]
[2026-03-25 16:53:49,769: INFO: chatprocess: Initializing vector store with collection]
[2026-03-25 16:53:49,832: INFO: _client: HTTP Request: POST http://10.192.5.51:8000/api/v2/tenants/default_tenant/databases/default_database/collections "HTTP/1.1 200 OK"]
[2026-03-25 16:53:49,868: INFO: _client: HTTP Request: GET http://10.192.5.51:8000/api/v2/tenants/default_tenant/databases/default_database/collections/91518b3b-a2d1-4c38-b8df-01b360936d38/count?read_level=index_and_wal "HTTP/1.1 200 OK"]
[2026-03-25 16:53:49,872: INFO: chatprocess: Connected to Chroma server - Collection 'langchain' has 3764 documents]
[2026-03-25 16:53:50,405: INFO: _client: HTTP Request: HEAD https://huggingface.co/cross-encoder/ms-marco-MiniLM-L-6-v2/resolve/main/config.json "HTTP/1.1 307 Temporary Redirect"]
[2026-03-25 16:53:50,703: INFO: _client: HTTP Request: HEAD https://huggingface.co/cross-encoder/ms-marco-MiniLM-L6-v2/resolve/main/config.json "HTTP/1.1 307 Temporary Redirect"]
[2026-03-25 16:53:50,774: INFO: _client: HTTP Request: HEAD https://huggingface.co/api/resolve-cache/models/cross-encoder/ms-marco-MiniLM-L6-v2/c5ee24cb16019beea0893ab7796b1df96625c6b8/config.json "HTTP/1.1 200 OK"]
[2026-03-25 16:53:52,101: INFO: _client: HTTP Request: HEAD https://huggingface.co/cross-encoder/ms-marco-MiniLM-L-6-v2/resolve/main/config.json "HTTP/1.1 307 Temporary Redirect"]
[2026-03-25 16:53:52,404: INFO: _client: HTTP Request: HEAD https://huggingface.co/cross-encoder/ms-marco-MiniLM-L6-v2/resolve/main/config.json "HTTP/1.1 307 Temporary Redirect"]
[2026-03-25 16:53:52,416: WARNING: _http: Warning: You are sending unauthenticated requests to the HF Hub. Please set a HF_TOKEN to enable higher rate limits and faster downloads.]
[2026-03-25 16:53:52,489: INFO: _client: HTTP Request: HEAD https://huggingface.co/api/resolve-cache/models/cross-encoder/ms-marco-MiniLM-L6-v2/c5ee24cb16019beea0893ab7796b1df96625c6b8/config.json "HTTP/1.1 200 OK"]
[2026-03-25 16:53:52,787: INFO: _client: HTTP Request: HEAD https://huggingface.co/cross-encoder/ms-marco-MiniLM-L-6-v2/resolve/main/tokenizer_config.json "HTTP/1.1 307 Temporary Redirect"]
[2026-03-25 16:53:53,127: INFO: _client: HTTP Request: HEAD https://huggingface.co/cross-encoder/ms-marco-MiniLM-L6-v2/resolve/main/tokenizer_config.json "HTTP/1.1 307 Temporary Redirect"]
[2026-03-25 16:53:53,198: INFO: _client: HTTP Request: HEAD https://huggingface.co/api/resolve-cache/models/cross-encoder/ms-marco-MiniLM-L6-v2/c5ee24cb16019beea0893ab7796b1df96625c6b8/tokenizer_config.json "HTTP/1.1 200 OK"]
[2026-03-25 16:53:53,537: INFO: _client: HTTP Request: GET https://huggingface.co/api/models/cross-encoder/ms-marco-MiniLM-L-6-v2/tree/main/additional_chat_templates?recursive=false&expand=false "HTTP/1.1 307 Temporary Redirect"]
[2026-03-25 16:53:53,838: INFO: _client: HTTP Request: GET https://huggingface.co/api/models/cross-encoder/ms-marco-MiniLM-L6-v2/tree/main/additional_chat_templates?recursive=false&expand=false "HTTP/1.1 404 Not Found"]
[2026-03-25 16:53:54,151: INFO: _client: HTTP Request: GET https://huggingface.co/api/models/cross-encoder/ms-marco-MiniLM-L-6-v2/tree/main?recursive=true&expand=false "HTTP/1.1 307 Temporary Redirect"]
[2026-03-25 16:53:54,452: INFO: _client: HTTP Request: GET https://huggingface.co/api/models/cross-encoder/ms-marco-MiniLM-L6-v2/tree/main?recursive=true&expand=false "HTTP/1.1 200 OK"]
[2026-03-25 16:53:55,072: INFO: _client: HTTP Request: HEAD https://huggingface.co/cross-encoder/ms-marco-MiniLM-L-6-v2/resolve/main/README.md "HTTP/1.1 307 Temporary Redirect"]
[2026-03-25 16:53:55,379: INFO: _client: HTTP Request: HEAD https://huggingface.co/cross-encoder/ms-marco-MiniLM-L6-v2/resolve/main/README.md "HTTP/1.1 307 Temporary Redirect"]
[2026-03-25 16:53:55,451: INFO: _client: HTTP Request: HEAD https://huggingface.co/api/resolve-cache/models/cross-encoder/ms-marco-MiniLM-L6-v2/c5ee24cb16019beea0893ab7796b1df96625c6b8/README.md "HTTP/1.1 200 OK"]
[2026-03-25 16:53:55,457: INFO: CrossEncoder: Use pytorch device: cpu]
[2026-03-25 16:53:55,786: INFO: _client: HTTP Request: GET https://huggingface.co/api/models/cross-encoder/ms-marco-MiniLM-L-6-v2 "HTTP/1.1 307 Temporary Redirect"]
[2026-03-25 16:53:56,082: INFO: _client: HTTP Request: GET https://huggingface.co/api/models/cross-encoder/ms-marco-MiniLM-L6-v2 "HTTP/1.1 200 OK"]
[2026-03-25 16:53:56,096: INFO: token: Entering access token validation method ]
[2026-03-25 16:53:56,191: INFO: guardrails_check: NeMo Guardrails loaded successfully.]
[2026-03-25 17:02:02,220: INFO: utils: NumExpr defaulting to 8 threads.]
[2026-03-25 17:02:20,592: INFO: common: yaml file: config\config.yaml loaded successfully]
[2026-03-25 17:02:21,061: INFO: _client: HTTP Request: GET http://10.192.5.51:8000/api/v2/auth/identity "HTTP/1.1 200 OK"]
[2026-03-25 17:02:21,104: INFO: _client: HTTP Request: GET http://10.192.5.51:8000/api/v2/tenants/default_tenant "HTTP/1.1 200 OK"]
[2026-03-25 17:02:21,120: INFO: _client: HTTP Request: GET http://10.192.5.51:8000/api/v2/tenants/default_tenant/databases/default_database "HTTP/1.1 200 OK"]
[2026-03-25 17:02:25,616: INFO: gcp: Attempt 1: GCP default credentials loaded and project 'macomai-441611' obtained.]
[2026-03-25 17:02:28,515: INFO: Login: Entering the login process function]
[2026-03-25 17:02:28,916: INFO: Login: Token and session updated for user: 101373]
[2026-03-25 17:02:48,618: INFO: chatprocess: Initializing vector store with collection]
[2026-03-25 17:02:48,685: INFO: _client: HTTP Request: POST http://10.192.5.51:8000/api/v2/tenants/default_tenant/databases/default_database/collections "HTTP/1.1 200 OK"]
[2026-03-25 17:02:48,702: INFO: _client: HTTP Request: GET http://10.192.5.51:8000/api/v2/tenants/default_tenant/databases/default_database/collections/91518b3b-a2d1-4c38-b8df-01b360936d38/count?read_level=index_and_wal "HTTP/1.1 200 OK"]
[2026-03-25 17:02:48,702: INFO: chatprocess: Connected to Chroma server - Collection 'langchain' has 3764 documents]
[2026-03-25 17:02:49,230: INFO: _client: HTTP Request: HEAD https://huggingface.co/cross-encoder/ms-marco-MiniLM-L-6-v2/resolve/main/config.json "HTTP/1.1 307 Temporary Redirect"]
[2026-03-25 17:02:49,517: INFO: _client: HTTP Request: HEAD https://huggingface.co/cross-encoder/ms-marco-MiniLM-L6-v2/resolve/main/config.json "HTTP/1.1 307 Temporary Redirect"]
[2026-03-25 17:02:49,585: INFO: _client: HTTP Request: HEAD https://huggingface.co/api/resolve-cache/models/cross-encoder/ms-marco-MiniLM-L6-v2/c5ee24cb16019beea0893ab7796b1df96625c6b8/config.json "HTTP/1.1 200 OK"]
[2026-03-25 17:02:50,580: INFO: _client: HTTP Request: HEAD https://huggingface.co/cross-encoder/ms-marco-MiniLM-L-6-v2/resolve/main/config.json "HTTP/1.1 307 Temporary Redirect"]
[2026-03-25 17:02:50,862: INFO: _client: HTTP Request: HEAD https://huggingface.co/cross-encoder/ms-marco-MiniLM-L6-v2/resolve/main/config.json "HTTP/1.1 307 Temporary Redirect"]
[2026-03-25 17:02:50,866: WARNING: _http: Warning: You are sending unauthenticated requests to the HF Hub. Please set a HF_TOKEN to enable higher rate limits and faster downloads.]
[2026-03-25 17:02:50,942: INFO: _client: HTTP Request: HEAD https://huggingface.co/api/resolve-cache/models/cross-encoder/ms-marco-MiniLM-L6-v2/c5ee24cb16019beea0893ab7796b1df96625c6b8/config.json "HTTP/1.1 200 OK"]
[2026-03-25 17:02:51,231: INFO: _client: HTTP Request: HEAD https://huggingface.co/cross-encoder/ms-marco-MiniLM-L-6-v2/resolve/main/tokenizer_config.json "HTTP/1.1 307 Temporary Redirect"]
[2026-03-25 17:02:51,534: INFO: _client: HTTP Request: HEAD https://huggingface.co/cross-encoder/ms-marco-MiniLM-L6-v2/resolve/main/tokenizer_config.json "HTTP/1.1 307 Temporary Redirect"]
[2026-03-25 17:02:51,606: INFO: _client: HTTP Request: HEAD https://huggingface.co/api/resolve-cache/models/cross-encoder/ms-marco-MiniLM-L6-v2/c5ee24cb16019beea0893ab7796b1df96625c6b8/tokenizer_config.json "HTTP/1.1 200 OK"]
[2026-03-25 17:02:51,956: INFO: _client: HTTP Request: GET https://huggingface.co/api/models/cross-encoder/ms-marco-MiniLM-L-6-v2/tree/main/additional_chat_templates?recursive=false&expand=false "HTTP/1.1 307 Temporary Redirect"]
[2026-03-25 17:02:52,232: INFO: _client: HTTP Request: GET https://huggingface.co/api/models/cross-encoder/ms-marco-MiniLM-L6-v2/tree/main/additional_chat_templates?recursive=false&expand=false "HTTP/1.1 404 Not Found"]
[2026-03-25 17:02:52,516: INFO: _client: HTTP Request: GET https://huggingface.co/api/models/cross-encoder/ms-marco-MiniLM-L-6-v2/tree/main?recursive=true&expand=false "HTTP/1.1 307 Temporary Redirect"]
[2026-03-25 17:02:52,809: INFO: _client: HTTP Request: GET https://huggingface.co/api/models/cross-encoder/ms-marco-MiniLM-L6-v2/tree/main?recursive=true&expand=false "HTTP/1.1 200 OK"]
[2026-03-25 17:02:53,285: INFO: _client: HTTP Request: HEAD https://huggingface.co/cross-encoder/ms-marco-MiniLM-L-6-v2/resolve/main/README.md "HTTP/1.1 307 Temporary Redirect"]
[2026-03-25 17:02:53,555: INFO: _client: HTTP Request: HEAD https://huggingface.co/cross-encoder/ms-marco-MiniLM-L6-v2/resolve/main/README.md "HTTP/1.1 307 Temporary Redirect"]
[2026-03-25 17:02:53,632: INFO: _client: HTTP Request: HEAD https://huggingface.co/api/resolve-cache/models/cross-encoder/ms-marco-MiniLM-L6-v2/c5ee24cb16019beea0893ab7796b1df96625c6b8/README.md "HTTP/1.1 200 OK"]
[2026-03-25 17:02:53,638: INFO: CrossEncoder: Use pytorch device: cpu]
[2026-03-25 17:02:53,940: INFO: _client: HTTP Request: GET https://huggingface.co/api/models/cross-encoder/ms-marco-MiniLM-L-6-v2 "HTTP/1.1 307 Temporary Redirect"]
[2026-03-25 17:02:54,225: INFO: _client: HTTP Request: GET https://huggingface.co/api/models/cross-encoder/ms-marco-MiniLM-L6-v2 "HTTP/1.1 200 OK"]
[2026-03-25 17:02:54,239: INFO: token: Entering access token validation method ]
[2026-03-25 17:02:54,287: INFO: guardrails_check: NeMo Guardrails loaded successfully.]
[2026-03-25 17:08:26,522: INFO: utils: NumExpr defaulting to 8 threads.]
[2026-03-25 17:08:33,777: INFO: common: yaml file: config\config.yaml loaded successfully]
[2026-03-25 17:08:34,200: INFO: _client: HTTP Request: GET http://10.192.5.51:8000/api/v2/auth/identity "HTTP/1.1 200 OK"]
[2026-03-25 17:08:34,276: INFO: _client: HTTP Request: GET http://10.192.5.51:8000/api/v2/tenants/default_tenant "HTTP/1.1 200 OK"]
[2026-03-25 17:08:34,286: INFO: _client: HTTP Request: GET http://10.192.5.51:8000/api/v2/tenants/default_tenant/databases/default_database "HTTP/1.1 200 OK"]
[2026-03-25 17:08:38,571: INFO: gcp: Attempt 1: GCP default credentials loaded and project 'macomai-441611' obtained.]
[2026-03-25 17:08:40,872: INFO: Login: Entering the login process function]
[2026-03-25 17:08:41,270: INFO: Login: Token and session updated for user: 101373]
[2026-03-25 17:08:45,968: INFO: chatprocess: Initializing vector store with collection]
[2026-03-25 17:08:46,070: INFO: _client: HTTP Request: POST http://10.192.5.51:8000/api/v2/tenants/default_tenant/databases/default_database/collections "HTTP/1.1 200 OK"]
[2026-03-25 17:08:46,106: INFO: _client: HTTP Request: GET http://10.192.5.51:8000/api/v2/tenants/default_tenant/databases/default_database/collections/91518b3b-a2d1-4c38-b8df-01b360936d38/count?read_level=index_and_wal "HTTP/1.1 200 OK"]
[2026-03-25 17:08:46,106: INFO: chatprocess: Connected to Chroma server - Collection 'langchain' has 3764 documents]
[2026-03-25 17:08:46,719: INFO: _client: HTTP Request: HEAD https://huggingface.co/cross-encoder/ms-marco-MiniLM-L-6-v2/resolve/main/config.json "HTTP/1.1 307 Temporary Redirect"]
[2026-03-25 17:08:47,095: INFO: _client: HTTP Request: HEAD https://huggingface.co/cross-encoder/ms-marco-MiniLM-L6-v2/resolve/main/config.json "HTTP/1.1 307 Temporary Redirect"]
[2026-03-25 17:08:47,102: WARNING: _http: Warning: You are sending unauthenticated requests to the HF Hub. Please set a HF_TOKEN to enable higher rate limits and faster downloads.]
[2026-03-25 17:08:47,169: INFO: _client: HTTP Request: HEAD https://huggingface.co/api/resolve-cache/models/cross-encoder/ms-marco-MiniLM-L6-v2/c5ee24cb16019beea0893ab7796b1df96625c6b8/config.json "HTTP/1.1 200 OK"]
[2026-03-25 17:08:47,715: INFO: _client: HTTP Request: HEAD https://huggingface.co/cross-encoder/ms-marco-MiniLM-L-6-v2/resolve/main/config.json "HTTP/1.1 307 Temporary Redirect"]
[2026-03-25 17:08:48,007: INFO: _client: HTTP Request: HEAD https://huggingface.co/cross-encoder/ms-marco-MiniLM-L6-v2/resolve/main/config.json "HTTP/1.1 307 Temporary Redirect"]
[2026-03-25 17:08:48,076: INFO: _client: HTTP Request: HEAD https://huggingface.co/api/resolve-cache/models/cross-encoder/ms-marco-MiniLM-L6-v2/c5ee24cb16019beea0893ab7796b1df96625c6b8/config.json "HTTP/1.1 200 OK"]
[2026-03-25 17:08:48,379: INFO: _client: HTTP Request: HEAD https://huggingface.co/cross-encoder/ms-marco-MiniLM-L-6-v2/resolve/main/tokenizer_config.json "HTTP/1.1 307 Temporary Redirect"]
[2026-03-25 17:08:48,660: INFO: _client: HTTP Request: HEAD https://huggingface.co/cross-encoder/ms-marco-MiniLM-L6-v2/resolve/main/tokenizer_config.json "HTTP/1.1 307 Temporary Redirect"]
[2026-03-25 17:08:48,740: INFO: _client: HTTP Request: HEAD https://huggingface.co/api/resolve-cache/models/cross-encoder/ms-marco-MiniLM-L6-v2/c5ee24cb16019beea0893ab7796b1df96625c6b8/tokenizer_config.json "HTTP/1.1 200 OK"]
[2026-03-25 17:08:49,034: INFO: _client: HTTP Request: GET https://huggingface.co/api/models/cross-encoder/ms-marco-MiniLM-L-6-v2/tree/main/additional_chat_templates?recursive=false&expand=false "HTTP/1.1 307 Temporary Redirect"]
[2026-03-25 17:08:49,328: INFO: _client: HTTP Request: GET https://huggingface.co/api/models/cross-encoder/ms-marco-MiniLM-L6-v2/tree/main/additional_chat_templates?recursive=false&expand=false "HTTP/1.1 404 Not Found"]
[2026-03-25 17:08:49,618: INFO: _client: HTTP Request: GET https://huggingface.co/api/models/cross-encoder/ms-marco-MiniLM-L-6-v2/tree/main?recursive=true&expand=false "HTTP/1.1 307 Temporary Redirect"]
[2026-03-25 17:08:49,911: INFO: _client: HTTP Request: GET https://huggingface.co/api/models/cross-encoder/ms-marco-MiniLM-L6-v2/tree/main?recursive=true&expand=false "HTTP/1.1 200 OK"]
[2026-03-25 17:08:50,296: INFO: _client: HTTP Request: HEAD https://huggingface.co/cross-encoder/ms-marco-MiniLM-L-6-v2/resolve/main/README.md "HTTP/1.1 307 Temporary Redirect"]
[2026-03-25 17:08:50,584: INFO: _client: HTTP Request: HEAD https://huggingface.co/cross-encoder/ms-marco-MiniLM-L6-v2/resolve/main/README.md "HTTP/1.1 307 Temporary Redirect"]
[2026-03-25 17:08:50,659: INFO: _client: HTTP Request: HEAD https://huggingface.co/api/resolve-cache/models/cross-encoder/ms-marco-MiniLM-L6-v2/c5ee24cb16019beea0893ab7796b1df96625c6b8/README.md "HTTP/1.1 200 OK"]
[2026-03-25 17:08:50,670: INFO: CrossEncoder: Use pytorch device: cpu]
[2026-03-25 17:08:50,960: INFO: _client: HTTP Request: GET https://huggingface.co/api/models/cross-encoder/ms-marco-MiniLM-L-6-v2 "HTTP/1.1 307 Temporary Redirect"]
[2026-03-25 17:08:51,276: INFO: _client: HTTP Request: GET https://huggingface.co/api/models/cross-encoder/ms-marco-MiniLM-L6-v2 "HTTP/1.1 200 OK"]
[2026-03-25 17:08:51,277: INFO: token: Entering access token validation method ]
[2026-03-25 17:08:51,334: INFO: guardrails_check: NeMo Guardrails loaded successfully.]
[2026-03-25 17:09:14,969: ERROR: app: Chat endpoint error: 'dict' object has no attribute 'headers']
[2026-03-25 17:11:48,281: INFO: utils: NumExpr defaulting to 8 threads.]
[2026-03-25 17:11:57,554: INFO: common: yaml file: config\config.yaml loaded successfully]
[2026-03-25 17:11:57,961: INFO: _client: HTTP Request: GET http://10.192.5.51:8000/api/v2/auth/identity "HTTP/1.1 200 OK"]
[2026-03-25 17:11:58,028: INFO: _client: HTTP Request: GET http://10.192.5.51:8000/api/v2/tenants/default_tenant "HTTP/1.1 200 OK"]
[2026-03-25 17:11:58,047: INFO: _client: HTTP Request: GET http://10.192.5.51:8000/api/v2/tenants/default_tenant/databases/default_database "HTTP/1.1 200 OK"]
[2026-03-25 17:12:02,250: INFO: gcp: Attempt 1: GCP default credentials loaded and project 'macomai-441611' obtained.]
[2026-03-25 17:12:04,452: INFO: Login: Entering the login process function]
[2026-03-25 17:12:04,882: INFO: Login: Token and session updated for user: 101373]
[2026-03-25 17:12:11,614: INFO: chatprocess: Initializing vector store with collection]
[2026-03-25 17:12:11,694: INFO: _client: HTTP Request: POST http://10.192.5.51:8000/api/v2/tenants/default_tenant/databases/default_database/collections "HTTP/1.1 200 OK"]
[2026-03-25 17:12:11,715: INFO: _client: HTTP Request: GET http://10.192.5.51:8000/api/v2/tenants/default_tenant/databases/default_database/collections/91518b3b-a2d1-4c38-b8df-01b360936d38/count?read_level=index_and_wal "HTTP/1.1 200 OK"]
[2026-03-25 17:12:11,726: INFO: chatprocess: Connected to Chroma server - Collection 'langchain' has 3764 documents]
[2026-03-25 17:12:12,135: INFO: _client: HTTP Request: HEAD https://huggingface.co/cross-encoder/ms-marco-MiniLM-L-6-v2/resolve/main/config.json "HTTP/1.1 307 Temporary Redirect"]
[2026-03-25 17:12:12,378: INFO: _client: HTTP Request: HEAD https://huggingface.co/cross-encoder/ms-marco-MiniLM-L6-v2/resolve/main/config.json "HTTP/1.1 307 Temporary Redirect"]
[2026-03-25 17:12:12,413: INFO: _client: HTTP Request: HEAD https://huggingface.co/api/resolve-cache/models/cross-encoder/ms-marco-MiniLM-L6-v2/c5ee24cb16019beea0893ab7796b1df96625c6b8/config.json "HTTP/1.1 200 OK"]
[2026-03-25 17:12:13,460: INFO: _client: HTTP Request: HEAD https://huggingface.co/cross-encoder/ms-marco-MiniLM-L-6-v2/resolve/main/config.json "HTTP/1.1 307 Temporary Redirect"]
[2026-03-25 17:12:13,695: INFO: _client: HTTP Request: HEAD https://huggingface.co/cross-encoder/ms-marco-MiniLM-L6-v2/resolve/main/config.json "HTTP/1.1 307 Temporary Redirect"]
[2026-03-25 17:12:13,731: INFO: _client: HTTP Request: HEAD https://huggingface.co/api/resolve-cache/models/cross-encoder/ms-marco-MiniLM-L6-v2/c5ee24cb16019beea0893ab7796b1df96625c6b8/config.json "HTTP/1.1 200 OK"]
[2026-03-25 17:12:13,981: INFO: _client: HTTP Request: HEAD https://huggingface.co/cross-encoder/ms-marco-MiniLM-L-6-v2/resolve/main/tokenizer_config.json "HTTP/1.1 307 Temporary Redirect"]
[2026-03-25 17:12:14,236: INFO: _client: HTTP Request: HEAD https://huggingface.co/cross-encoder/ms-marco-MiniLM-L6-v2/resolve/main/tokenizer_config.json "HTTP/1.1 307 Temporary Redirect"]
[2026-03-25 17:12:14,264: INFO: _client: HTTP Request: HEAD https://huggingface.co/api/resolve-cache/models/cross-encoder/ms-marco-MiniLM-L6-v2/c5ee24cb16019beea0893ab7796b1df96625c6b8/tokenizer_config.json "HTTP/1.1 200 OK"]
[2026-03-25 17:12:14,526: INFO: _client: HTTP Request: GET https://huggingface.co/api/models/cross-encoder/ms-marco-MiniLM-L-6-v2/tree/main/additional_chat_templates?recursive=false&expand=false "HTTP/1.1 307 Temporary Redirect"]
[2026-03-25 17:12:14,757: INFO: _client: HTTP Request: GET https://huggingface.co/api/models/cross-encoder/ms-marco-MiniLM-L6-v2/tree/main/additional_chat_templates?recursive=false&expand=false "HTTP/1.1 404 Not Found"]
[2026-03-25 17:12:15,011: INFO: _client: HTTP Request: GET https://huggingface.co/api/models/cross-encoder/ms-marco-MiniLM-L-6-v2/tree/main?recursive=true&expand=false "HTTP/1.1 307 Temporary Redirect"]
[2026-03-25 17:12:15,260: INFO: _client: HTTP Request: GET https://huggingface.co/api/models/cross-encoder/ms-marco-MiniLM-L6-v2/tree/main?recursive=true&expand=false "HTTP/1.1 200 OK"]
[2026-03-25 17:12:15,610: INFO: _client: HTTP Request: HEAD https://huggingface.co/cross-encoder/ms-marco-MiniLM-L-6-v2/resolve/main/README.md "HTTP/1.1 307 Temporary Redirect"]
[2026-03-25 17:12:15,860: INFO: _client: HTTP Request: HEAD https://huggingface.co/cross-encoder/ms-marco-MiniLM-L6-v2/resolve/main/README.md "HTTP/1.1 307 Temporary Redirect"]
[2026-03-25 17:12:15,898: INFO: _client: HTTP Request: HEAD https://huggingface.co/api/resolve-cache/models/cross-encoder/ms-marco-MiniLM-L6-v2/c5ee24cb16019beea0893ab7796b1df96625c6b8/README.md "HTTP/1.1 200 OK"]
[2026-03-25 17:12:15,898: INFO: CrossEncoder: Use pytorch device: cpu]
[2026-03-25 17:12:16,148: INFO: _client: HTTP Request: GET https://huggingface.co/api/models/cross-encoder/ms-marco-MiniLM-L-6-v2 "HTTP/1.1 307 Temporary Redirect"]
[2026-03-25 17:12:16,400: INFO: _client: HTTP Request: GET https://huggingface.co/api/models/cross-encoder/ms-marco-MiniLM-L6-v2 "HTTP/1.1 200 OK"]
[2026-03-25 17:12:16,412: INFO: token: Entering access token validation method ]
[2026-03-25 17:12:16,452: INFO: guardrails_check: NeMo Guardrails loaded successfully.]
[2026-03-25 17:14:43,637: INFO: utils: NumExpr defaulting to 8 threads.]
[2026-03-25 17:14:53,832: INFO: common: yaml file: config\config.yaml loaded successfully]
[2026-03-25 17:14:54,305: INFO: _client: HTTP Request: GET http://10.192.5.51:8000/api/v2/auth/identity "HTTP/1.1 200 OK"]
[2026-03-25 17:14:54,393: INFO: _client: HTTP Request: GET http://10.192.5.51:8000/api/v2/tenants/default_tenant "HTTP/1.1 200 OK"]
[2026-03-25 17:14:54,408: INFO: _client: HTTP Request: GET http://10.192.5.51:8000/api/v2/tenants/default_tenant/databases/default_database "HTTP/1.1 200 OK"]
[2026-03-25 17:14:58,434: INFO: gcp: Attempt 1: GCP default credentials loaded and project 'macomai-441611' obtained.]
[2026-03-25 17:15:00,691: INFO: Login: Entering the login process function]
[2026-03-25 17:15:00,999: INFO: Login: Token and session updated for user: 101373]
[2026-03-25 17:15:11,349: INFO: chatprocess: Initializing vector store with collection]
[2026-03-25 17:15:11,414: INFO: _client: HTTP Request: POST http://10.192.5.51:8000/api/v2/tenants/default_tenant/databases/default_database/collections "HTTP/1.1 200 OK"]
[2026-03-25 17:15:11,438: INFO: _client: HTTP Request: GET http://10.192.5.51:8000/api/v2/tenants/default_tenant/databases/default_database/collections/91518b3b-a2d1-4c38-b8df-01b360936d38/count?read_level=index_and_wal "HTTP/1.1 200 OK"]
[2026-03-25 17:15:11,438: INFO: chatprocess: Connected to Chroma server - Collection 'langchain' has 3764 documents]
[2026-03-25 17:15:12,001: INFO: _client: HTTP Request: HEAD https://huggingface.co/cross-encoder/ms-marco-MiniLM-L-6-v2/resolve/main/config.json "HTTP/1.1 307 Temporary Redirect"]
[2026-03-25 17:15:12,291: INFO: _client: HTTP Request: HEAD https://huggingface.co/cross-encoder/ms-marco-MiniLM-L6-v2/resolve/main/config.json "HTTP/1.1 307 Temporary Redirect"]
[2026-03-25 17:15:12,365: INFO: _client: HTTP Request: HEAD https://huggingface.co/api/resolve-cache/models/cross-encoder/ms-marco-MiniLM-L6-v2/c5ee24cb16019beea0893ab7796b1df96625c6b8/config.json "HTTP/1.1 200 OK"]
[2026-03-25 17:15:13,401: INFO: _client: HTTP Request: HEAD https://huggingface.co/cross-encoder/ms-marco-MiniLM-L-6-v2/resolve/main/config.json "HTTP/1.1 307 Temporary Redirect"]
[2026-03-25 17:15:13,687: INFO: _client: HTTP Request: HEAD https://huggingface.co/cross-encoder/ms-marco-MiniLM-L6-v2/resolve/main/config.json "HTTP/1.1 307 Temporary Redirect"]
[2026-03-25 17:15:13,776: INFO: _client: HTTP Request: HEAD https://huggingface.co/api/resolve-cache/models/cross-encoder/ms-marco-MiniLM-L6-v2/c5ee24cb16019beea0893ab7796b1df96625c6b8/config.json "HTTP/1.1 200 OK"]
[2026-03-25 17:15:14,120: INFO: _client: HTTP Request: HEAD https://huggingface.co/cross-encoder/ms-marco-MiniLM-L-6-v2/resolve/main/tokenizer_config.json "HTTP/1.1 307 Temporary Redirect"]
[2026-03-25 17:15:14,403: INFO: _client: HTTP Request: HEAD https://huggingface.co/cross-encoder/ms-marco-MiniLM-L6-v2/resolve/main/tokenizer_config.json "HTTP/1.1 307 Temporary Redirect"]
[2026-03-25 17:15:14,481: INFO: _client: HTTP Request: HEAD https://huggingface.co/api/resolve-cache/models/cross-encoder/ms-marco-MiniLM-L6-v2/c5ee24cb16019beea0893ab7796b1df96625c6b8/tokenizer_config.json "HTTP/1.1 200 OK"]
[2026-03-25 17:15:14,804: INFO: _client: HTTP Request: GET https://huggingface.co/api/models/cross-encoder/ms-marco-MiniLM-L-6-v2/tree/main/additional_chat_templates?recursive=false&expand=false "HTTP/1.1 307 Temporary Redirect"]
[2026-03-25 17:15:15,091: INFO: _client: HTTP Request: GET https://huggingface.co/api/models/cross-encoder/ms-marco-MiniLM-L6-v2/tree/main/additional_chat_templates?recursive=false&expand=false "HTTP/1.1 404 Not Found"]
[2026-03-25 17:15:15,384: INFO: _client: HTTP Request: GET https://huggingface.co/api/models/cross-encoder/ms-marco-MiniLM-L-6-v2/tree/main?recursive=true&expand=false "HTTP/1.1 307 Temporary Redirect"]
[2026-03-25 17:15:15,703: INFO: _client: HTTP Request: GET https://huggingface.co/api/models/cross-encoder/ms-marco-MiniLM-L6-v2/tree/main?recursive=true&expand=false "HTTP/1.1 200 OK"]
[2026-03-25 17:15:16,169: INFO: _client: HTTP Request: HEAD https://huggingface.co/cross-encoder/ms-marco-MiniLM-L-6-v2/resolve/main/README.md "HTTP/1.1 307 Temporary Redirect"]
[2026-03-25 17:15:16,463: INFO: _client: HTTP Request: HEAD https://huggingface.co/cross-encoder/ms-marco-MiniLM-L6-v2/resolve/main/README.md "HTTP/1.1 307 Temporary Redirect"]
[2026-03-25 17:15:16,542: INFO: _client: HTTP Request: HEAD https://huggingface.co/api/resolve-cache/models/cross-encoder/ms-marco-MiniLM-L6-v2/c5ee24cb16019beea0893ab7796b1df96625c6b8/README.md "HTTP/1.1 200 OK"]
[2026-03-25 17:15:16,555: INFO: CrossEncoder: Use pytorch device: cpu]
[2026-03-25 17:15:16,864: INFO: _client: HTTP Request: GET https://huggingface.co/api/models/cross-encoder/ms-marco-MiniLM-L-6-v2 "HTTP/1.1 307 Temporary Redirect"]
[2026-03-25 17:15:17,169: INFO: _client: HTTP Request: GET https://huggingface.co/api/models/cross-encoder/ms-marco-MiniLM-L6-v2 "HTTP/1.1 200 OK"]
[2026-03-25 17:15:17,216: INFO: token: Entering access token validation method ]
[2026-03-25 17:15:17,275: INFO: guardrails_check: NeMo Guardrails loaded successfully.]
[2026-03-25 17:20:51,502: INFO: utils: NumExpr defaulting to 8 threads.]
[2026-03-25 17:21:02,149: INFO: common: yaml file: config\config.yaml loaded successfully]
[2026-03-25 17:21:02,654: INFO: _client: HTTP Request: GET http://10.192.5.51:8000/api/v2/auth/identity "HTTP/1.1 200 OK"]
[2026-03-25 17:21:02,718: INFO: _client: HTTP Request: GET http://10.192.5.51:8000/api/v2/tenants/default_tenant "HTTP/1.1 200 OK"]
[2026-03-25 17:21:02,735: INFO: _client: HTTP Request: GET http://10.192.5.51:8000/api/v2/tenants/default_tenant/databases/default_database "HTTP/1.1 200 OK"]
[2026-03-25 17:21:06,849: INFO: gcp: Attempt 1: GCP default credentials loaded and project 'macomai-441611' obtained.]
[2026-03-25 17:21:08,990: INFO: Login: Entering the login process function]
[2026-03-25 17:21:09,299: INFO: Login: Token and session updated for user: 101373]
[2026-03-25 17:21:47,589: INFO: chatprocess: Initializing vector store with collection]
[2026-03-25 17:21:47,667: INFO: _client: HTTP Request: POST http://10.192.5.51:8000/api/v2/tenants/default_tenant/databases/default_database/collections "HTTP/1.1 200 OK"]
[2026-03-25 17:21:47,691: INFO: _client: HTTP Request: GET http://10.192.5.51:8000/api/v2/tenants/default_tenant/databases/default_database/collections/91518b3b-a2d1-4c38-b8df-01b360936d38/count?read_level=index_and_wal "HTTP/1.1 200 OK"]
[2026-03-25 17:21:47,691: INFO: chatprocess: Connected to Chroma server - Collection 'langchain' has 3764 documents]
[2026-03-25 17:21:48,239: INFO: _client: HTTP Request: HEAD https://huggingface.co/cross-encoder/ms-marco-MiniLM-L-6-v2/resolve/main/config.json "HTTP/1.1 307 Temporary Redirect"]
[2026-03-25 17:21:48,573: INFO: _client: HTTP Request: HEAD https://huggingface.co/cross-encoder/ms-marco-MiniLM-L6-v2/resolve/main/config.json "HTTP/1.1 307 Temporary Redirect"]
[2026-03-25 17:21:48,648: INFO: _client: HTTP Request: HEAD https://huggingface.co/api/resolve-cache/models/cross-encoder/ms-marco-MiniLM-L6-v2/c5ee24cb16019beea0893ab7796b1df96625c6b8/config.json "HTTP/1.1 200 OK"]
[2026-03-25 17:21:49,670: INFO: _client: HTTP Request: HEAD https://huggingface.co/cross-encoder/ms-marco-MiniLM-L-6-v2/resolve/main/config.json "HTTP/1.1 307 Temporary Redirect"]
[2026-03-25 17:21:49,949: INFO: _client: HTTP Request: HEAD https://huggingface.co/cross-encoder/ms-marco-MiniLM-L6-v2/resolve/main/config.json "HTTP/1.1 307 Temporary Redirect"]
[2026-03-25 17:21:50,029: INFO: _client: HTTP Request: HEAD https://huggingface.co/api/resolve-cache/models/cross-encoder/ms-marco-MiniLM-L6-v2/c5ee24cb16019beea0893ab7796b1df96625c6b8/config.json "HTTP/1.1 200 OK"]
[2026-03-25 17:21:50,319: INFO: _client: HTTP Request: HEAD https://huggingface.co/cross-encoder/ms-marco-MiniLM-L-6-v2/resolve/main/tokenizer_config.json "HTTP/1.1 307 Temporary Redirect"]
[2026-03-25 17:21:50,603: INFO: _client: HTTP Request: HEAD https://huggingface.co/cross-encoder/ms-marco-MiniLM-L6-v2/resolve/main/tokenizer_config.json "HTTP/1.1 307 Temporary Redirect"]
[2026-03-25 17:21:50,677: INFO: _client: HTTP Request: HEAD https://huggingface.co/api/resolve-cache/models/cross-encoder/ms-marco-MiniLM-L6-v2/c5ee24cb16019beea0893ab7796b1df96625c6b8/tokenizer_config.json "HTTP/1.1 200 OK"]
[2026-03-25 17:21:50,980: INFO: _client: HTTP Request: GET https://huggingface.co/api/models/cross-encoder/ms-marco-MiniLM-L-6-v2/tree/main/additional_chat_templates?recursive=false&expand=false "HTTP/1.1 307 Temporary Redirect"]
[2026-03-25 17:21:51,269: INFO: _client: HTTP Request: GET https://huggingface.co/api/models/cross-encoder/ms-marco-MiniLM-L6-v2/tree/main/additional_chat_templates?recursive=false&expand=false "HTTP/1.1 404 Not Found"]
[2026-03-25 17:21:51,549: INFO: _client: HTTP Request: GET https://huggingface.co/api/models/cross-encoder/ms-marco-MiniLM-L-6-v2/tree/main?recursive=true&expand=false "HTTP/1.1 307 Temporary Redirect"]
[2026-03-25 17:21:51,833: INFO: _client: HTTP Request: GET https://huggingface.co/api/models/cross-encoder/ms-marco-MiniLM-L6-v2/tree/main?recursive=true&expand=false "HTTP/1.1 200 OK"]
[2026-03-25 17:21:52,214: INFO: _client: HTTP Request: HEAD https://huggingface.co/cross-encoder/ms-marco-MiniLM-L-6-v2/resolve/main/README.md "HTTP/1.1 307 Temporary Redirect"]
[2026-03-25 17:21:52,501: INFO: _client: HTTP Request: HEAD https://huggingface.co/cross-encoder/ms-marco-MiniLM-L6-v2/resolve/main/README.md "HTTP/1.1 307 Temporary Redirect"]
[2026-03-25 17:21:52,574: INFO: _client: HTTP Request: HEAD https://huggingface.co/api/resolve-cache/models/cross-encoder/ms-marco-MiniLM-L6-v2/c5ee24cb16019beea0893ab7796b1df96625c6b8/README.md "HTTP/1.1 200 OK"]
[2026-03-25 17:21:52,579: INFO: CrossEncoder: Use pytorch device: cpu]
[2026-03-25 17:21:52,885: INFO: _client: HTTP Request: GET https://huggingface.co/api/models/cross-encoder/ms-marco-MiniLM-L-6-v2 "HTTP/1.1 307 Temporary Redirect"]
[2026-03-25 17:21:53,181: INFO: _client: HTTP Request: GET https://huggingface.co/api/models/cross-encoder/ms-marco-MiniLM-L6-v2 "HTTP/1.1 200 OK"]
[2026-03-25 17:21:53,197: INFO: token: Entering access token validation method ]
[2026-03-25 17:21:53,240: INFO: guardrails_check: NeMo Guardrails loaded successfully.]
[2026-03-25 17:24:03,861: ERROR: chatprocess: ERROR IN VALIDATION/RAG CHAIN]
[2026-03-25 17:28:00,962: INFO: utils: NumExpr defaulting to 8 threads.]
[2026-03-25 17:28:17,691: INFO: common: yaml file: config\config.yaml loaded successfully]
[2026-03-25 17:28:18,223: INFO: _client: HTTP Request: GET http://10.192.5.51:8000/api/v2/auth/identity "HTTP/1.1 200 OK"]
[2026-03-25 17:28:18,291: INFO: _client: HTTP Request: GET http://10.192.5.51:8000/api/v2/tenants/default_tenant "HTTP/1.1 200 OK"]
[2026-03-25 17:28:18,320: INFO: _client: HTTP Request: GET http://10.192.5.51:8000/api/v2/tenants/default_tenant/databases/default_database "HTTP/1.1 200 OK"]
[2026-03-25 17:28:22,223: INFO: gcp: Attempt 1: GCP default credentials loaded and project 'macomai-441611' obtained.]
[2026-03-25 17:28:24,709: INFO: Login: Entering the login process function]
[2026-03-25 17:28:25,101: INFO: Login: Token and session updated for user: 101373]
[2026-03-25 17:28:31,782: INFO: chatprocess: Initializing vector store with collection]
[2026-03-25 17:28:31,894: INFO: _client: HTTP Request: POST http://10.192.5.51:8000/api/v2/tenants/default_tenant/databases/default_database/collections "HTTP/1.1 200 OK"]
[2026-03-25 17:28:31,908: INFO: _client: HTTP Request: GET http://10.192.5.51:8000/api/v2/tenants/default_tenant/databases/default_database/collections/91518b3b-a2d1-4c38-b8df-01b360936d38/count?read_level=index_and_wal "HTTP/1.1 200 OK"]
[2026-03-25 17:28:31,908: INFO: chatprocess: Connected to Chroma server - Collection 'langchain' has 3764 documents]
[2026-03-25 17:28:32,458: INFO: _client: HTTP Request: HEAD https://huggingface.co/cross-encoder/ms-marco-MiniLM-L-6-v2/resolve/main/config.json "HTTP/1.1 307 Temporary Redirect"]
[2026-03-25 17:28:32,758: INFO: _client: HTTP Request: HEAD https://huggingface.co/cross-encoder/ms-marco-MiniLM-L6-v2/resolve/main/config.json "HTTP/1.1 307 Temporary Redirect"]
[2026-03-25 17:28:32,845: INFO: _client: HTTP Request: HEAD https://huggingface.co/api/resolve-cache/models/cross-encoder/ms-marco-MiniLM-L6-v2/c5ee24cb16019beea0893ab7796b1df96625c6b8/config.json "HTTP/1.1 200 OK"]
[2026-03-25 17:28:33,736: INFO: _client: HTTP Request: HEAD https://huggingface.co/cross-encoder/ms-marco-MiniLM-L-6-v2/resolve/main/config.json "HTTP/1.1 307 Temporary Redirect"]
[2026-03-25 17:28:34,016: INFO: _client: HTTP Request: HEAD https://huggingface.co/cross-encoder/ms-marco-MiniLM-L6-v2/resolve/main/config.json "HTTP/1.1 307 Temporary Redirect"]
[2026-03-25 17:28:34,086: INFO: _client: HTTP Request: HEAD https://huggingface.co/api/resolve-cache/models/cross-encoder/ms-marco-MiniLM-L6-v2/c5ee24cb16019beea0893ab7796b1df96625c6b8/config.json "HTTP/1.1 200 OK"]
[2026-03-25 17:28:34,371: INFO: _client: HTTP Request: HEAD https://huggingface.co/cross-encoder/ms-marco-MiniLM-L-6-v2/resolve/main/tokenizer_config.json "HTTP/1.1 307 Temporary Redirect"]
[2026-03-25 17:28:34,666: INFO: _client: HTTP Request: HEAD https://huggingface.co/cross-encoder/ms-marco-MiniLM-L6-v2/resolve/main/tokenizer_config.json "HTTP/1.1 307 Temporary Redirect"]
[2026-03-25 17:28:34,736: INFO: _client: HTTP Request: HEAD https://huggingface.co/api/resolve-cache/models/cross-encoder/ms-marco-MiniLM-L6-v2/c5ee24cb16019beea0893ab7796b1df96625c6b8/tokenizer_config.json "HTTP/1.1 200 OK"]
[2026-03-25 17:28:35,032: INFO: _client: HTTP Request: GET https://huggingface.co/api/models/cross-encoder/ms-marco-MiniLM-L-6-v2/tree/main/additional_chat_templates?recursive=false&expand=false "HTTP/1.1 307 Temporary Redirect"]
[2026-03-25 17:28:35,333: INFO: _client: HTTP Request: GET https://huggingface.co/api/models/cross-encoder/ms-marco-MiniLM-L6-v2/tree/main/additional_chat_templates?recursive=false&expand=false "HTTP/1.1 404 Not Found"]
[2026-03-25 17:28:35,627: INFO: _client: HTTP Request: GET https://huggingface.co/api/models/cross-encoder/ms-marco-MiniLM-L-6-v2/tree/main?recursive=true&expand=false "HTTP/1.1 307 Temporary Redirect"]
[2026-03-25 17:28:35,916: INFO: _client: HTTP Request: GET https://huggingface.co/api/models/cross-encoder/ms-marco-MiniLM-L6-v2/tree/main?recursive=true&expand=false "HTTP/1.1 200 OK"]
[2026-03-25 17:28:36,263: INFO: _client: HTTP Request: HEAD https://huggingface.co/cross-encoder/ms-marco-MiniLM-L-6-v2/resolve/main/README.md "HTTP/1.1 307 Temporary Redirect"]
[2026-03-25 17:28:36,568: INFO: _client: HTTP Request: HEAD https://huggingface.co/cross-encoder/ms-marco-MiniLM-L6-v2/resolve/main/README.md "HTTP/1.1 307 Temporary Redirect"]
[2026-03-25 17:28:36,638: INFO: _client: HTTP Request: HEAD https://huggingface.co/api/resolve-cache/models/cross-encoder/ms-marco-MiniLM-L6-v2/c5ee24cb16019beea0893ab7796b1df96625c6b8/README.md "HTTP/1.1 200 OK"]
[2026-03-25 17:28:36,648: INFO: CrossEncoder: Use pytorch device: cpu]
[2026-03-25 17:28:36,934: INFO: _client: HTTP Request: GET https://huggingface.co/api/models/cross-encoder/ms-marco-MiniLM-L-6-v2 "HTTP/1.1 307 Temporary Redirect"]
[2026-03-25 17:28:37,231: INFO: _client: HTTP Request: GET https://huggingface.co/api/models/cross-encoder/ms-marco-MiniLM-L6-v2 "HTTP/1.1 200 OK"]
[2026-03-25 17:28:37,260: INFO: token: Entering access token validation method ]
[2026-03-25 17:28:37,301: INFO: guardrails_check: NeMo Guardrails loaded successfully.]
[2026-03-25 17:31:12,435: INFO: utils: NumExpr defaulting to 8 threads.]
[2026-03-25 17:31:53,854: INFO: common: yaml file: config\config.yaml loaded successfully]
[2026-03-25 17:31:54,367: INFO: _client: HTTP Request: GET http://10.192.5.51:8000/api/v2/auth/identity "HTTP/1.1 200 OK"]
[2026-03-25 17:31:54,433: INFO: _client: HTTP Request: GET http://10.192.5.51:8000/api/v2/tenants/default_tenant "HTTP/1.1 200 OK"]
[2026-03-25 17:31:54,461: INFO: _client: HTTP Request: GET http://10.192.5.51:8000/api/v2/tenants/default_tenant/databases/default_database "HTTP/1.1 200 OK"]
[2026-03-25 17:31:59,033: INFO: gcp: Attempt 1: GCP default credentials loaded and project 'macomai-441611' obtained.]
[2026-03-25 17:32:01,632: INFO: Login: Entering the login process function]
[2026-03-25 17:32:02,116: INFO: Login: Token and session updated for user: 101373]
[2026-03-25 17:32:05,733: INFO: chatprocess: Initializing vector store with collection]
[2026-03-25 17:32:05,815: INFO: _client: HTTP Request: POST http://10.192.5.51:8000/api/v2/tenants/default_tenant/databases/default_database/collections "HTTP/1.1 200 OK"]
[2026-03-25 17:32:05,832: INFO: _client: HTTP Request: GET http://10.192.5.51:8000/api/v2/tenants/default_tenant/databases/default_database/collections/91518b3b-a2d1-4c38-b8df-01b360936d38/count?read_level=index_and_wal "HTTP/1.1 200 OK"]
[2026-03-25 17:32:05,832: INFO: chatprocess: Connected to Chroma server - Collection 'langchain' has 3764 documents]
[2026-03-25 17:32:06,266: INFO: _client: HTTP Request: HEAD https://huggingface.co/cross-encoder/ms-marco-MiniLM-L-6-v2/resolve/main/config.json "HTTP/1.1 307 Temporary Redirect"]
[2026-03-25 17:32:06,519: INFO: _client: HTTP Request: HEAD https://huggingface.co/cross-encoder/ms-marco-MiniLM-L6-v2/resolve/main/config.json "HTTP/1.1 307 Temporary Redirect"]
[2026-03-25 17:32:06,555: INFO: _client: HTTP Request: HEAD https://huggingface.co/api/resolve-cache/models/cross-encoder/ms-marco-MiniLM-L6-v2/c5ee24cb16019beea0893ab7796b1df96625c6b8/config.json "HTTP/1.1 200 OK"]
[2026-03-25 17:32:07,600: INFO: _client: HTTP Request: HEAD https://huggingface.co/cross-encoder/ms-marco-MiniLM-L-6-v2/resolve/main/config.json "HTTP/1.1 307 Temporary Redirect"]
[2026-03-25 17:32:07,835: INFO: _client: HTTP Request: HEAD https://huggingface.co/cross-encoder/ms-marco-MiniLM-L6-v2/resolve/main/config.json "HTTP/1.1 307 Temporary Redirect"]
[2026-03-25 17:32:07,869: INFO: _client: HTTP Request: HEAD https://huggingface.co/api/resolve-cache/models/cross-encoder/ms-marco-MiniLM-L6-v2/c5ee24cb16019beea0893ab7796b1df96625c6b8/config.json "HTTP/1.1 200 OK"]
[2026-03-25 17:32:08,136: INFO: _client: HTTP Request: HEAD https://huggingface.co/cross-encoder/ms-marco-MiniLM-L-6-v2/resolve/main/tokenizer_config.json "HTTP/1.1 307 Temporary Redirect"]
[2026-03-25 17:32:08,383: INFO: _client: HTTP Request: HEAD https://huggingface.co/cross-encoder/ms-marco-MiniLM-L6-v2/resolve/main/tokenizer_config.json "HTTP/1.1 307 Temporary Redirect"]
[2026-03-25 17:32:08,383: WARNING: _http: Warning: You are sending unauthenticated requests to the HF Hub. Please set a HF_TOKEN to enable higher rate limits and faster downloads.]
[2026-03-25 17:32:08,419: INFO: _client: HTTP Request: HEAD https://huggingface.co/api/resolve-cache/models/cross-encoder/ms-marco-MiniLM-L6-v2/c5ee24cb16019beea0893ab7796b1df96625c6b8/tokenizer_config.json "HTTP/1.1 200 OK"]
[2026-03-25 17:32:08,718: INFO: _client: HTTP Request: GET https://huggingface.co/api/models/cross-encoder/ms-marco-MiniLM-L-6-v2/tree/main/additional_chat_templates?recursive=false&expand=false "HTTP/1.1 307 Temporary Redirect"]
[2026-03-25 17:32:08,967: INFO: _client: HTTP Request: GET https://huggingface.co/api/models/cross-encoder/ms-marco-MiniLM-L6-v2/tree/main/additional_chat_templates?recursive=false&expand=false "HTTP/1.1 404 Not Found"]
[2026-03-25 17:32:09,218: INFO: _client: HTTP Request: GET https://huggingface.co/api/models/cross-encoder/ms-marco-MiniLM-L-6-v2/tree/main?recursive=true&expand=false "HTTP/1.1 307 Temporary Redirect"]
[2026-03-25 17:32:09,467: INFO: _client: HTTP Request: GET https://huggingface.co/api/models/cross-encoder/ms-marco-MiniLM-L6-v2/tree/main?recursive=true&expand=false "HTTP/1.1 200 OK"]
[2026-03-25 17:32:09,911: INFO: _client: HTTP Request: HEAD https://huggingface.co/cross-encoder/ms-marco-MiniLM-L-6-v2/resolve/main/README.md "HTTP/1.1 307 Temporary Redirect"]
[2026-03-25 17:32:10,150: INFO: _client: HTTP Request: HEAD https://huggingface.co/cross-encoder/ms-marco-MiniLM-L6-v2/resolve/main/README.md "HTTP/1.1 307 Temporary Redirect"]
[2026-03-25 17:32:10,186: INFO: _client: HTTP Request: HEAD https://huggingface.co/api/resolve-cache/models/cross-encoder/ms-marco-MiniLM-L6-v2/c5ee24cb16019beea0893ab7796b1df96625c6b8/README.md "HTTP/1.1 200 OK"]
[2026-03-25 17:32:10,203: INFO: CrossEncoder: Use pytorch device: cpu]
[2026-03-25 17:32:10,466: INFO: _client: HTTP Request: GET https://huggingface.co/api/models/cross-encoder/ms-marco-MiniLM-L-6-v2 "HTTP/1.1 307 Temporary Redirect"]
[2026-03-25 17:32:10,729: INFO: _client: HTTP Request: GET https://huggingface.co/api/models/cross-encoder/ms-marco-MiniLM-L6-v2 "HTTP/1.1 200 OK"]
[2026-03-25 17:32:10,734: INFO: token: Entering access token validation method ]
[2026-03-25 17:32:10,866: INFO: guardrails_check: NeMo Guardrails loaded successfully.]
[2026-03-25 17:33:05,335: ERROR: app: Chat endpoint error: Object of type JSONResponse is not JSON serializable]
[2026-03-25 17:34:11,966: INFO: utils: NumExpr defaulting to 8 threads.]
[2026-03-25 17:34:20,934: INFO: common: yaml file: config\config.yaml loaded successfully]
[2026-03-25 17:34:21,377: INFO: _client: HTTP Request: GET http://10.192.5.51:8000/api/v2/auth/identity "HTTP/1.1 200 OK"]
[2026-03-25 17:34:21,439: INFO: _client: HTTP Request: GET http://10.192.5.51:8000/api/v2/tenants/default_tenant "HTTP/1.1 200 OK"]
[2026-03-25 17:34:21,461: INFO: _client: HTTP Request: GET http://10.192.5.51:8000/api/v2/tenants/default_tenant/databases/default_database "HTTP/1.1 200 OK"]
[2026-03-25 17:34:25,464: INFO: gcp: Attempt 1: GCP default credentials loaded and project 'macomai-441611' obtained.]
[2026-03-25 17:34:27,842: INFO: Login: Entering the login process function]
[2026-03-25 17:34:28,166: INFO: Login: Token and session updated for user: 101373]
[2026-03-25 17:34:57,510: INFO: chatprocess: Initializing vector store with collection]
[2026-03-25 17:34:57,579: INFO: _client: HTTP Request: POST http://10.192.5.51:8000/api/v2/tenants/default_tenant/databases/default_database/collections "HTTP/1.1 200 OK"]
[2026-03-25 17:34:57,593: INFO: _client: HTTP Request: GET http://10.192.5.51:8000/api/v2/tenants/default_tenant/databases/default_database/collections/91518b3b-a2d1-4c38-b8df-01b360936d38/count?read_level=index_and_wal "HTTP/1.1 200 OK"]
[2026-03-25 17:34:57,593: INFO: chatprocess: Connected to Chroma server - Collection 'langchain' has 3764 documents]
[2026-03-25 17:35:02,345: INFO: _client: HTTP Request: HEAD https://huggingface.co/cross-encoder/ms-marco-MiniLM-L-6-v2/resolve/main/config.json "HTTP/1.1 307 Temporary Redirect"]
[2026-03-25 17:35:02,619: INFO: _client: HTTP Request: HEAD https://huggingface.co/cross-encoder/ms-marco-MiniLM-L6-v2/resolve/main/config.json "HTTP/1.1 307 Temporary Redirect"]
[2026-03-25 17:35:02,706: INFO: _client: HTTP Request: HEAD https://huggingface.co/api/resolve-cache/models/cross-encoder/ms-marco-MiniLM-L6-v2/c5ee24cb16019beea0893ab7796b1df96625c6b8/config.json "HTTP/1.1 200 OK"]
[2026-03-25 17:35:03,275: INFO: _client: HTTP Request: HEAD https://huggingface.co/cross-encoder/ms-marco-MiniLM-L-6-v2/resolve/main/config.json "HTTP/1.1 307 Temporary Redirect"]
[2026-03-25 17:35:03,566: INFO: _client: HTTP Request: HEAD https://huggingface.co/cross-encoder/ms-marco-MiniLM-L6-v2/resolve/main/config.json "HTTP/1.1 307 Temporary Redirect"]
[2026-03-25 17:35:03,636: INFO: _client: HTTP Request: HEAD https://huggingface.co/api/resolve-cache/models/cross-encoder/ms-marco-MiniLM-L6-v2/c5ee24cb16019beea0893ab7796b1df96625c6b8/config.json "HTTP/1.1 200 OK"]
[2026-03-25 17:35:03,935: INFO: _client: HTTP Request: HEAD https://huggingface.co/cross-encoder/ms-marco-MiniLM-L-6-v2/resolve/main/tokenizer_config.json "HTTP/1.1 307 Temporary Redirect"]
[2026-03-25 17:35:04,219: INFO: _client: HTTP Request: HEAD https://huggingface.co/cross-encoder/ms-marco-MiniLM-L6-v2/resolve/main/tokenizer_config.json "HTTP/1.1 307 Temporary Redirect"]
[2026-03-25 17:35:04,219: WARNING: _http: Warning: You are sending unauthenticated requests to the HF Hub. Please set a HF_TOKEN to enable higher rate limits and faster downloads.]
[2026-03-25 17:35:04,297: INFO: _client: HTTP Request: HEAD https://huggingface.co/api/resolve-cache/models/cross-encoder/ms-marco-MiniLM-L6-v2/c5ee24cb16019beea0893ab7796b1df96625c6b8/tokenizer_config.json "HTTP/1.1 200 OK"]
[2026-03-25 17:35:04,608: INFO: _client: HTTP Request: GET https://huggingface.co/api/models/cross-encoder/ms-marco-MiniLM-L-6-v2/tree/main/additional_chat_templates?recursive=false&expand=false "HTTP/1.1 307 Temporary Redirect"]
[2026-03-25 17:35:04,895: INFO: _client: HTTP Request: GET https://huggingface.co/api/models/cross-encoder/ms-marco-MiniLM-L6-v2/tree/main/additional_chat_templates?recursive=false&expand=false "HTTP/1.1 404 Not Found"]
[2026-03-25 17:35:05,179: INFO: _client: HTTP Request: GET https://huggingface.co/api/models/cross-encoder/ms-marco-MiniLM-L-6-v2/tree/main?recursive=true&expand=false "HTTP/1.1 307 Temporary Redirect"]
[2026-03-25 17:35:05,468: INFO: _client: HTTP Request: GET https://huggingface.co/api/models/cross-encoder/ms-marco-MiniLM-L6-v2/tree/main?recursive=true&expand=false "HTTP/1.1 200 OK"]
[2026-03-25 17:35:05,862: INFO: _client: HTTP Request: HEAD https://huggingface.co/cross-encoder/ms-marco-MiniLM-L-6-v2/resolve/main/README.md "HTTP/1.1 307 Temporary Redirect"]
[2026-03-25 17:35:06,145: INFO: _client: HTTP Request: HEAD https://huggingface.co/cross-encoder/ms-marco-MiniLM-L6-v2/resolve/main/README.md "HTTP/1.1 307 Temporary Redirect"]
[2026-03-25 17:35:06,217: INFO: _client: HTTP Request: HEAD https://huggingface.co/api/resolve-cache/models/cross-encoder/ms-marco-MiniLM-L6-v2/c5ee24cb16019beea0893ab7796b1df96625c6b8/README.md "HTTP/1.1 200 OK"]
[2026-03-25 17:35:06,227: INFO: CrossEncoder: Use pytorch device: cpu]
[2026-03-25 17:35:06,519: INFO: _client: HTTP Request: GET https://huggingface.co/api/models/cross-encoder/ms-marco-MiniLM-L-6-v2 "HTTP/1.1 307 Temporary Redirect"]
[2026-03-25 17:35:06,818: INFO: _client: HTTP Request: GET https://huggingface.co/api/models/cross-encoder/ms-marco-MiniLM-L6-v2 "HTTP/1.1 200 OK"]
[2026-03-25 17:35:06,834: INFO: token: Entering access token validation method ]
[2026-03-25 17:35:06,886: INFO: guardrails_check: NeMo Guardrails loaded successfully.]
